# 3ds Max Wavefront OBJ Exporter v0.97b - (c)2007 guruware
# ´´½¨µÄÎÄ¼ş:18.02.2020 11:27:02

mtllib substation_ht_1005_03.mtl

#
# object substation_ht_1005_03
#

v  -406.3546 47.6650 1258.1707
v  -406.3546 53.2905 1258.1707
v  -406.3546 53.2905 1245.1088
v  -406.3546 47.6650 1245.1088
v  -406.3546 47.6650 1177.1810
v  -406.3546 47.6650 1190.2430
v  -406.3546 53.2905 1190.2430
v  -406.3546 53.2905 1177.1810
v  -232.7950 47.6650 1258.1707
v  -232.7950 53.2905 1258.1707
v  -232.7950 53.2905 1177.1810
v  -232.7950 47.6650 1177.1810
v  -59.2355 47.6650 1258.1707
v  -59.2355 47.6650 1245.1088
v  -59.2355 53.2905 1245.1088
v  -59.2355 53.2905 1258.1707
v  -59.2355 47.6650 1177.1810
v  -59.2355 53.2905 1177.1810
v  -59.2355 53.2905 1190.2430
v  -59.2355 47.6650 1190.2430
v  -406.3546 47.8942 1245.1088
v  -406.3546 47.8942 1258.1707
v  -232.7950 47.8942 1258.1707
v  -232.7950 47.8942 1245.1088
v  -406.3546 42.2687 1258.1707
v  -406.3546 42.2687 1245.1088
v  -232.7950 -9.7397 1246.3679
v  -240.8134 -9.7397 1246.3679
v  -240.8134 -9.7397 1245.2642
v  -232.7950 -9.7397 1245.2642
v  -240.8134 13.9158 1245.2642
v  -240.8134 13.9158 1246.3679
v  -232.7950 13.9159 1246.3679
v  -232.7950 13.9159 1245.2642
v  -232.7950 15.7066 1255.8065
v  -242.1272 15.7066 1255.8065
v  -242.1272 15.7066 1244.7258
v  -232.7950 15.7066 1244.7258
v  -242.1272 18.7812 1244.7258
v  -242.1272 18.7812 1255.8065
v  -232.7950 18.7812 1255.8065
v  -232.7950 18.7812 1244.7258
v  -232.7950 -11.7223 1250.2842
v  -242.1272 -11.7223 1250.2842
v  -242.1272 -11.7223 1244.7258
v  -232.7950 -11.7223 1244.7258
v  -242.1272 -9.7526 1244.7258
v  -242.1272 -9.7526 1250.2842
v  -232.7950 -9.7526 1250.2842
v  -232.7950 -9.7526 1244.7258
v  -338.5974 -9.7397 1246.3679
v  -338.5974 -9.7397 1245.2642
v  -323.3222 -9.7397 1245.2642
v  -323.3222 -9.7397 1246.3679
v  -338.5974 13.9158 1246.3679
v  -323.3222 13.9159 1246.3679
v  -323.3222 13.9159 1245.2642
v  -338.5974 13.9158 1245.2642
v  -339.9112 15.7066 1255.8065
v  -339.9112 15.7066 1244.7258
v  -322.0461 15.7066 1244.7258
v  -322.0461 15.7066 1255.8065
v  -339.9112 18.7812 1255.8065
v  -322.0461 18.7812 1255.8065
v  -322.0461 18.7812 1244.7258
v  -339.9112 18.7812 1244.7258
v  -339.9112 -11.7223 1250.2842
v  -339.9112 -11.7223 1244.7258
v  -322.0461 -11.7223 1244.7258
v  -322.0461 -11.7223 1250.2842
v  -339.9112 -9.7526 1250.2842
v  -322.0461 -9.7526 1250.2842
v  -322.0461 -9.7526 1244.7258
v  -339.9112 -9.7526 1244.7258
v  -373.3592 -9.7397 1246.3679
v  -373.3592 -9.7397 1245.2642
v  -358.0839 -9.7397 1245.2642
v  -358.0839 -9.7397 1246.3679
v  -373.3592 13.9158 1246.3679
v  -358.0839 13.9159 1246.3679
v  -358.0839 13.9159 1245.2642
v  -373.3592 13.9158 1245.2642
v  -374.6730 15.7066 1255.8065
v  -374.6730 15.7066 1244.7258
v  -356.8082 15.7066 1244.7258
v  -356.8082 15.7066 1255.8065
v  -374.6730 18.7812 1255.8065
v  -356.8082 18.7812 1255.8065
v  -356.8082 18.7812 1244.7258
v  -374.6730 18.7812 1244.7258
v  -374.6730 -11.7223 1250.2842
v  -374.6730 -11.7223 1244.7258
v  -356.8082 -11.7223 1244.7258
v  -356.8082 -11.7223 1250.2842
v  -374.6730 -9.7526 1250.2842
v  -356.8082 -9.7526 1250.2842
v  -356.8082 -9.7526 1244.7258
v  -374.6730 -9.7526 1244.7258
v  -390.8806 -0.4251 1245.3279
v  -390.8806 -0.4251 1245.8982
v  -395.2776 -0.4251 1245.8982
v  -395.2776 -0.4251 1245.3303
v  -390.8806 15.6774 1245.3279
v  -395.2776 15.6774 1245.3303
v  -395.2776 15.6774 1245.8982
v  -390.8806 15.6774 1245.8982
v  -275.6606 47.1607 1246.3679
v  -275.6606 47.1607 1245.2642
v  -260.3853 47.1607 1245.2643
v  -260.3853 47.1607 1246.3679
v  -275.6606 70.8162 1246.3679
v  -260.3853 70.8162 1246.3679
v  -260.3853 70.8162 1245.2643
v  -275.6606 70.8162 1245.2642
v  -276.9744 72.6070 1255.8064
v  -276.9744 72.6070 1244.7257
v  -259.1095 72.6070 1244.7258
v  -259.1095 72.6070 1255.8065
v  -276.9744 75.6815 1255.8064
v  -259.1095 75.6815 1255.8065
v  -259.1095 75.6815 1244.7258
v  -276.9744 75.6815 1244.7257
v  -255.9870 65.0367 1255.8064
v  -255.9870 65.0367 1244.7257
v  -242.1937 65.0367 1244.7258
v  -242.1937 65.0367 1255.8065
v  -255.9870 68.1112 1255.8064
v  -242.1937 68.1112 1255.8065
v  -242.1937 68.1112 1244.7258
v  -255.9870 68.1112 1244.7257
v  -245.9689 46.2832 1245.3279
v  -245.9689 46.2832 1245.8982
v  -252.8724 46.2832 1245.8982
v  -252.8724 46.2832 1245.3279
v  -245.9689 62.3857 1245.3279
v  -252.8724 62.3857 1245.3279
v  -252.8724 62.3857 1245.8982
v  -245.9689 62.3857 1245.8982
v  -395.2951 47.1607 1246.3679
v  -395.2951 47.1607 1245.2642
v  -380.0197 47.1607 1245.2643
v  -380.0197 47.1607 1246.3679
v  -395.2951 70.8162 1246.3679
v  -380.0197 70.8162 1246.3679
v  -380.0197 70.8162 1245.2643
v  -395.2951 70.8162 1245.2642
v  -396.6090 72.6070 1255.8064
v  -396.6090 72.6070 1244.7257
v  -378.7441 72.6070 1244.7258
v  -378.7441 72.6070 1255.8065
v  -396.6090 75.6815 1255.8064
v  -378.7441 75.6815 1255.8065
v  -378.7441 75.6815 1244.7258
v  -396.6090 75.6815 1244.7257
v  -373.2968 65.0367 1255.8064
v  -373.2968 65.0367 1244.7257
v  -359.5036 65.0367 1244.7258
v  -359.5036 65.0367 1255.8065
v  -373.2968 68.1112 1255.8064
v  -359.5036 68.1112 1255.8065
v  -359.5036 68.1112 1244.7258
v  -373.2968 68.1112 1244.7257
v  -363.2787 46.2832 1245.3279
v  -363.2787 46.2832 1245.8982
v  -370.1822 46.2832 1245.8982
v  -370.1822 46.2832 1245.3279
v  -363.2787 62.3857 1245.3279
v  -370.1822 62.3857 1245.3279
v  -370.1822 62.3857 1245.8982
v  -363.2787 62.3857 1245.8982
v  -323.1873 47.1607 1246.3679
v  -323.1873 47.1607 1245.2642
v  -307.9119 47.1607 1245.2643
v  -307.9119 47.1607 1246.3679
v  -323.1873 70.8162 1246.3679
v  -307.9119 70.8162 1246.3679
v  -307.9119 70.8162 1245.2643
v  -323.1873 70.8162 1245.2642
v  -324.5012 72.6070 1255.8064
v  -324.5012 72.6070 1244.7257
v  -306.6362 72.6070 1244.7258
v  -306.6362 72.6070 1255.8065
v  -324.5012 75.6815 1255.8064
v  -306.6362 75.6815 1255.8065
v  -306.6362 75.6815 1244.7258
v  -324.5012 75.6815 1244.7257
v  -304.9384 65.0367 1255.8064
v  -304.9384 65.0367 1244.7257
v  -291.1451 65.0367 1244.7258
v  -291.1451 65.0367 1255.8065
v  -304.9384 68.1112 1255.8064
v  -291.1451 68.1112 1255.8065
v  -291.1451 68.1112 1244.7258
v  -304.9384 68.1112 1244.7257
v  -294.9203 46.2832 1245.3279
v  -294.9203 46.2832 1245.8982
v  -301.8237 46.2832 1245.8982
v  -301.8237 46.2832 1245.3279
v  -294.9203 62.3857 1245.3279
v  -301.8237 62.3857 1245.3279
v  -301.8237 62.3857 1245.8982
v  -294.9203 62.3857 1245.8982
v  -406.3806 51.8655 1223.1610
v  -406.3807 51.8655 1234.9542
v  -407.1683 51.8655 1234.9542
v  -407.1683 51.8655 1223.1610
v  -406.3806 64.4221 1223.1610
v  -407.1683 64.4221 1223.1610
v  -407.1683 64.4221 1234.9542
v  -406.3807 64.4221 1234.9542
v  -280.3529 91.6218 1246.8168
v  -280.3529 90.5540 1246.9983
v  -281.3205 90.5540 1247.5568
v  -281.4703 91.8756 1247.2280
v  -281.4703 92.3832 1248.0507
v  -281.4234 90.4423 1248.7936
v  -280.3529 92.6369 1248.4619
v  -280.3529 90.4423 1249.4116
v  -279.2826 90.4423 1248.7936
v  -279.2358 92.3832 1248.0507
v  -279.3855 90.5540 1247.5568
v  -279.2358 91.8756 1247.2280
v  -280.3529 92.2585 1243.4636
v  -280.3529 91.9385 1245.3940
v  -281.4234 92.5518 1245.4700
v  -281.4234 92.8719 1243.4668
v  -281.4234 93.7785 1245.6216
v  -281.4234 94.0986 1243.4734
v  -280.3529 94.3918 1245.6975
v  -280.3529 94.7120 1243.4766
v  -279.2826 94.0986 1243.4734
v  -279.2826 93.7785 1245.6216
v  -279.2826 92.8719 1243.4668
v  -279.2826 92.5518 1245.4700
v  -280.3529 -12.3755 1246.9395
v  -281.4234 -12.3755 1247.5575
v  -281.4234 -12.3755 1248.7936
v  -280.3529 -12.3755 1249.4116
v  -279.2826 -12.3755 1248.7936
v  -279.2826 -12.3755 1247.5575
v  -398.9626 91.6218 1246.8168
v  -398.9626 90.5540 1246.9983
v  -399.9302 90.5540 1247.5568
v  -400.0800 91.8756 1247.2280
v  -400.0800 92.3832 1248.0507
v  -400.0331 90.4423 1248.7936
v  -398.9626 92.6369 1248.4619
v  -398.9626 90.4423 1249.4116
v  -397.8923 90.4423 1248.7936
v  -397.8455 92.3832 1248.0507
v  -397.9952 90.5540 1247.5568
v  -397.8455 91.8756 1247.2280
v  -398.9626 92.2585 1243.4636
v  -398.9626 91.9385 1245.3940
v  -400.0331 92.5518 1245.4700
v  -400.0331 92.8719 1243.4668
v  -400.0331 93.7785 1245.6216
v  -400.0331 94.0986 1243.4734
v  -398.9626 94.3918 1245.6975
v  -398.9626 94.7120 1243.4766
v  -397.8923 94.0986 1243.4734
v  -397.8923 93.7785 1245.6216
v  -397.8923 92.8719 1243.4668
v  -397.8923 92.5518 1245.4700
v  -398.9626 -12.3755 1246.9395
v  -400.0331 -12.3755 1247.5575
v  -400.0331 -12.3755 1248.7936
v  -398.9626 -12.3755 1249.4116
v  -397.8923 -12.3755 1248.7936
v  -397.8923 -12.3755 1247.5575
v  -293.9402 79.0870 1247.8386
v  -292.8724 79.0870 1248.0200
v  -292.8724 78.1194 1248.5785
v  -294.1940 77.9696 1248.2498
v  -294.7015 77.9696 1249.0724
v  -292.7606 78.0165 1249.8154
v  -294.9553 79.0870 1249.4838
v  -292.7606 79.0870 1250.4333
v  -292.7606 80.1573 1249.8154
v  -294.7015 80.2041 1249.0724
v  -292.8724 80.0544 1248.5786
v  -294.1940 80.2041 1248.2498
v  -294.5769 79.0870 1244.4854
v  -294.2569 79.0870 1246.4159
v  -294.8702 78.0165 1246.4917
v  -295.1903 78.0165 1244.4885
v  -296.0970 78.0165 1246.6434
v  -296.4169 78.0165 1244.4951
v  -296.7102 79.0870 1246.7192
v  -297.0303 79.0870 1244.4983
v  -296.4169 80.1573 1244.4951
v  -296.0970 80.1573 1246.6434
v  -295.1903 80.1573 1244.4885
v  -294.8702 80.1573 1246.4917
v  -232.7950 79.0870 1248.0078
v  -232.7950 78.0980 1248.5787
v  -232.7950 78.0165 1249.8154
v  -232.7950 79.0870 1250.4333
v  -232.7950 80.1573 1249.8154
v  -232.7950 80.0758 1248.5787
v  -401.8662 79.0870 1247.8386
v  -400.7984 79.0870 1248.0200
v  -400.7984 78.1194 1248.5785
v  -402.1200 77.9696 1248.2498
v  -402.6275 77.9696 1249.0724
v  -400.6867 78.0165 1249.8154
v  -402.8813 79.0870 1249.4838
v  -400.6867 79.0870 1250.4333
v  -400.6867 80.1573 1249.8154
v  -402.6275 80.2041 1249.0724
v  -400.7984 80.0544 1248.5786
v  -402.1200 80.2041 1248.2498
v  -402.5030 79.0870 1244.4854
v  -402.1829 79.0870 1246.4159
v  -402.7963 78.0165 1246.4917
v  -403.1163 78.0165 1244.4885
v  -404.0230 78.0165 1246.6434
v  -404.3430 78.0165 1244.4951
v  -404.6363 79.0870 1246.7192
v  -404.9564 79.0870 1244.4983
v  -404.3430 80.1573 1244.4951
v  -404.0230 80.1573 1246.6434
v  -403.1163 80.1573 1244.4885
v  -402.7963 80.1573 1246.4917
v  -303.6513 78.0508 1247.5720
v  -304.5903 78.0851 1248.5789
v  -304.5903 79.0869 1248.0004
v  -304.2290 79.0869 1247.4172
v  -302.4474 78.0164 1247.8561
v  -304.5157 78.0164 1249.8154
v  -301.8506 79.0869 1248.0161
v  -304.5157 79.0869 1250.4333
v  -302.4474 80.1573 1247.8561
v  -304.5157 80.1573 1249.8154
v  -303.6512 80.1230 1247.5720
v  -304.5903 80.0886 1248.5789
v  -303.4879 78.0164 1244.4221
v  -304.1036 79.0869 1244.4758
v  -302.2567 78.0164 1244.3142
v  -301.6410 79.0869 1244.2605
v  -302.2567 80.1573 1244.3142
v  -303.4879 80.1573 1244.4221
v  -232.7950 47.8942 1177.1810
v  -406.3546 47.8942 1177.1810
v  -406.3546 47.8942 1190.2430
v  -232.7950 47.8942 1190.2430
v  -406.3546 42.2687 1177.1810
v  -406.3546 42.2687 1190.2430
v  -240.8134 -9.7397 1190.0875
v  -240.8134 -9.7397 1188.9839
v  -232.7950 -9.7397 1188.9839
v  -232.7950 -9.7397 1190.0875
v  -232.7950 13.9159 1188.9839
v  -240.8134 13.9158 1188.9839
v  -240.8134 13.9158 1190.0875
v  -232.7950 13.9159 1190.0875
v  -242.1272 15.7066 1190.6260
v  -242.1272 15.7066 1179.5452
v  -232.7950 15.7066 1179.5452
v  -232.7950 15.7066 1190.6260
v  -232.7950 18.7812 1179.5452
v  -242.1272 18.7812 1179.5452
v  -242.1272 18.7812 1190.6260
v  -232.7950 18.7812 1190.6260
v  -242.1272 -11.7223 1190.6260
v  -242.1272 -11.7223 1185.0675
v  -232.7950 -11.7223 1185.0675
v  -232.7950 -11.7223 1190.6260
v  -232.7950 -9.7526 1185.0675
v  -242.1272 -9.7526 1185.0675
v  -242.1272 -9.7526 1190.6260
v  -232.7950 -9.7526 1190.6260
v  -338.5974 -9.7397 1188.9839
v  -323.3222 -9.7397 1188.9839
v  -323.3222 -9.7397 1190.0875
v  -338.5974 -9.7397 1190.0875
v  -338.5974 13.9158 1188.9839
v  -338.5974 13.9158 1190.0875
v  -323.3222 13.9159 1190.0875
v  -323.3222 13.9159 1188.9839
v  -339.9112 15.7066 1179.5453
v  -322.0461 15.7066 1179.5453
v  -322.0461 15.7066 1190.6260
v  -339.9112 15.7066 1190.6260
v  -339.9112 18.7812 1179.5453
v  -339.9112 18.7812 1190.6260
v  -322.0461 18.7812 1190.6260
v  -322.0461 18.7812 1179.5453
v  -339.9112 -11.7223 1185.0675
v  -322.0461 -11.7223 1185.0675
v  -322.0461 -11.7223 1190.6260
v  -339.9112 -11.7223 1190.6260
v  -339.9112 -9.7526 1185.0675
v  -339.9112 -9.7526 1190.6260
v  -322.0461 -9.7526 1190.6260
v  -322.0461 -9.7526 1185.0675
v  -373.3592 -9.7397 1188.9839
v  -358.0839 -9.7397 1188.9839
v  -358.0839 -9.7397 1190.0875
v  -373.3592 -9.7397 1190.0875
v  -373.3592 13.9158 1188.9839
v  -373.3592 13.9158 1190.0875
v  -358.0839 13.9159 1190.0875
v  -358.0839 13.9159 1188.9839
v  -374.6730 15.7066 1179.5453
v  -356.8082 15.7066 1179.5453
v  -356.8082 15.7066 1190.6260
v  -374.6730 15.7066 1190.6260
v  -374.6730 18.7812 1179.5453
v  -374.6730 18.7812 1190.6260
v  -356.8082 18.7812 1190.6260
v  -356.8082 18.7812 1179.5453
v  -374.6730 -11.7223 1185.0675
v  -356.8082 -11.7223 1185.0675
v  -356.8082 -11.7223 1190.6260
v  -374.6730 -11.7223 1190.6260
v  -374.6730 -9.7526 1185.0675
v  -374.6730 -9.7526 1190.6260
v  -356.8082 -9.7526 1190.6260
v  -356.8082 -9.7526 1185.0675
v  -390.8806 -0.4251 1190.0238
v  -395.2776 -0.4251 1190.0215
v  -395.2776 -0.4251 1189.4536
v  -390.8806 -0.4251 1189.4536
v  -390.8806 15.6774 1190.0238
v  -390.8806 15.6774 1189.4536
v  -395.2776 15.6774 1189.4536
v  -395.2776 15.6774 1190.0215
v  -275.6606 47.1607 1188.9839
v  -260.3853 47.1607 1188.9838
v  -260.3853 47.1607 1190.0874
v  -275.6606 47.1607 1190.0875
v  -275.6606 70.8162 1188.9839
v  -275.6606 70.8162 1190.0875
v  -260.3853 70.8162 1190.0874
v  -260.3853 70.8162 1188.9838
v  -276.9744 72.6070 1179.5453
v  -259.1095 72.6070 1179.5452
v  -259.1095 72.6070 1190.6260
v  -276.9744 72.6070 1190.6260
v  -276.9744 75.6815 1179.5453
v  -276.9744 75.6815 1190.6260
v  -259.1095 75.6815 1190.6260
v  -259.1095 75.6815 1179.5452
v  -255.9870 65.0367 1179.5453
v  -242.1937 65.0367 1179.5452
v  -242.1937 65.0367 1190.6260
v  -255.9870 65.0367 1190.6260
v  -255.9870 68.1112 1179.5453
v  -255.9870 68.1112 1190.6260
v  -242.1937 68.1112 1190.6260
v  -242.1937 68.1112 1179.5452
v  -245.9689 46.2832 1190.0238
v  -252.8724 46.2832 1190.0238
v  -252.8724 46.2832 1189.4536
v  -245.9689 46.2832 1189.4536
v  -245.9689 62.3857 1190.0238
v  -245.9689 62.3857 1189.4536
v  -252.8724 62.3857 1189.4536
v  -252.8724 62.3857 1190.0238
v  -395.2951 47.1607 1188.9839
v  -380.0197 47.1607 1188.9838
v  -380.0197 47.1607 1190.0874
v  -395.2951 47.1607 1190.0875
v  -395.2951 70.8162 1188.9839
v  -395.2951 70.8162 1190.0875
v  -380.0197 70.8162 1190.0874
v  -380.0197 70.8162 1188.9838
v  -396.6090 72.6070 1179.5453
v  -378.7441 72.6070 1179.5452
v  -378.7441 72.6070 1190.6260
v  -396.6090 72.6070 1190.6260
v  -396.6090 75.6815 1179.5453
v  -396.6090 75.6815 1190.6260
v  -378.7441 75.6815 1190.6260
v  -378.7441 75.6815 1179.5452
v  -373.2968 65.0367 1179.5453
v  -359.5036 65.0367 1179.5452
v  -359.5036 65.0367 1190.6260
v  -373.2968 65.0367 1190.6260
v  -373.2968 68.1112 1179.5453
v  -373.2968 68.1112 1190.6260
v  -359.5036 68.1112 1190.6260
v  -359.5036 68.1112 1179.5452
v  -363.2787 46.2832 1190.0238
v  -370.1822 46.2832 1190.0238
v  -370.1822 46.2832 1189.4536
v  -363.2787 46.2832 1189.4536
v  -363.2787 62.3857 1190.0238
v  -363.2787 62.3857 1189.4536
v  -370.1822 62.3857 1189.4536
v  -370.1822 62.3857 1190.0238
v  -323.1873 47.1607 1188.9839
v  -307.9119 47.1607 1188.9838
v  -307.9119 47.1607 1190.0874
v  -323.1873 47.1607 1190.0875
v  -323.1873 70.8162 1188.9839
v  -323.1873 70.8162 1190.0875
v  -307.9119 70.8162 1190.0874
v  -307.9119 70.8162 1188.9838
v  -324.5012 72.6070 1179.5453
v  -306.6362 72.6070 1179.5452
v  -306.6362 72.6070 1190.6260
v  -324.5012 72.6070 1190.6260
v  -324.5012 75.6815 1179.5453
v  -324.5012 75.6815 1190.6260
v  -306.6362 75.6815 1190.6260
v  -306.6362 75.6815 1179.5452
v  -304.9384 65.0367 1179.5453
v  -291.1451 65.0367 1179.5452
v  -291.1451 65.0367 1190.6260
v  -304.9384 65.0367 1190.6260
v  -304.9384 68.1112 1179.5453
v  -304.9384 68.1112 1190.6260
v  -291.1451 68.1112 1190.6260
v  -291.1451 68.1112 1179.5452
v  -294.9203 46.2832 1190.0238
v  -301.8237 46.2832 1190.0238
v  -301.8237 46.2832 1189.4536
v  -294.9203 46.2832 1189.4536
v  -294.9203 62.3857 1190.0238
v  -294.9203 62.3857 1189.4536
v  -301.8237 62.3857 1189.4536
v  -301.8237 62.3857 1190.0238
v  -406.3806 51.8655 1212.1907
v  -407.1683 51.8655 1212.1907
v  -407.1683 51.8655 1200.3975
v  -406.3807 51.8655 1200.3975
v  -406.3806 64.4221 1212.1907
v  -406.3807 64.4221 1200.3975
v  -407.1683 64.4221 1200.3975
v  -407.1683 64.4221 1212.1907
v  -280.3529 91.6218 1188.5349
v  -281.4703 91.8756 1188.1238
v  -281.3205 90.5540 1187.7949
v  -280.3529 90.5540 1188.3535
v  -281.4703 92.3832 1187.3010
v  -281.4234 90.4423 1186.5581
v  -280.3529 92.6369 1186.8898
v  -280.3529 90.4423 1185.9402
v  -279.2826 90.4423 1186.5581
v  -279.2358 92.3832 1187.3010
v  -279.3855 90.5540 1187.7949
v  -279.2358 91.8756 1188.1238
v  -280.3529 92.2585 1191.8882
v  -281.4234 92.8719 1191.8849
v  -281.4234 92.5518 1189.8818
v  -280.3529 91.9385 1189.9576
v  -281.4234 94.0986 1191.8784
v  -281.4234 93.7785 1189.7301
v  -280.3529 94.7120 1191.8752
v  -280.3529 94.3918 1189.6543
v  -279.2826 94.0986 1191.8784
v  -279.2826 93.7785 1189.7301
v  -279.2826 92.8719 1191.8849
v  -279.2826 92.5518 1189.8818
v  -281.4234 -12.3755 1187.7942
v  -280.3529 -12.3755 1188.4122
v  -281.4234 -12.3755 1186.5581
v  -280.3529 -12.3755 1185.9402
v  -279.2826 -12.3755 1186.5581
v  -279.2826 -12.3755 1187.7942
v  -398.9626 91.6218 1188.5349
v  -400.0799 91.8756 1188.1238
v  -399.9302 90.5540 1187.7949
v  -398.9626 90.5540 1188.3535
v  -400.0799 92.3832 1187.3010
v  -400.0331 90.4423 1186.5581
v  -398.9626 92.6369 1186.8898
v  -398.9626 90.4423 1185.9402
v  -397.8923 90.4423 1186.5581
v  -397.8455 92.3832 1187.3010
v  -397.9952 90.5540 1187.7949
v  -397.8455 91.8756 1188.1238
v  -398.9626 92.2585 1191.8882
v  -400.0331 92.8719 1191.8849
v  -400.0331 92.5518 1189.8818
v  -398.9626 91.9385 1189.9576
v  -400.0331 94.0986 1191.8784
v  -400.0331 93.7785 1189.7301
v  -398.9626 94.7120 1191.8752
v  -398.9626 94.3918 1189.6543
v  -397.8923 94.0986 1191.8784
v  -397.8923 93.7785 1189.7301
v  -397.8923 92.8719 1191.8849
v  -397.8923 92.5518 1189.8818
v  -400.0331 -12.3755 1187.7942
v  -398.9626 -12.3755 1188.4122
v  -400.0331 -12.3755 1186.5581
v  -398.9626 -12.3755 1185.9402
v  -397.8923 -12.3755 1186.5581
v  -397.8923 -12.3755 1187.7942
v  -293.9402 79.0870 1187.5132
v  -294.1940 77.9696 1187.1019
v  -292.8724 78.1194 1186.7732
v  -292.8724 79.0870 1187.3318
v  -294.7015 77.9696 1186.2793
v  -292.7606 78.0165 1185.5364
v  -294.9553 79.0870 1185.8679
v  -292.7606 79.0870 1184.9185
v  -292.7606 80.1573 1185.5364
v  -294.7015 80.2041 1186.2793
v  -292.8724 80.0544 1186.7732
v  -294.1940 80.2041 1187.1019
v  -294.5769 79.0870 1190.8663
v  -295.1903 78.0165 1190.8632
v  -294.8702 78.0165 1188.8600
v  -294.2569 79.0870 1188.9359
v  -296.4169 78.0165 1190.8567
v  -296.0970 78.0165 1188.7084
v  -297.0303 79.0870 1190.8534
v  -296.7102 79.0870 1188.6326
v  -296.4169 80.1573 1190.8567
v  -296.0970 80.1573 1188.7084
v  -295.1903 80.1573 1190.8632
v  -294.8702 80.1573 1188.8600
v  -232.7950 79.0870 1187.3440
v  -232.7950 78.0980 1186.7731
v  -232.7950 78.0165 1185.5364
v  -232.7950 79.0869 1184.9185
v  -232.7950 80.1573 1185.5364
v  -232.7950 80.0758 1186.7729
v  -401.8662 79.0870 1187.5132
v  -402.1200 77.9696 1187.1019
v  -400.7984 78.1194 1186.7732
v  -400.7984 79.0870 1187.3318
v  -402.6276 77.9696 1186.2793
v  -400.6867 78.0165 1185.5364
v  -402.8813 79.0870 1185.8679
v  -400.6867 79.0870 1184.9185
v  -400.6867 80.1573 1185.5364
v  -402.6276 80.2041 1186.2793
v  -400.7984 80.0544 1186.7732
v  -402.1200 80.2041 1187.1019
v  -402.5030 79.0870 1190.8663
v  -403.1163 78.0165 1190.8632
v  -402.7963 78.0165 1188.8600
v  -402.1829 79.0870 1188.9359
v  -404.3430 78.0165 1190.8567
v  -404.0230 78.0165 1188.7084
v  -404.9564 79.0870 1190.8534
v  -404.6363 79.0870 1188.6326
v  -404.3430 80.1573 1190.8567
v  -404.0230 80.1573 1188.7084
v  -403.1163 80.1573 1190.8632
v  -402.7963 80.1573 1188.8600
v  -303.6513 78.0508 1187.7797
v  -304.2290 79.0869 1187.9344
v  -304.5903 79.0869 1187.3513
v  -304.5903 78.0851 1186.7729
v  -302.4474 78.0164 1187.4956
v  -304.5157 78.0164 1185.5364
v  -301.8506 79.0869 1187.3357
v  -304.5157 79.0869 1184.9185
v  -304.5157 80.1573 1185.5364
v  -302.4474 80.1573 1187.4956
v  -304.5903 80.0886 1186.7729
v  -303.6512 80.1230 1187.7797
v  -303.4879 78.0164 1190.9297
v  -304.1036 79.0869 1190.8759
v  -302.2567 78.0164 1191.0375
v  -301.6410 79.0869 1191.0913
v  -302.2567 80.1573 1191.0375
v  -303.4879 80.1573 1190.9297
v  -232.7950 42.2687 1245.1088
v  -232.7950 42.2687 1258.1707
v  -232.7950 92.8368 1242.8495
v  -232.7950 92.8368 1217.6759
v  -403.9286 92.8304 1217.6759
v  -403.9286 92.8304 1242.8495
v  -232.7950 42.2687 1177.1810
v  -232.7950 42.2687 1190.2430
v  -232.7950 92.8368 1192.5022
v  -403.9286 92.8304 1192.5022
v  -59.2355 47.8942 1245.1088
v  -59.2355 47.8942 1258.1707
v  -59.2355 42.2687 1258.1707
v  -59.2355 42.2687 1245.1088
v  -224.7767 -9.7397 1245.2642
v  -224.7767 -9.7397 1246.3679
v  -224.7767 13.9158 1245.2642
v  -224.7767 13.9158 1246.3679
v  -223.4629 15.7066 1244.7258
v  -223.4629 15.7066 1255.8065
v  -223.4629 18.7812 1244.7258
v  -223.4629 18.7812 1255.8065
v  -223.4629 -11.7223 1244.7258
v  -223.4629 -11.7223 1250.2842
v  -223.4629 -9.7526 1244.7258
v  -223.4629 -9.7526 1250.2842
v  -126.9927 -9.7397 1246.3679
v  -142.2679 -9.7397 1246.3679
v  -142.2679 -9.7397 1245.2642
v  -126.9927 -9.7397 1245.2642
v  -126.9927 13.9158 1246.3679
v  -126.9927 13.9158 1245.2642
v  -142.2679 13.9159 1245.2642
v  -142.2679 13.9159 1246.3679
v  -125.6789 15.7066 1255.8065
v  -143.5440 15.7066 1255.8065
v  -143.5440 15.7066 1244.7258
v  -125.6789 15.7066 1244.7258
v  -125.6789 18.7812 1255.8065
v  -125.6789 18.7812 1244.7258
v  -143.5440 18.7812 1244.7258
v  -143.5440 18.7812 1255.8065
v  -125.6789 -11.7223 1250.2842
v  -143.5440 -11.7223 1250.2842
v  -143.5440 -11.7223 1244.7258
v  -125.6789 -11.7223 1244.7258
v  -125.6789 -9.7526 1250.2842
v  -125.6789 -9.7526 1244.7258
v  -143.5440 -9.7526 1244.7258
v  -143.5440 -9.7526 1250.2842
v  -92.2309 -9.7397 1246.3679
v  -107.5062 -9.7397 1246.3679
v  -107.5062 -9.7397 1245.2642
v  -92.2309 -9.7397 1245.2642
v  -92.2309 13.9158 1246.3679
v  -92.2309 13.9158 1245.2642
v  -107.5062 13.9159 1245.2642
v  -107.5062 13.9159 1246.3679
v  -90.9171 15.7066 1255.8065
v  -108.7819 15.7066 1255.8065
v  -108.7819 15.7066 1244.7258
v  -90.9171 15.7066 1244.7258
v  -90.9171 18.7812 1255.8065
v  -90.9171 18.7812 1244.7258
v  -108.7819 18.7812 1244.7258
v  -108.7819 18.7812 1255.8065
v  -90.9171 -11.7223 1250.2842
v  -108.7819 -11.7223 1250.2842
v  -108.7819 -11.7223 1244.7258
v  -90.9171 -11.7223 1244.7258
v  -90.9171 -9.7526 1250.2842
v  -90.9171 -9.7526 1244.7258
v  -108.7819 -9.7526 1244.7258
v  -108.7819 -9.7526 1250.2842
v  -74.7094 -0.4251 1245.3279
v  -70.3125 -0.4251 1245.3303
v  -70.3125 -0.4251 1245.8982
v  -74.7094 -0.4251 1245.8982
v  -74.7094 15.6774 1245.3279
v  -74.7094 15.6774 1245.8982
v  -70.3125 15.6774 1245.8982
v  -70.3125 15.6774 1245.3303
v  -189.9295 47.1607 1246.3679
v  -205.2048 47.1607 1246.3679
v  -205.2048 47.1607 1245.2643
v  -189.9295 47.1607 1245.2642
v  -189.9295 70.8162 1246.3679
v  -189.9295 70.8162 1245.2642
v  -205.2048 70.8162 1245.2643
v  -205.2048 70.8162 1246.3679
v  -188.6157 72.6070 1255.8064
v  -206.4806 72.6070 1255.8065
v  -206.4806 72.6070 1244.7258
v  -188.6157 72.6070 1244.7257
v  -188.6157 75.6815 1255.8064
v  -188.6157 75.6815 1244.7257
v  -206.4806 75.6815 1244.7258
v  -206.4806 75.6815 1255.8065
v  -209.6031 65.0367 1255.8064
v  -223.3963 65.0367 1255.8065
v  -223.3963 65.0367 1244.7258
v  -209.6031 65.0367 1244.7257
v  -209.6031 68.1112 1255.8064
v  -209.6031 68.1112 1244.7257
v  -223.3963 68.1112 1244.7258
v  -223.3963 68.1112 1255.8065
v  -219.6212 46.2832 1245.3279
v  -212.7177 46.2832 1245.3279
v  -212.7177 46.2832 1245.8982
v  -219.6212 46.2832 1245.8982
v  -219.6212 62.3857 1245.3279
v  -219.6212 62.3857 1245.8982
v  -212.7177 62.3857 1245.8982
v  -212.7177 62.3857 1245.3279
v  -70.2950 47.1607 1246.3679
v  -85.5704 47.1607 1246.3679
v  -85.5704 47.1607 1245.2643
v  -70.2950 47.1607 1245.2642
v  -70.2950 70.8162 1246.3679
v  -70.2950 70.8162 1245.2642
v  -85.5704 70.8162 1245.2643
v  -85.5704 70.8162 1246.3679
v  -68.9810 72.6070 1255.8064
v  -86.8460 72.6070 1255.8065
v  -86.8460 72.6070 1244.7258
v  -68.9810 72.6070 1244.7257
v  -68.9810 75.6815 1255.8064
v  -68.9810 75.6815 1244.7257
v  -86.8460 75.6815 1244.7258
v  -86.8460 75.6815 1255.8065
v  -92.2933 65.0367 1255.8064
v  -106.0865 65.0367 1255.8065
v  -106.0865 65.0367 1244.7258
v  -92.2933 65.0367 1244.7257
v  -92.2933 68.1112 1255.8064
v  -92.2933 68.1112 1244.7257
v  -106.0865 68.1112 1244.7258
v  -106.0865 68.1112 1255.8065
v  -102.3114 46.2832 1245.3279
v  -95.4079 46.2832 1245.3279
v  -95.4079 46.2832 1245.8982
v  -102.3114 46.2832 1245.8982
v  -102.3114 62.3857 1245.3279
v  -102.3114 62.3857 1245.8982
v  -95.4079 62.3857 1245.8982
v  -95.4079 62.3857 1245.3279
v  -142.4028 47.1607 1246.3679
v  -157.6782 47.1607 1246.3679
v  -157.6782 47.1607 1245.2643
v  -142.4028 47.1607 1245.2642
v  -142.4028 70.8162 1246.3679
v  -142.4028 70.8162 1245.2642
v  -157.6782 70.8162 1245.2643
v  -157.6782 70.8162 1246.3679
v  -141.0889 72.6070 1255.8064
v  -158.9539 72.6070 1255.8065
v  -158.9539 72.6070 1244.7258
v  -141.0889 72.6070 1244.7257
v  -141.0889 75.6815 1255.8064
v  -141.0889 75.6815 1244.7257
v  -158.9539 75.6815 1244.7258
v  -158.9539 75.6815 1255.8065
v  -160.6517 65.0367 1255.8064
v  -174.4449 65.0367 1255.8065
v  -174.4449 65.0367 1244.7258
v  -160.6517 65.0367 1244.7257
v  -160.6517 68.1112 1255.8064
v  -160.6517 68.1112 1244.7257
v  -174.4449 68.1112 1244.7258
v  -174.4449 68.1112 1255.8065
v  -170.6698 46.2832 1245.3279
v  -163.7664 46.2832 1245.3279
v  -163.7664 46.2832 1245.8982
v  -170.6698 46.2832 1245.8982
v  -170.6698 62.3857 1245.3279
v  -170.6698 62.3857 1245.8982
v  -163.7664 62.3857 1245.8982
v  -163.7664 62.3857 1245.3279
v  -59.2094 51.8655 1223.1610
v  -58.4218 51.8655 1223.1610
v  -58.4218 51.8655 1234.9542
v  -59.2094 51.8655 1234.9542
v  -59.2094 64.4221 1223.1610
v  -59.2094 64.4221 1234.9542
v  -58.4218 64.4221 1234.9542
v  -58.4218 64.4221 1223.1610
v  -185.2372 91.6218 1246.8168
v  -184.1198 91.8756 1247.2280
v  -184.2696 90.5540 1247.5568
v  -185.2372 90.5540 1246.9983
v  -184.1198 92.3832 1248.0507
v  -184.1667 90.4423 1248.7936
v  -185.2372 92.6369 1248.4619
v  -185.2372 90.4423 1249.4116
v  -186.3075 90.4423 1248.7936
v  -186.3543 92.3832 1248.0507
v  -186.2046 90.5540 1247.5568
v  -186.3543 91.8756 1247.2280
v  -185.2372 92.2585 1243.4636
v  -184.1667 92.8719 1243.4668
v  -184.1667 92.5518 1245.4700
v  -185.2372 91.9385 1245.3940
v  -184.1667 94.0986 1243.4734
v  -184.1667 93.7785 1245.6216
v  -185.2372 94.7120 1243.4766
v  -185.2372 94.3918 1245.6975
v  -186.3075 94.0986 1243.4734
v  -186.3075 93.7785 1245.6216
v  -186.3075 92.8719 1243.4668
v  -186.3075 92.5518 1245.4700
v  -184.1667 -12.3755 1247.5575
v  -185.2372 -12.3755 1246.9395
v  -184.1667 -12.3755 1248.7936
v  -185.2372 -12.3755 1249.4116
v  -186.3075 -12.3755 1248.7936
v  -186.3075 -12.3755 1247.5575
v  -66.6275 91.6218 1246.8168
v  -65.5102 91.8756 1247.2280
v  -65.6599 90.5540 1247.5568
v  -66.6275 90.5540 1246.9983
v  -65.5102 92.3832 1248.0507
v  -65.5570 90.4423 1248.7936
v  -66.6275 92.6369 1248.4619
v  -66.6275 90.4423 1249.4116
v  -67.6978 90.4423 1248.7936
v  -67.7446 92.3832 1248.0507
v  -67.5949 90.5540 1247.5568
v  -67.7446 91.8756 1247.2280
v  -66.6275 92.2585 1243.4636
v  -65.5570 92.8719 1243.4668
v  -65.5570 92.5518 1245.4700
v  -66.6275 91.9385 1245.3940
v  -65.5570 94.0986 1243.4734
v  -65.5570 93.7785 1245.6216
v  -66.6275 94.7120 1243.4766
v  -66.6275 94.3918 1245.6975
v  -67.6978 94.0986 1243.4734
v  -67.6978 93.7785 1245.6216
v  -67.6978 92.8719 1243.4668
v  -67.6978 92.5518 1245.4700
v  -65.5570 -12.3755 1247.5575
v  -66.6275 -12.3755 1246.9395
v  -65.5570 -12.3755 1248.7936
v  -66.6275 -12.3755 1249.4116
v  -67.6978 -12.3755 1248.7936
v  -67.6978 -12.3755 1247.5575
v  -171.6499 79.0870 1247.8386
v  -171.3961 77.9696 1248.2498
v  -172.7177 78.1194 1248.5785
v  -172.7177 79.0870 1248.0200
v  -170.8886 77.9696 1249.0724
v  -172.8295 78.0165 1249.8154
v  -170.6348 79.0870 1249.4838
v  -172.8295 79.0870 1250.4333
v  -172.8295 80.1573 1249.8154
v  -170.8886 80.2041 1249.0724
v  -172.7177 80.0544 1248.5786
v  -171.3961 80.2041 1248.2498
v  -171.0132 79.0870 1244.4854
v  -170.3998 78.0165 1244.4885
v  -170.7199 78.0165 1246.4917
v  -171.3332 79.0870 1246.4159
v  -169.1731 78.0165 1244.4951
v  -169.4931 78.0165 1246.6434
v  -168.5597 79.0870 1244.4983
v  -168.8799 79.0870 1246.7192
v  -169.1731 80.1573 1244.4951
v  -169.4931 80.1573 1246.6434
v  -170.3998 80.1573 1244.4885
v  -170.7199 80.1573 1246.4917
v  -63.7238 79.0870 1247.8386
v  -63.4701 77.9696 1248.2498
v  -64.7917 78.1194 1248.5785
v  -64.7917 79.0870 1248.0200
v  -62.9625 77.9696 1249.0724
v  -64.9034 78.0165 1249.8154
v  -62.7088 79.0870 1249.4838
v  -64.9034 79.0870 1250.4333
v  -64.9034 80.1573 1249.8154
v  -62.9625 80.2041 1249.0724
v  -64.7917 80.0544 1248.5786
v  -63.4701 80.2041 1248.2498
v  -63.0871 79.0870 1244.4854
v  -62.4738 78.0165 1244.4885
v  -62.7938 78.0165 1246.4917
v  -63.4072 79.0870 1246.4159
v  -61.2471 78.0165 1244.4951
v  -61.5671 78.0165 1246.6434
v  -60.6337 79.0870 1244.4983
v  -60.9538 79.0870 1246.7192
v  -61.2471 80.1573 1244.4951
v  -61.5671 80.1573 1246.6434
v  -62.4738 80.1573 1244.4885
v  -62.7938 80.1573 1246.4917
v  -161.9388 78.0508 1247.5720
v  -161.3611 79.0869 1247.4172
v  -160.9998 79.0869 1248.0004
v  -160.9998 78.0851 1248.5789
v  -163.1427 78.0164 1247.8561
v  -161.0744 78.0164 1249.8154
v  -163.7395 79.0869 1248.0161
v  -161.0744 79.0869 1250.4333
v  -161.0744 80.1573 1249.8154
v  -163.1427 80.1573 1247.8561
v  -160.9998 80.0886 1248.5789
v  -161.9389 80.1230 1247.5720
v  -162.1021 78.0164 1244.4221
v  -161.4864 79.0869 1244.4758
v  -163.3334 78.0164 1244.3142
v  -163.9491 79.0869 1244.2605
v  -163.3334 80.1573 1244.3142
v  -162.1021 80.1573 1244.4221
v  -59.2355 47.8942 1190.2430
v  -59.2355 47.8942 1177.1810
v  -59.2355 42.2687 1177.1810
v  -59.2355 42.2687 1190.2430
v  -224.7767 -9.7397 1190.0875
v  -224.7767 -9.7397 1188.9839
v  -224.7767 13.9158 1190.0875
v  -224.7767 13.9158 1188.9839
v  -223.4629 15.7066 1190.6260
v  -223.4629 15.7066 1179.5452
v  -223.4629 18.7812 1190.6260
v  -223.4629 18.7812 1179.5452
v  -223.4629 -11.7223 1190.6260
v  -223.4629 -11.7223 1185.0675
v  -223.4629 -9.7526 1190.6260
v  -223.4629 -9.7526 1185.0675
v  -126.9927 -9.7397 1188.9839
v  -126.9927 -9.7397 1190.0875
v  -142.2679 -9.7397 1190.0875
v  -142.2679 -9.7397 1188.9839
v  -126.9927 13.9158 1188.9839
v  -142.2679 13.9159 1188.9839
v  -142.2679 13.9159 1190.0875
v  -126.9927 13.9158 1190.0875
v  -125.6789 15.7066 1179.5453
v  -125.6789 15.7066 1190.6260
v  -143.5440 15.7066 1190.6260
v  -143.5440 15.7066 1179.5453
v  -125.6789 18.7812 1179.5453
v  -143.5440 18.7812 1179.5453
v  -143.5440 18.7812 1190.6260
v  -125.6789 18.7812 1190.6260
v  -125.6789 -11.7223 1185.0675
v  -125.6789 -11.7223 1190.6260
v  -143.5440 -11.7223 1190.6260
v  -143.5440 -11.7223 1185.0675
v  -125.6789 -9.7526 1185.0675
v  -143.5440 -9.7526 1185.0675
v  -143.5440 -9.7526 1190.6260
v  -125.6789 -9.7526 1190.6260
v  -92.2309 -9.7397 1188.9839
v  -92.2309 -9.7397 1190.0875
v  -107.5062 -9.7397 1190.0875
v  -107.5062 -9.7397 1188.9839
v  -92.2309 13.9158 1188.9839
v  -107.5062 13.9159 1188.9839
v  -107.5062 13.9159 1190.0875
v  -92.2309 13.9158 1190.0875
v  -90.9171 15.7066 1179.5453
v  -90.9171 15.7066 1190.6260
v  -108.7819 15.7066 1190.6260
v  -108.7819 15.7066 1179.5453
v  -90.9171 18.7812 1179.5453
v  -108.7819 18.7812 1179.5453
v  -108.7819 18.7812 1190.6260
v  -90.9171 18.7812 1190.6260
v  -90.9171 -11.7223 1185.0675
v  -90.9171 -11.7223 1190.6260
v  -108.7819 -11.7223 1190.6260
v  -108.7819 -11.7223 1185.0675
v  -90.9171 -9.7526 1185.0675
v  -108.7819 -9.7526 1185.0675
v  -108.7819 -9.7526 1190.6260
v  -90.9171 -9.7526 1190.6260
v  -74.7094 -0.4251 1190.0238
v  -74.7094 -0.4251 1189.4536
v  -70.3125 -0.4251 1189.4536
v  -70.3125 -0.4251 1190.0215
v  -74.7094 15.6774 1190.0238
v  -70.3125 15.6774 1190.0215
v  -70.3125 15.6774 1189.4536
v  -74.7094 15.6774 1189.4536
v  -189.9295 47.1607 1188.9839
v  -189.9295 47.1607 1190.0875
v  -205.2048 47.1607 1190.0874
v  -205.2048 47.1607 1188.9838
v  -189.9295 70.8162 1188.9839
v  -205.2048 70.8162 1188.9838
v  -205.2048 70.8162 1190.0874
v  -189.9295 70.8162 1190.0875
v  -188.6157 72.6070 1179.5453
v  -188.6157 72.6070 1190.6260
v  -206.4806 72.6070 1190.6260
v  -206.4806 72.6070 1179.5452
v  -188.6157 75.6815 1179.5453
v  -206.4806 75.6815 1179.5452
v  -206.4806 75.6815 1190.6260
v  -188.6157 75.6815 1190.6260
v  -209.6031 65.0367 1179.5453
v  -209.6031 65.0367 1190.6260
v  -223.3963 65.0367 1190.6260
v  -223.3963 65.0367 1179.5452
v  -209.6031 68.1112 1179.5453
v  -223.3963 68.1112 1179.5452
v  -223.3963 68.1112 1190.6260
v  -209.6031 68.1112 1190.6260
v  -219.6212 46.2832 1190.0238
v  -219.6212 46.2832 1189.4536
v  -212.7177 46.2832 1189.4536
v  -212.7177 46.2832 1190.0238
v  -219.6212 62.3857 1190.0238
v  -212.7177 62.3857 1190.0238
v  -212.7177 62.3857 1189.4536
v  -219.6212 62.3857 1189.4536
v  -70.2950 47.1607 1188.9839
v  -70.2950 47.1607 1190.0875
v  -85.5704 47.1607 1190.0874
v  -85.5704 47.1607 1188.9838
v  -70.2950 70.8162 1188.9839
v  -85.5704 70.8162 1188.9838
v  -85.5704 70.8162 1190.0874
v  -70.2950 70.8162 1190.0875
v  -68.9810 72.6070 1179.5453
v  -68.9810 72.6070 1190.6260
v  -86.8460 72.6070 1190.6260
v  -86.8460 72.6070 1179.5452
v  -68.9810 75.6815 1179.5453
v  -86.8460 75.6815 1179.5452
v  -86.8460 75.6815 1190.6260
v  -68.9810 75.6815 1190.6260
v  -92.2933 65.0367 1179.5453
v  -92.2933 65.0367 1190.6260
v  -106.0865 65.0367 1190.6260
v  -106.0865 65.0367 1179.5452
v  -92.2933 68.1112 1179.5453
v  -106.0865 68.1112 1179.5452
v  -106.0865 68.1112 1190.6260
v  -92.2933 68.1112 1190.6260
v  -102.3114 46.2832 1190.0238
v  -102.3114 46.2832 1189.4536
v  -95.4079 46.2832 1189.4536
v  -95.4079 46.2832 1190.0238
v  -102.3114 62.3857 1190.0238
v  -95.4079 62.3857 1190.0238
v  -95.4079 62.3857 1189.4536
v  -102.3114 62.3857 1189.4536
v  -142.4028 47.1607 1188.9839
v  -142.4028 47.1607 1190.0875
v  -157.6782 47.1607 1190.0874
v  -157.6782 47.1607 1188.9838
v  -142.4028 70.8162 1188.9839
v  -157.6782 70.8162 1188.9838
v  -157.6782 70.8162 1190.0874
v  -142.4028 70.8162 1190.0875
v  -141.0889 72.6070 1179.5453
v  -141.0889 72.6070 1190.6260
v  -158.9539 72.6070 1190.6260
v  -158.9539 72.6070 1179.5452
v  -141.0889 75.6815 1179.5453
v  -158.9539 75.6815 1179.5452
v  -158.9539 75.6815 1190.6260
v  -141.0889 75.6815 1190.6260
v  -160.6517 65.0367 1179.5453
v  -160.6517 65.0367 1190.6260
v  -174.4449 65.0367 1190.6260
v  -174.4449 65.0367 1179.5452
v  -160.6517 68.1112 1179.5453
v  -174.4449 68.1112 1179.5452
v  -174.4449 68.1112 1190.6260
v  -160.6517 68.1112 1190.6260
v  -170.6698 46.2832 1190.0238
v  -170.6698 46.2832 1189.4536
v  -163.7664 46.2832 1189.4536
v  -163.7664 46.2832 1190.0238
v  -170.6698 62.3857 1190.0238
v  -163.7664 62.3857 1190.0238
v  -163.7664 62.3857 1189.4536
v  -170.6698 62.3857 1189.4536
v  -59.2094 51.8655 1212.1907
v  -59.2094 51.8655 1200.3975
v  -58.4218 51.8655 1200.3975
v  -58.4218 51.8655 1212.1907
v  -59.2094 64.4221 1212.1907
v  -58.4218 64.4221 1212.1907
v  -58.4218 64.4221 1200.3975
v  -59.2094 64.4221 1200.3975
v  -185.2372 91.6218 1188.5349
v  -185.2372 90.5540 1188.3535
v  -184.2696 90.5540 1187.7949
v  -184.1198 91.8756 1188.1238
v  -184.1198 92.3832 1187.3010
v  -184.1667 90.4423 1186.5581
v  -185.2372 92.6369 1186.8898
v  -185.2372 90.4423 1185.9402
v  -186.3075 90.4423 1186.5581
v  -186.3543 92.3832 1187.3010
v  -186.2046 90.5540 1187.7949
v  -186.3543 91.8756 1188.1238
v  -185.2372 92.2585 1191.8882
v  -185.2372 91.9385 1189.9576
v  -184.1667 92.5518 1189.8818
v  -184.1667 92.8719 1191.8849
v  -184.1667 93.7785 1189.7301
v  -184.1667 94.0986 1191.8784
v  -185.2372 94.3918 1189.6543
v  -185.2372 94.7120 1191.8752
v  -186.3075 94.0986 1191.8784
v  -186.3075 93.7785 1189.7301
v  -186.3075 92.8719 1191.8849
v  -186.3075 92.5518 1189.8818
v  -185.2372 -12.3755 1188.4122
v  -184.1667 -12.3755 1187.7942
v  -184.1667 -12.3755 1186.5581
v  -185.2372 -12.3755 1185.9402
v  -186.3075 -12.3755 1186.5581
v  -186.3075 -12.3755 1187.7942
v  -66.6275 91.6218 1188.5349
v  -66.6275 90.5540 1188.3535
v  -65.6599 90.5540 1187.7949
v  -65.5102 91.8756 1188.1238
v  -65.5102 92.3832 1187.3010
v  -65.5570 90.4423 1186.5581
v  -66.6275 92.6369 1186.8898
v  -66.6275 90.4423 1185.9402
v  -67.6978 90.4423 1186.5581
v  -67.7446 92.3832 1187.3010
v  -67.5949 90.5540 1187.7949
v  -67.7446 91.8756 1188.1238
v  -66.6275 92.2585 1191.8882
v  -66.6275 91.9385 1189.9576
v  -65.5570 92.5518 1189.8818
v  -65.5570 92.8719 1191.8849
v  -65.5570 93.7785 1189.7301
v  -65.5570 94.0986 1191.8784
v  -66.6275 94.3918 1189.6543
v  -66.6275 94.7120 1191.8752
v  -67.6978 94.0986 1191.8784
v  -67.6978 93.7785 1189.7301
v  -67.6978 92.8719 1191.8849
v  -67.6978 92.5518 1189.8818
v  -66.6275 -12.3755 1188.4122
v  -65.5570 -12.3755 1187.7942
v  -65.5570 -12.3755 1186.5581
v  -66.6275 -12.3755 1185.9402
v  -67.6978 -12.3755 1186.5581
v  -67.6978 -12.3755 1187.7942
v  -171.6499 79.0870 1187.5132
v  -172.7177 79.0870 1187.3318
v  -172.7177 78.1194 1186.7732
v  -171.3961 77.9696 1187.1019
v  -170.8886 77.9696 1186.2793
v  -172.8295 78.0165 1185.5364
v  -170.6348 79.0870 1185.8679
v  -172.8295 79.0870 1184.9185
v  -172.8295 80.1573 1185.5364
v  -170.8886 80.2041 1186.2793
v  -172.7177 80.0544 1186.7732
v  -171.3961 80.2041 1187.1019
v  -171.0132 79.0870 1190.8663
v  -171.3332 79.0870 1188.9359
v  -170.7199 78.0165 1188.8600
v  -170.3998 78.0165 1190.8632
v  -169.4931 78.0165 1188.7084
v  -169.1731 78.0165 1190.8567
v  -168.8799 79.0870 1188.6326
v  -168.5597 79.0870 1190.8534
v  -169.1731 80.1573 1190.8567
v  -169.4931 80.1573 1188.7084
v  -170.3998 80.1573 1190.8632
v  -170.7199 80.1573 1188.8600
v  -63.7238 79.0870 1187.5132
v  -64.7917 79.0870 1187.3318
v  -64.7917 78.1194 1186.7732
v  -63.4701 77.9696 1187.1019
v  -62.9625 77.9696 1186.2793
v  -64.9034 78.0165 1185.5364
v  -62.7088 79.0870 1185.8679
v  -64.9034 79.0870 1184.9185
v  -64.9034 80.1573 1185.5364
v  -62.9625 80.2041 1186.2793
v  -64.7917 80.0544 1186.7732
v  -63.4701 80.2041 1187.1019
v  -63.0871 79.0870 1190.8663
v  -63.4072 79.0870 1188.9359
v  -62.7938 78.0165 1188.8600
v  -62.4738 78.0165 1190.8632
v  -61.5671 78.0165 1188.7084
v  -61.2471 78.0165 1190.8567
v  -60.9538 79.0870 1188.6326
v  -60.6337 79.0870 1190.8534
v  -61.2471 80.1573 1190.8567
v  -61.5671 80.1573 1188.7084
v  -62.4738 80.1573 1190.8632
v  -62.7938 80.1573 1188.8600
v  -161.9388 78.0508 1187.7797
v  -160.9998 78.0851 1186.7729
v  -160.9998 79.0869 1187.3513
v  -161.3611 79.0869 1187.9344
v  -163.1427 78.0164 1187.4956
v  -161.0744 78.0164 1185.5364
v  -163.7395 79.0869 1187.3357
v  -161.0744 79.0869 1184.9185
v  -163.1427 80.1573 1187.4956
v  -161.0744 80.1573 1185.5364
v  -161.9389 80.1230 1187.7797
v  -160.9998 80.0886 1186.7729
v  -162.1021 78.0164 1190.9297
v  -161.4864 79.0869 1190.8759
v  -163.3334 78.0164 1191.0375
v  -163.9491 79.0869 1191.0913
v  -163.3334 80.1573 1191.0375
v  -162.1021 80.1573 1190.9297
v  -61.6615 92.8304 1242.8495
v  -61.6615 92.8304 1217.6759
v  -61.6615 92.8304 1192.5022
v  -115.2448 68.2588 1245.1768
v  -115.2448 68.2588 1248.7463
v  -126.6683 68.2588 1248.7463
v  -126.6683 68.2588 1245.1768
v  -126.6683 76.3029 1248.7463
v  -115.2448 76.3029 1248.7463
v  -115.2448 76.3029 1245.1768
v  -126.6683 76.3029 1245.1768
v  -114.8817 66.9673 1244.7572
v  -114.8817 66.9673 1249.8386
v  -127.0314 66.9673 1249.8386
v  -127.0314 66.9673 1244.7572
v  -127.0314 68.5255 1249.8386
v  -114.8817 68.5255 1249.8386
v  -114.8817 68.5255 1244.7572
v  -127.0314 68.5255 1244.7572
v  -226.9034 68.2588 1245.1768
v  -226.9034 68.2588 1248.7463
v  -238.3270 68.2588 1248.7463
v  -238.3270 68.2588 1245.1768
v  -238.3270 76.3029 1248.7463
v  -226.9034 76.3029 1248.7463
v  -226.9034 76.3029 1245.1768
v  -238.3270 76.3029 1245.1768
v  -226.5404 66.9673 1244.7572
v  -226.5404 66.9673 1249.8386
v  -238.6900 66.9673 1249.8386
v  -238.6900 66.9673 1244.7572
v  -238.6900 68.5255 1249.8386
v  -226.5404 68.5255 1249.8386
v  -226.5404 68.5255 1244.7572
v  -238.6900 68.5255 1244.7572
v  -342.4008 68.2588 1245.1768
v  -342.4008 68.2588 1248.7463
v  -353.8243 68.2588 1248.7463
v  -353.8243 68.2588 1245.1768
v  -353.8243 76.3029 1248.7463
v  -342.4008 76.3029 1248.7463
v  -342.4008 76.3029 1245.1768
v  -353.8243 76.3029 1245.1768
v  -342.0377 66.9673 1244.7572
v  -342.0377 66.9673 1249.8386
v  -354.1873 66.9673 1249.8386
v  -354.1873 66.9673 1244.7572
v  -354.1873 68.5255 1249.8386
v  -342.0377 68.5255 1249.8386
v  -342.0377 68.5255 1244.7572
v  -354.1873 68.5255 1244.7572
v  -299.3611 -10.4983 1245.1768
v  -299.3611 -10.4983 1248.7463
v  -310.7847 -10.4983 1248.7463
v  -310.7847 -10.4983 1245.1768
v  -310.7847 -2.4542 1248.7463
v  -299.3611 -2.4542 1248.7463
v  -299.3611 -2.4542 1245.1768
v  -310.7847 -2.4542 1245.1768
v  -298.9981 -11.7898 1244.7572
v  -298.9981 -11.7898 1249.8386
v  -311.1478 -11.7898 1249.8386
v  -311.1478 -11.7898 1244.7572
v  -311.1478 -10.2316 1249.8386
v  -298.9981 -10.2316 1249.8386
v  -298.9981 -10.2316 1244.7572
v  -311.1478 -10.2316 1244.7572
v  -167.4484 -10.4983 1245.1768
v  -167.4484 -10.4983 1248.7463
v  -178.8720 -10.4983 1248.7463
v  -178.8720 -10.4983 1245.1768
v  -178.8720 -2.4542 1248.7463
v  -167.4484 -2.4542 1248.7463
v  -167.4484 -2.4542 1245.1768
v  -178.8720 -2.4542 1245.1768
v  -167.0854 -11.7898 1244.7572
v  -167.0854 -11.7898 1249.8386
v  -179.2350 -11.7898 1249.8386
v  -179.2350 -11.7898 1244.7572
v  -179.2350 -10.2316 1249.8386
v  -167.0854 -10.2316 1249.8386
v  -167.0854 -10.2316 1244.7572
v  -179.2350 -10.2316 1244.7572
v  -115.2448 68.2588 1190.1113
v  -126.6683 68.2588 1190.1113
v  -126.6683 68.2588 1186.5417
v  -115.2448 68.2588 1186.5419
v  -126.6683 76.3029 1186.5417
v  -126.6683 76.3029 1190.1113
v  -115.2448 76.3029 1190.1113
v  -115.2448 76.3029 1186.5419
v  -114.8817 66.9673 1190.5310
v  -127.0314 66.9673 1190.5309
v  -127.0314 66.9673 1185.4495
v  -114.8817 66.9673 1185.4495
v  -127.0314 68.5255 1185.4495
v  -127.0314 68.5255 1190.5309
v  -114.8817 68.5255 1190.5310
v  -114.8817 68.5255 1185.4495
v  -226.9034 68.2588 1190.1113
v  -238.3270 68.2588 1190.1113
v  -238.3270 68.2588 1186.5417
v  -226.9034 68.2588 1186.5417
v  -238.3270 76.3029 1186.5417
v  -238.3270 76.3029 1190.1113
v  -226.9034 76.3029 1190.1113
v  -226.9034 76.3029 1186.5417
v  -226.5404 66.9673 1190.5310
v  -238.6900 66.9673 1190.5309
v  -238.6900 66.9673 1185.4495
v  -226.5404 66.9673 1185.4495
v  -238.6900 68.5255 1185.4495
v  -238.6900 68.5255 1190.5309
v  -226.5404 68.5255 1190.5310
v  -226.5404 68.5255 1185.4495
v  -342.4008 68.2588 1190.1113
v  -353.8243 68.2588 1190.1113
v  -353.8243 68.2588 1186.5417
v  -342.4008 68.2588 1186.5417
v  -353.8243 76.3029 1186.5417
v  -353.8243 76.3029 1190.1113
v  -342.4008 76.3029 1190.1113
v  -342.4008 76.3029 1186.5417
v  -342.0377 66.9673 1190.5310
v  -354.1873 66.9673 1190.5309
v  -354.1873 66.9673 1185.4495
v  -342.0377 66.9673 1185.4495
v  -354.1873 68.5255 1185.4495
v  -354.1873 68.5255 1190.5309
v  -342.0377 68.5255 1190.5310
v  -342.0377 68.5255 1185.4495
v  -299.3611 -10.4983 1190.1113
v  -310.7847 -10.4983 1190.1113
v  -310.7847 -10.4983 1186.5417
v  -299.3611 -10.4983 1186.5417
v  -310.7847 -2.4542 1186.5417
v  -310.7847 -2.4542 1190.1113
v  -299.3611 -2.4542 1190.1113
v  -299.3611 -2.4542 1186.5417
v  -298.9981 -11.7898 1190.5310
v  -311.1478 -11.7898 1190.5309
v  -311.1478 -11.7898 1185.4495
v  -298.9981 -11.7898 1185.4495
v  -311.1478 -10.2316 1185.4495
v  -311.1478 -10.2316 1190.5309
v  -298.9981 -10.2316 1190.5310
v  -298.9981 -10.2316 1185.4495
v  -167.4484 -10.4983 1190.1113
v  -178.8720 -10.4983 1190.1113
v  -178.8720 -10.4983 1186.5417
v  -167.4484 -10.4983 1186.5417
v  -178.8720 -2.4542 1186.5417
v  -178.8720 -2.4542 1190.1113
v  -167.4484 -2.4542 1190.1113
v  -167.4484 -2.4542 1186.5417
v  -167.0854 -11.7898 1190.5310
v  -179.2350 -11.7898 1190.5309
v  -179.2350 -11.7898 1185.4495
v  -167.0854 -11.7898 1185.4495
v  -179.2350 -10.2316 1185.4495
v  -179.2350 -10.2316 1190.5309
v  -167.0854 -10.2316 1190.5310
v  -167.0854 -10.2316 1185.4495
v  -406.5811 95.1443 1189.7504
v  -406.5811 95.1443 1245.6013
v  -403.9287 95.1251 1242.8495
v  -403.9287 95.1251 1192.5022
v  -403.9286 91.4732 1192.5022
v  -403.9286 91.4732 1242.8495
v  -406.5811 -13.2012 1189.7504
v  -406.5811 -13.2012 1245.6013
v  -318.3619 95.1283 1242.8495
v  -319.6881 95.1411 1245.6013
v  -290.7238 95.1400 1245.6013
v  -289.8396 95.1293 1242.8495
v  -59.0090 -13.2012 1189.7504
v  -59.0090 95.1443 1189.7504
v  -59.0090 95.1443 1245.6013
v  -59.0090 -13.2012 1245.6013
v  -61.6614 95.1251 1192.5022
v  -61.6614 95.1251 1242.8495
v  -61.6615 91.4732 1192.5022
v  -61.6615 91.4732 1242.8495
v  -232.7951 95.1379 1245.6013
v  -203.4781 95.1387 1245.6013
v  -203.8097 95.1307 1242.8495
v  -232.7951 95.1315 1242.8495
v  -166.9037 29.8934 1242.7428
v  -166.9037 29.8934 1245.6013
v  -166.9037 20.5672 1245.6013
v  -166.9037 20.5672 1242.7428
v  -160.4792 20.5672 1245.6013
v  -160.4792 20.5672 1242.7428
v  -160.4792 29.8934 1245.6013
v  -160.4792 29.8934 1242.7428
v  -350.9561 29.8934 1242.7428
v  -350.9561 29.8934 1245.6013
v  -350.9561 20.5672 1245.6013
v  -350.9561 20.5672 1242.7428
v  -343.6599 20.5672 1245.6013
v  -343.6599 20.5672 1242.7428
v  -343.6599 29.8934 1245.6013
v  -343.6599 29.8934 1242.7428
v  -378.0600 29.8934 1242.7428
v  -378.0600 29.8934 1245.6013
v  -378.0600 20.5672 1245.6013
v  -378.0600 20.5672 1242.7428
v  -370.7639 20.5672 1245.6013
v  -370.7639 20.5672 1242.7428
v  -370.7639 29.8934 1245.6013
v  -370.7639 29.8934 1242.7428
v  -325.7072 29.8934 1242.7428
v  -325.7072 29.8934 1245.6013
v  -325.7072 20.5672 1245.6013
v  -325.7072 20.5672 1242.7428
v  -318.4111 20.5672 1245.6013
v  -318.4111 20.5672 1242.7428
v  -318.4111 29.8934 1245.6013
v  -318.4111 29.8934 1242.7428
v  -296.0008 29.8934 1242.7428
v  -296.0008 29.8934 1245.6013
v  -296.0008 20.5672 1245.6013
v  -296.0008 20.5672 1242.7428
v  -288.7047 20.5672 1245.6013
v  -288.7047 20.5672 1242.7428
v  -288.7047 29.8934 1245.6013
v  -288.7047 29.8934 1242.7428
v  -225.1384 29.8934 1242.7428
v  -225.1384 29.8934 1245.6013
v  -225.1384 20.5672 1245.6013
v  -225.1384 20.5672 1242.7428
v  -217.8423 20.5672 1245.6013
v  -217.8423 20.5672 1242.7428
v  -217.8423 29.8934 1245.6013
v  -217.8423 29.8934 1242.7428
v  -142.7933 29.8934 1242.7428
v  -142.7933 29.8934 1245.6013
v  -142.7933 20.5672 1245.6013
v  -142.7933 20.5672 1242.7428
v  -135.9157 20.5672 1245.6013
v  -135.9157 20.5672 1242.7428
v  -135.9157 29.8934 1245.6013
v  -135.9157 29.8934 1242.7428
v  -116.0103 29.8934 1242.7428
v  -116.0103 29.8934 1245.6013
v  -116.0103 20.5672 1245.6013
v  -116.0103 20.5672 1242.7428
v  -109.1327 20.5672 1245.6013
v  -109.1327 20.5672 1242.7428
v  -109.1327 29.8934 1245.6013
v  -109.1327 29.8934 1242.7428
v  -101.9871 20.5672 1191.4446
v  -101.9871 20.5672 1189.7504
v  -101.9871 29.8934 1189.7504
v  -101.9871 29.8934 1191.4446
v  -95.1096 29.8934 1189.7504
v  -95.1096 29.8934 1191.4446
v  -95.1096 20.5672 1189.7504
v  -95.1096 20.5672 1191.4446
v  -128.2780 20.5672 1191.4446
v  -128.2780 20.5672 1189.7504
v  -128.2780 29.8934 1189.7504
v  -128.2780 29.8934 1191.4446
v  -121.4004 29.8934 1189.7504
v  -121.4004 29.8934 1191.4446
v  -121.4004 20.5672 1189.7504
v  -121.4004 20.5672 1191.4446
v  -225.1478 20.5672 1191.4446
v  -225.1478 20.5672 1189.7504
v  -225.1478 29.8934 1189.7504
v  -225.1478 29.8934 1191.4446
v  -217.7376 29.8934 1189.7504
v  -217.7376 29.8934 1191.4446
v  -217.7376 20.5672 1189.7504
v  -217.7376 20.5672 1191.4446
v  -252.1566 20.5672 1191.4446
v  -252.1566 20.5672 1189.7504
v  -252.1566 29.8934 1189.7504
v  -252.1566 29.8934 1191.4446
v  -244.7463 29.8934 1189.7504
v  -244.7463 29.8934 1191.4446
v  -244.7463 20.5672 1189.7504
v  -244.7463 20.5672 1191.4446
v  -351.1200 20.5672 1191.4446
v  -351.1200 20.5672 1189.7504
v  -351.1200 29.8934 1189.7504
v  -351.1200 29.8934 1191.4446
v  -343.7097 29.8934 1189.7504
v  -343.7097 29.8934 1191.4446
v  -343.7097 20.5672 1189.7504
v  -343.7097 20.5672 1191.4446
v  -378.1708 20.5672 1191.4446
v  -378.1708 20.5672 1189.7504
v  -378.1708 29.8934 1189.7504
v  -378.1708 29.8934 1191.4446
v  -370.7606 29.8934 1189.7504
v  -370.7606 29.8934 1191.4446
v  -370.7606 20.5672 1189.7504
v  -370.7606 20.5672 1191.4446
v  -116.0800 -13.2012 1245.6013
v  -318.3618 91.4764 1242.8495
v  -346.8841 91.4754 1242.8495
v  -346.8842 95.1272 1242.8495
v  -203.8097 91.4788 1242.8495
v  -232.7951 91.4796 1242.8495
v  -115.5273 95.1411 1245.6013
v  -87.2682 95.1427 1245.6013
v  -89.2574 95.1267 1242.8495
v  -116.8535 95.1283 1242.8495
v  -89.2575 91.4748 1242.8495
v  -116.8535 91.4764 1242.8495
v  -174.1612 95.1395 1245.6013
v  -144.8442 95.1403 1245.6013
v  -145.8389 95.1291 1242.8495
v  -174.8242 95.1299 1242.8495
v  -145.8389 91.4772 1242.8495
v  -174.8243 91.4780 1242.8495
v  -217.2375 95.1251 1192.5022
v  -216.9963 95.1443 1189.7504
v  -248.5938 95.1443 1189.7504
v  -248.3527 95.1251 1192.5022
v  -217.2375 91.4732 1192.5022
v  -248.3527 91.4732 1192.5022
v  -217.0252 -13.2012 1245.6013
v  -167.2909 -13.2012 1245.6013
v  -136.4828 -13.2012 1245.6013
v  -144.8468 -13.2012 1245.6013
v  -160.2865 -13.2012 1245.6013
v  -226.9286 -13.2012 1245.6013
v  -377.6168 95.1432 1245.6013
v  -375.4065 95.1261 1242.8495
v  -348.6524 95.1421 1245.6013
v  -261.3174 95.1304 1242.8495
v  -261.7594 95.1390 1245.6013
v  -261.3173 91.4786 1242.8495
v  -289.8396 91.4775 1242.8495
v  -375.4064 91.4743 1242.8495
v  -288.3146 -13.2012 1245.6013
v  -296.8893 -13.2012 1245.6013
v  -317.1687 -13.2012 1245.6013
v  -326.8261 -13.2012 1245.6013
v  -338.1714 -13.2012 1245.6013
v  -366.6634 -13.2012 1245.6013
v  -356.5233 -13.2012 1245.6013
v  -367.1763 -13.2012 1189.7504
v  -90.6064 95.1443 1189.7504
v  -92.7766 95.1251 1192.5022
v  -122.2039 95.1443 1189.7504
v  -123.8918 95.1251 1192.5022
v  -153.8014 95.1443 1189.7504
v  -155.0070 95.1251 1192.5022
v  -185.3988 95.1443 1189.7504
v  -186.1223 95.1251 1192.5022
v  -374.9836 95.1443 1189.7504
v  -372.8135 95.1251 1192.5022
v  -343.3861 95.1443 1189.7504
v  -341.6983 95.1251 1192.5022
v  -311.7887 95.1443 1189.7504
v  -310.5831 95.1251 1192.5022
v  -280.1912 95.1443 1189.7504
v  -279.4679 95.1251 1192.5022
v  -92.7766 91.4732 1192.5022
v  -123.8919 91.4732 1192.5022
v  -155.0071 91.4732 1192.5022
v  -186.1223 91.4732 1192.5022
v  -372.8135 91.4732 1192.5022
v  -341.6983 91.4732 1192.5022
v  -310.5831 91.4732 1192.5022
v  -279.4679 91.4732 1192.5022
v  -354.7978 -13.2012 1189.7504
v  -340.1176 -13.2012 1189.7504
v  -253.4761 -13.2012 1189.7504
v  -242.5113 -13.2012 1189.7504
v  -215.8779 -13.2012 1189.7504
v  -229.0225 -13.2012 1189.7504
v  -134.3308 -13.2012 1189.7504
v  -107.2928 -13.2012 1189.7504
v  -115.6201 -13.2012 1189.7504
# 1656 vertices

vt -0.5591 0.8462 0.0000
vt -0.5591 0.7646 0.0000
vt -0.5591 0.8462 0.0000
vt -0.5591 0.7646 0.0000
vt 0.9462 0.8462 0.0000
vt 0.9462 0.7646 0.0000
vt 0.9462 0.8462 0.0000
vt 0.9462 0.7646 0.0000
vt 0.9462 0.8462 0.0000
vt -0.5591 0.8462 0.0000
vt -0.5591 0.7646 0.0000
vt 0.9462 0.7646 0.0000
vt 0.9462 0.7646 0.0000
vt -0.5591 0.7646 0.0000
vt -0.5591 0.8462 0.0000
vt 0.9462 0.8462 0.0000
vt 0.2817 0.8462 0.0000
vt 0.1231 0.8462 0.0000
vt 0.1231 0.7647 0.0000
vt 0.2817 0.7647 0.0000
vt 0.2817 0.7647 0.0000
vt 0.2817 0.8462 0.0000
vt 0.1231 0.8462 0.0000
vt 0.1231 0.7647 0.0000
vt 0.2817 0.7647 0.0000
vt 0.2817 0.8462 0.0000
vt 0.1231 0.8462 0.0000
vt 0.1231 0.7647 0.0000
vt 0.2817 0.7647 0.0000
vt 0.1231 0.7647 0.0000
vt 0.1231 0.8462 0.0000
vt 0.2817 0.8462 0.0000
vt 0.2838 0.6283 0.0000
vt 0.2881 0.6283 0.0000
vt 0.2845 0.6934 0.0000
vt 0.2888 0.6934 0.0000
vt 0.2386 0.6574 0.0000
vt 0.2343 0.6574 0.0000
vt 0.2343 0.6745 0.0000
vt 0.2386 0.6745 0.0000
vt 0.2395 0.6442 0.0000
vt 0.2395 0.6344 0.0000
vt 0.4758 0.4339 0.0000
vt 0.4801 0.4339 0.0000
vt 0.4801 0.4339 0.0000
vt 0.4758 0.4339 0.0000
vt 0.4758 0.0024 0.0000
vt 0.4801 0.0024 0.0000
vt 0.6344 0.4339 0.0000
vt 0.6344 0.0024 0.0000
vt 0.2838 0.6372 0.0000
vt 0.2881 0.6372 0.0000
vt 0.2888 0.7039 0.0000
vt 0.2845 0.7039 0.0000
vt 0.2386 0.6574 0.0000
vt 0.2343 0.6574 0.0000
vt 0.2343 0.6745 0.0000
vt 0.2386 0.6745 0.0000
vt 0.3193 0.6442 0.0000
vt 0.3193 0.6344 0.0000
vt 0.2838 0.6372 0.0000
vt 0.2881 0.6372 0.0000
vt 0.2888 0.7039 0.0000
vt 0.2845 0.7039 0.0000
vt 0.2386 0.6574 0.0000
vt 0.2343 0.6574 0.0000
vt 0.2343 0.6745 0.0000
vt 0.2386 0.6745 0.0000
vt 0.3193 0.6442 0.0000
vt 0.3193 0.6344 0.0000
vt 0.4758 0.4339 0.0000
vt 0.4758 0.0024 0.0000
vt 0.4801 0.0024 0.0000
vt 0.4801 0.4339 0.0000
vt 0.4801 0.4339 0.0000
vt 0.4758 0.4339 0.0000
vt 0.4758 0.0024 0.0000
vt 0.4801 0.0024 0.0000
vt 0.6344 0.4339 0.0000
vt 0.3217 0.4339 0.0000
vt 0.3217 0.0024 0.0000
vt 0.6344 0.0024 0.0000
vt 0.2838 0.6372 0.0000
vt 0.2838 0.6283 0.0000
vt 0.2881 0.6283 0.0000
vt 0.2881 0.6372 0.0000
vt 0.2888 0.7039 0.0000
vt 0.2845 0.7039 0.0000
vt 0.2845 0.6934 0.0000
vt 0.2888 0.6934 0.0000
vt 0.2386 0.6574 0.0000
vt 0.2343 0.6574 0.0000
vt 0.2343 0.6745 0.0000
vt 0.2386 0.6745 0.0000
vt 0.3193 0.6442 0.0000
vt 0.2395 0.6442 0.0000
vt 0.2395 0.6344 0.0000
vt 0.3193 0.6344 0.0000
vt 0.2838 0.6372 0.0000
vt 0.2838 0.6283 0.0000
vt 0.2881 0.6283 0.0000
vt 0.2881 0.6372 0.0000
vt 0.2888 0.7039 0.0000
vt 0.2845 0.7039 0.0000
vt 0.2845 0.6934 0.0000
vt 0.2888 0.6934 0.0000
vt 0.2386 0.6574 0.0000
vt 0.2343 0.6574 0.0000
vt 0.2343 0.6745 0.0000
vt 0.2386 0.6745 0.0000
vt 0.3193 0.6442 0.0000
vt 0.2395 0.6442 0.0000
vt 0.2395 0.6344 0.0000
vt 0.3193 0.6344 0.0000
vt 0.4758 0.4339 0.0000
vt 0.4758 0.0024 0.0000
vt 0.4801 0.0024 0.0000
vt 0.4801 0.4339 0.0000
vt 0.4801 0.4339 0.0000
vt 0.4758 0.4339 0.0000
vt 0.4758 0.0024 0.0000
vt 0.4801 0.0024 0.0000
vt 0.6344 0.4339 0.0000
vt 0.3217 0.4339 0.0000
vt 0.3217 0.0024 0.0000
vt 0.6344 0.0024 0.0000
vt 0.2838 0.6372 0.0000
vt 0.2838 0.6283 0.0000
vt 0.2881 0.6283 0.0000
vt 0.2881 0.6372 0.0000
vt 0.2888 0.7039 0.0000
vt 0.2845 0.7039 0.0000
vt 0.2845 0.6934 0.0000
vt 0.2888 0.6934 0.0000
vt 0.2386 0.6574 0.0000
vt 0.2343 0.6574 0.0000
vt 0.2343 0.6745 0.0000
vt 0.2386 0.6745 0.0000
vt 0.3193 0.6442 0.0000
vt 0.2395 0.6442 0.0000
vt 0.2395 0.6344 0.0000
vt 0.3193 0.6344 0.0000
vt 0.2838 0.6372 0.0000
vt 0.2838 0.6283 0.0000
vt 0.2881 0.6283 0.0000
vt 0.2881 0.6372 0.0000
vt 0.2888 0.7039 0.0000
vt 0.2845 0.7039 0.0000
vt 0.2845 0.6934 0.0000
vt 0.2888 0.6934 0.0000
vt 0.2386 0.6574 0.0000
vt 0.2343 0.6574 0.0000
vt 0.2343 0.6745 0.0000
vt 0.2386 0.6745 0.0000
vt 0.3193 0.6442 0.0000
vt 0.2395 0.6442 0.0000
vt 0.2395 0.6344 0.0000
vt 0.3193 0.6344 0.0000
vt 0.1096 0.7368 0.0000
vt 0.1096 0.8652 0.0000
vt 0.1053 0.8652 0.0000
vt 0.1053 0.7368 0.0000
vt 0.1053 0.7368 0.0000
vt 0.1096 0.7368 0.0000
vt 0.1096 0.8652 0.0000
vt 0.1053 0.8652 0.0000
vt 0.0003 0.6303 0.0000
vt 0.1105 0.6303 0.0000
vt 0.1105 0.8652 0.0000
vt 0.0003 0.8652 0.0000
vt 0.1105 0.6303 0.0000
vt 0.1105 0.8652 0.0000
vt 0.4758 0.4339 0.0000
vt 0.4758 0.0024 0.0000
vt 0.4801 0.0024 0.0000
vt 0.4801 0.4339 0.0000
vt 0.4801 0.4339 0.0000
vt 0.4758 0.4339 0.0000
vt 0.4758 0.0024 0.0000
vt 0.4801 0.0024 0.0000
vt 0.6344 0.4339 0.0000
vt 0.3217 0.4339 0.0000
vt 0.3217 0.0024 0.0000
vt 0.6344 0.0024 0.0000
vt 0.2838 0.6372 0.0000
vt 0.2838 0.6283 0.0000
vt 0.2881 0.6283 0.0000
vt 0.2881 0.6372 0.0000
vt 0.2888 0.7039 0.0000
vt 0.2845 0.7039 0.0000
vt 0.2845 0.6934 0.0000
vt 0.2888 0.6934 0.0000
vt 0.2386 0.6574 0.0000
vt 0.2343 0.6574 0.0000
vt 0.2343 0.6745 0.0000
vt 0.2386 0.6745 0.0000
vt 0.3193 0.6442 0.0000
vt 0.2395 0.6442 0.0000
vt 0.2395 0.6344 0.0000
vt 0.3193 0.6344 0.0000
vt 0.2838 0.6372 0.0000
vt 0.2838 0.6283 0.0000
vt 0.2881 0.6283 0.0000
vt 0.2881 0.6372 0.0000
vt 0.2888 0.7039 0.0000
vt 0.2845 0.7039 0.0000
vt 0.2845 0.6934 0.0000
vt 0.2888 0.6934 0.0000
vt 0.2386 0.6574 0.0000
vt 0.2343 0.6574 0.0000
vt 0.2343 0.6745 0.0000
vt 0.2386 0.6745 0.0000
vt 0.3193 0.6442 0.0000
vt 0.2395 0.6442 0.0000
vt 0.2395 0.6344 0.0000
vt 0.3193 0.6344 0.0000
vt 0.1096 0.7368 0.0000
vt 0.1096 0.8652 0.0000
vt 0.1053 0.8652 0.0000
vt 0.1053 0.7368 0.0000
vt 0.1053 0.7368 0.0000
vt 0.1096 0.7368 0.0000
vt 0.1096 0.8652 0.0000
vt 0.1053 0.8652 0.0000
vt 0.0003 0.6303 0.0000
vt 0.1105 0.6303 0.0000
vt 0.1105 0.8652 0.0000
vt 0.0003 0.8652 0.0000
vt 0.4758 0.4339 0.0000
vt 0.4758 0.0024 0.0000
vt 0.4801 0.0024 0.0000
vt 0.4801 0.4339 0.0000
vt 0.4801 0.4339 0.0000
vt 0.4758 0.4339 0.0000
vt 0.4758 0.0024 0.0000
vt 0.4801 0.0024 0.0000
vt 0.6344 0.4339 0.0000
vt 0.3217 0.4339 0.0000
vt 0.3217 0.0024 0.0000
vt 0.6344 0.0024 0.0000
vt 0.2838 0.6372 0.0000
vt 0.2838 0.6283 0.0000
vt 0.2881 0.6283 0.0000
vt 0.2881 0.6372 0.0000
vt 0.2888 0.7039 0.0000
vt 0.2845 0.7039 0.0000
vt 0.2845 0.6934 0.0000
vt 0.2888 0.6934 0.0000
vt 0.2386 0.6574 0.0000
vt 0.2343 0.6574 0.0000
vt 0.2343 0.6745 0.0000
vt 0.2386 0.6745 0.0000
vt 0.3193 0.6442 0.0000
vt 0.2395 0.6442 0.0000
vt 0.2395 0.6344 0.0000
vt 0.3193 0.6344 0.0000
vt 0.2838 0.6372 0.0000
vt 0.2838 0.6283 0.0000
vt 0.2881 0.6283 0.0000
vt 0.2881 0.6372 0.0000
vt 0.2888 0.7039 0.0000
vt 0.2845 0.7039 0.0000
vt 0.2845 0.6934 0.0000
vt 0.2888 0.6934 0.0000
vt 0.2386 0.6574 0.0000
vt 0.2343 0.6574 0.0000
vt 0.2343 0.6745 0.0000
vt 0.2386 0.6745 0.0000
vt 0.3193 0.6442 0.0000
vt 0.2395 0.6442 0.0000
vt 0.2395 0.6344 0.0000
vt 0.3193 0.6344 0.0000
vt 0.1096 0.7368 0.0000
vt 0.1096 0.8652 0.0000
vt 0.1053 0.8652 0.0000
vt 0.1053 0.7368 0.0000
vt 0.1053 0.7368 0.0000
vt 0.1096 0.7368 0.0000
vt 0.1096 0.8652 0.0000
vt 0.1053 0.8652 0.0000
vt 0.0003 0.6303 0.0000
vt 0.1105 0.6303 0.0000
vt 0.1105 0.8652 0.0000
vt 0.0003 0.8652 0.0000
vt 0.4758 0.4339 0.0000
vt 0.4758 0.0024 0.0000
vt 0.4801 0.0024 0.0000
vt 0.4801 0.4339 0.0000
vt 0.4801 0.4339 0.0000
vt 0.4758 0.4339 0.0000
vt 0.4758 0.0024 0.0000
vt 0.4801 0.0024 0.0000
vt 0.6344 0.4339 0.0000
vt 0.3217 0.4339 0.0000
vt 0.3217 0.0024 0.0000
vt 0.6344 0.0024 0.0000
vt 0.2838 0.6372 0.0000
vt 0.2838 0.6283 0.0000
vt 0.2881 0.6283 0.0000
vt 0.2881 0.6372 0.0000
vt 0.2888 0.7039 0.0000
vt 0.2845 0.7039 0.0000
vt 0.2845 0.6934 0.0000
vt 0.2888 0.6934 0.0000
vt 0.2386 0.6574 0.0000
vt 0.2343 0.6574 0.0000
vt 0.2343 0.6745 0.0000
vt 0.2386 0.6745 0.0000
vt 0.3193 0.6442 0.0000
vt 0.2395 0.6442 0.0000
vt 0.2395 0.6344 0.0000
vt 0.3193 0.6344 0.0000
vt 0.2838 0.6372 0.0000
vt 0.2838 0.6283 0.0000
vt 0.2881 0.6283 0.0000
vt 0.2881 0.6372 0.0000
vt 0.2888 0.7039 0.0000
vt 0.2845 0.7039 0.0000
vt 0.2845 0.6934 0.0000
vt 0.2888 0.6934 0.0000
vt 0.2386 0.6574 0.0000
vt 0.2343 0.6574 0.0000
vt 0.2343 0.6745 0.0000
vt 0.2386 0.6745 0.0000
vt 0.3193 0.6442 0.0000
vt 0.2395 0.6442 0.0000
vt 0.2395 0.6344 0.0000
vt 0.3193 0.6344 0.0000
vt 0.1096 0.7368 0.0000
vt 0.1096 0.8652 0.0000
vt 0.1053 0.8652 0.0000
vt 0.1053 0.7368 0.0000
vt 0.1053 0.7368 0.0000
vt 0.1096 0.7368 0.0000
vt 0.1096 0.8652 0.0000
vt 0.1053 0.8652 0.0000
vt 0.0003 0.6303 0.0000
vt 0.1105 0.6303 0.0000
vt 0.1105 0.8652 0.0000
vt 0.0003 0.8652 0.0000
vt 0.1053 0.8689 0.0000
vt 0.1053 0.9972 0.0000
vt 0.1010 0.9972 0.0000
vt 0.1010 0.8689 0.0000
vt 0.1010 0.8689 0.0000
vt 0.1053 0.8689 0.0000
vt 0.1053 0.9972 0.0000
vt 0.1010 0.9972 0.0000
vt 0.0023 0.8689 0.0000
vt 0.2177 0.8689 0.0000
vt 0.2177 0.9972 0.0000
vt 0.0023 0.9972 0.0000
vt 0.2477 0.5753 1.0000
vt 0.2477 0.5828 1.0000
vt 0.2377 0.5828 1.0000
vt 0.2377 0.5753 1.0000
vt 0.2573 0.5753 1.0000
vt 0.2573 0.5828 1.0000
vt 0.2475 0.5828 1.0000
vt 0.2475 0.5753 1.0000
vt 0.2372 0.5753 1.0000
vt 0.2372 0.5828 1.0000
vt 0.2274 0.5828 1.0000
vt 0.2274 0.5753 1.0000
vt 0.2471 0.5753 1.0000
vt 0.2471 0.5828 1.0000
vt 0.2573 0.5753 1.0000
vt 0.2573 0.5828 1.0000
vt 0.2274 0.5828 1.0000
vt 0.2274 0.5753 1.0000
vt 0.2477 0.5903 1.0000
vt 0.2477 0.6052 1.0000
vt 0.2377 0.6052 1.0000
vt 0.2377 0.5903 1.0000
vt 0.2573 0.5903 1.0000
vt 0.2573 0.6052 1.0000
vt 0.2475 0.6052 1.0000
vt 0.2475 0.5903 1.0000
vt 0.2372 0.5903 1.0000
vt 0.2372 0.6052 1.0000
vt 0.2274 0.6052 1.0000
vt 0.2274 0.5903 1.0000
vt 0.2471 0.5903 1.0000
vt 0.2471 0.6052 1.0000
vt 0.2573 0.5903 1.0000
vt 0.2573 0.6052 1.0000
vt 0.2274 0.6052 1.0000
vt 0.2274 0.5903 1.0000
vt 0.2377 0.5604 1.0000
vt 0.2477 0.5604 1.0000
vt 0.2475 0.5604 1.0000
vt 0.2573 0.5604 1.0000
vt 0.2274 0.5604 1.0000
vt 0.2372 0.5604 1.0000
vt 0.2471 0.5604 1.0000
vt 0.2573 0.5604 1.0000
vt 0.2274 0.5604 1.0000
vt 0.2477 0.5753 1.0000
vt 0.2477 0.5828 1.0000
vt 0.2377 0.5828 1.0000
vt 0.2377 0.5753 1.0000
vt 0.2573 0.5753 1.0000
vt 0.2573 0.5828 1.0000
vt 0.2475 0.5828 1.0000
vt 0.2475 0.5753 1.0000
vt 0.2372 0.5753 1.0000
vt 0.2372 0.5828 1.0000
vt 0.2274 0.5828 1.0000
vt 0.2274 0.5753 1.0000
vt 0.2471 0.5753 1.0000
vt 0.2471 0.5828 1.0000
vt 0.2573 0.5753 1.0000
vt 0.2573 0.5828 1.0000
vt 0.2274 0.5828 1.0000
vt 0.2274 0.5753 1.0000
vt 0.2477 0.5903 1.0000
vt 0.2477 0.6052 1.0000
vt 0.2377 0.6052 1.0000
vt 0.2377 0.5903 1.0000
vt 0.2573 0.5903 1.0000
vt 0.2573 0.6052 1.0000
vt 0.2475 0.6052 1.0000
vt 0.2475 0.5903 1.0000
vt 0.2372 0.5903 1.0000
vt 0.2372 0.6052 1.0000
vt 0.2274 0.6052 1.0000
vt 0.2274 0.5903 1.0000
vt 0.2471 0.5903 1.0000
vt 0.2471 0.6052 1.0000
vt 0.2573 0.5903 1.0000
vt 0.2573 0.6052 1.0000
vt 0.2274 0.6052 1.0000
vt 0.2274 0.5903 1.0000
vt 0.2377 0.5604 1.0000
vt 0.2477 0.5604 1.0000
vt 0.2475 0.5604 1.0000
vt 0.2573 0.5604 1.0000
vt 0.2274 0.5604 1.0000
vt 0.2372 0.5604 1.0000
vt 0.2471 0.5604 1.0000
vt 0.2573 0.5604 1.0000
vt 0.2274 0.5604 1.0000
vt 0.2477 0.5753 1.0000
vt 0.2477 0.5828 1.0000
vt 0.2377 0.5828 1.0000
vt 0.2377 0.5753 1.0000
vt 0.2573 0.5753 1.0000
vt 0.2573 0.5828 1.0000
vt 0.2475 0.5828 1.0000
vt 0.2475 0.5753 1.0000
vt 0.2372 0.5753 1.0000
vt 0.2372 0.5828 1.0000
vt 0.2274 0.5828 1.0000
vt 0.2274 0.5753 1.0000
vt 0.2471 0.5753 1.0000
vt 0.2471 0.5828 1.0000
vt 0.2573 0.5753 1.0000
vt 0.2573 0.5828 1.0000
vt 0.2274 0.5828 1.0000
vt 0.2274 0.5753 1.0000
vt 0.2477 0.5903 1.0000
vt 0.2477 0.6052 1.0000
vt 0.2377 0.6052 1.0000
vt 0.2377 0.5903 1.0000
vt 0.2573 0.5903 1.0000
vt 0.2573 0.6052 1.0000
vt 0.2475 0.6052 1.0000
vt 0.2475 0.5903 1.0000
vt 0.2372 0.5903 1.0000
vt 0.2372 0.6052 1.0000
vt 0.2274 0.6052 1.0000
vt 0.2274 0.5903 1.0000
vt 0.2471 0.5903 1.0000
vt 0.2471 0.6052 1.0000
vt 0.2573 0.5903 1.0000
vt 0.2573 0.6052 1.0000
vt 0.2274 0.6052 1.0000
vt 0.2274 0.5903 1.0000
vt 0.2477 0.5753 1.0000
vt 0.2477 0.5828 1.0000
vt 0.2377 0.5828 1.0000
vt 0.2377 0.5753 1.0000
vt 0.2573 0.5753 1.0000
vt 0.2573 0.5828 1.0000
vt 0.2475 0.5828 1.0000
vt 0.2475 0.5753 1.0000
vt 0.2372 0.5753 1.0000
vt 0.2372 0.5828 1.0000
vt 0.2274 0.5828 1.0000
vt 0.2274 0.5753 1.0000
vt 0.2471 0.5753 1.0000
vt 0.2471 0.5828 1.0000
vt 0.2573 0.5753 1.0000
vt 0.2573 0.5828 1.0000
vt 0.2274 0.5828 1.0000
vt 0.2274 0.5753 1.0000
vt 0.2477 0.5903 1.0000
vt 0.2477 0.6052 1.0000
vt 0.2377 0.6052 1.0000
vt 0.2377 0.5903 1.0000
vt 0.2573 0.5903 1.0000
vt 0.2573 0.6052 1.0000
vt 0.2475 0.6052 1.0000
vt 0.2475 0.5903 1.0000
vt 0.2372 0.5903 1.0000
vt 0.2372 0.6052 1.0000
vt 0.2274 0.6052 1.0000
vt 0.2274 0.5903 1.0000
vt 0.2471 0.5903 1.0000
vt 0.2471 0.6052 1.0000
vt 0.2573 0.5903 1.0000
vt 0.2573 0.6052 1.0000
vt 0.2274 0.6052 1.0000
vt 0.2274 0.5903 1.0000
vt 0.2377 0.5704 1.0000
vt 0.2377 0.5654 1.0000
vt 0.2477 0.5654 1.0000
vt 0.2477 0.5704 1.0000
vt 0.2475 0.5704 1.0000
vt 0.2475 0.5654 1.0000
vt 0.2573 0.5654 1.0000
vt 0.2573 0.5704 1.0000
vt 0.2274 0.5704 1.0000
vt 0.2274 0.5654 1.0000
vt 0.2372 0.5654 1.0000
vt 0.2372 0.5704 1.0000
vt 0.2471 0.5654 1.0000
vt 0.2471 0.5704 1.0000
vt 0.2573 0.5654 1.0000
vt 0.2573 0.5704 1.0000
vt 0.2274 0.5704 1.0000
vt 0.2274 0.5654 1.0000
vt 0.2377 0.5604 1.0000
vt 0.2477 0.5604 1.0000
vt 0.2475 0.5604 1.0000
vt 0.2573 0.5604 1.0000
vt 0.2274 0.5604 1.0000
vt 0.2372 0.5604 1.0000
vt 0.2471 0.5604 1.0000
vt 0.2573 0.5604 1.0000
vt 0.2274 0.5604 1.0000
vt 0.2838 0.6283 0.0000
vt 0.2881 0.6283 0.0000
vt 0.2888 0.6934 0.0000
vt 0.2845 0.6934 0.0000
vt 0.2386 0.6745 0.0000
vt 0.2386 0.6574 0.0000
vt 0.2343 0.6574 0.0000
vt 0.2343 0.6745 0.0000
vt 0.2395 0.6442 0.0000
vt 0.2395 0.6344 0.0000
vt 0.4758 0.4339 0.0000
vt 0.4801 0.4339 0.0000
vt 0.4801 0.4339 0.0000
vt 0.4801 0.0024 0.0000
vt 0.4758 0.0024 0.0000
vt 0.4758 0.4339 0.0000
vt 0.6344 0.4339 0.0000
vt 0.6344 0.0024 0.0000
vt 0.2838 0.6372 0.0000
vt 0.2881 0.6372 0.0000
vt 0.2888 0.7039 0.0000
vt 0.2845 0.7039 0.0000
vt 0.2386 0.6574 0.0000
vt 0.2386 0.6745 0.0000
vt 0.2343 0.6745 0.0000
vt 0.2343 0.6574 0.0000
vt 0.3193 0.6442 0.0000
vt 0.3193 0.6344 0.0000
vt 0.2838 0.6372 0.0000
vt 0.2881 0.6372 0.0000
vt 0.2888 0.7039 0.0000
vt 0.2845 0.7039 0.0000
vt 0.2386 0.6574 0.0000
vt 0.2386 0.6745 0.0000
vt 0.2343 0.6745 0.0000
vt 0.2343 0.6574 0.0000
vt 0.3193 0.6442 0.0000
vt 0.3193 0.6344 0.0000
vt 0.4758 0.4339 0.0000
vt 0.4801 0.4339 0.0000
vt 0.4801 0.0024 0.0000
vt 0.4758 0.0024 0.0000
vt 0.4801 0.4339 0.0000
vt 0.4801 0.0024 0.0000
vt 0.4758 0.0024 0.0000
vt 0.4758 0.4339 0.0000
vt 0.6344 0.4339 0.0000
vt 0.6344 0.0024 0.0000
vt 0.3217 0.0024 0.0000
vt 0.3217 0.4339 0.0000
vt 0.2838 0.6372 0.0000
vt 0.2881 0.6372 0.0000
vt 0.2881 0.6283 0.0000
vt 0.2838 0.6283 0.0000
vt 0.2888 0.7039 0.0000
vt 0.2888 0.6934 0.0000
vt 0.2845 0.6934 0.0000
vt 0.2845 0.7039 0.0000
vt 0.2386 0.6574 0.0000
vt 0.2386 0.6745 0.0000
vt 0.2343 0.6745 0.0000
vt 0.2343 0.6574 0.0000
vt 0.3193 0.6442 0.0000
vt 0.3193 0.6344 0.0000
vt 0.2395 0.6344 0.0000
vt 0.2395 0.6442 0.0000
vt 0.2838 0.6372 0.0000
vt 0.2881 0.6372 0.0000
vt 0.2881 0.6283 0.0000
vt 0.2838 0.6283 0.0000
vt 0.2888 0.7039 0.0000
vt 0.2888 0.6934 0.0000
vt 0.2845 0.6934 0.0000
vt 0.2845 0.7039 0.0000
vt 0.2386 0.6574 0.0000
vt 0.2386 0.6745 0.0000
vt 0.2343 0.6745 0.0000
vt 0.2343 0.6574 0.0000
vt 0.3193 0.6442 0.0000
vt 0.3193 0.6344 0.0000
vt 0.2395 0.6344 0.0000
vt 0.2395 0.6442 0.0000
vt 0.4758 0.4339 0.0000
vt 0.4801 0.4339 0.0000
vt 0.4801 0.0024 0.0000
vt 0.4758 0.0024 0.0000
vt 0.4801 0.4339 0.0000
vt 0.4801 0.0024 0.0000
vt 0.4758 0.0024 0.0000
vt 0.4758 0.4339 0.0000
vt 0.6344 0.4339 0.0000
vt 0.6344 0.0024 0.0000
vt 0.3217 0.0024 0.0000
vt 0.3217 0.4339 0.0000
vt 0.2838 0.6372 0.0000
vt 0.2881 0.6372 0.0000
vt 0.2881 0.6283 0.0000
vt 0.2838 0.6283 0.0000
vt 0.2888 0.7039 0.0000
vt 0.2888 0.6934 0.0000
vt 0.2845 0.6934 0.0000
vt 0.2845 0.7039 0.0000
vt 0.2386 0.6574 0.0000
vt 0.2386 0.6745 0.0000
vt 0.2343 0.6745 0.0000
vt 0.2343 0.6574 0.0000
vt 0.3193 0.6442 0.0000
vt 0.3193 0.6344 0.0000
vt 0.2395 0.6344 0.0000
vt 0.2395 0.6442 0.0000
vt 0.2838 0.6372 0.0000
vt 0.2881 0.6372 0.0000
vt 0.2881 0.6283 0.0000
vt 0.2838 0.6283 0.0000
vt 0.2888 0.7039 0.0000
vt 0.2888 0.6934 0.0000
vt 0.2845 0.6934 0.0000
vt 0.2845 0.7039 0.0000
vt 0.2386 0.6574 0.0000
vt 0.2386 0.6745 0.0000
vt 0.2343 0.6745 0.0000
vt 0.2343 0.6574 0.0000
vt 0.3193 0.6442 0.0000
vt 0.3193 0.6344 0.0000
vt 0.2395 0.6344 0.0000
vt 0.2395 0.6442 0.0000
vt 0.1096 0.7368 0.0000
vt 0.1053 0.7368 0.0000
vt 0.1053 0.8652 0.0000
vt 0.1096 0.8652 0.0000
vt 0.1053 0.7368 0.0000
vt 0.1053 0.8652 0.0000
vt 0.1096 0.8652 0.0000
vt 0.1096 0.7368 0.0000
vt 0.0003 0.6303 0.0000
vt 0.0003 0.8652 0.0000
vt 0.1105 0.8652 0.0000
vt 0.1105 0.6303 0.0000
vt 0.1105 0.6303 0.0000
vt 0.1105 0.8652 0.0000
vt 0.4758 0.4339 0.0000
vt 0.4801 0.4339 0.0000
vt 0.4801 0.0024 0.0000
vt 0.4758 0.0024 0.0000
vt 0.4801 0.4339 0.0000
vt 0.4801 0.0024 0.0000
vt 0.4758 0.0024 0.0000
vt 0.4758 0.4339 0.0000
vt 0.6344 0.4339 0.0000
vt 0.6344 0.0024 0.0000
vt 0.3217 0.0024 0.0000
vt 0.3217 0.4339 0.0000
vt 0.2838 0.6372 0.0000
vt 0.2881 0.6372 0.0000
vt 0.2881 0.6283 0.0000
vt 0.2838 0.6283 0.0000
vt 0.2888 0.7039 0.0000
vt 0.2888 0.6934 0.0000
vt 0.2845 0.6934 0.0000
vt 0.2845 0.7039 0.0000
vt 0.2386 0.6574 0.0000
vt 0.2386 0.6745 0.0000
vt 0.2343 0.6745 0.0000
vt 0.2343 0.6574 0.0000
vt 0.3193 0.6442 0.0000
vt 0.3193 0.6344 0.0000
vt 0.2395 0.6344 0.0000
vt 0.2395 0.6442 0.0000
vt 0.2838 0.6372 0.0000
vt 0.2881 0.6372 0.0000
vt 0.2881 0.6283 0.0000
vt 0.2838 0.6283 0.0000
vt 0.2888 0.7039 0.0000
vt 0.2888 0.6934 0.0000
vt 0.2845 0.6934 0.0000
vt 0.2845 0.7039 0.0000
vt 0.2386 0.6574 0.0000
vt 0.2386 0.6745 0.0000
vt 0.2343 0.6745 0.0000
vt 0.2343 0.6574 0.0000
vt 0.3193 0.6442 0.0000
vt 0.3193 0.6344 0.0000
vt 0.2395 0.6344 0.0000
vt 0.2395 0.6442 0.0000
vt 0.1096 0.7368 0.0000
vt 0.1053 0.7368 0.0000
vt 0.1053 0.8652 0.0000
vt 0.1096 0.8652 0.0000
vt 0.1053 0.7368 0.0000
vt 0.1053 0.8652 0.0000
vt 0.1096 0.8652 0.0000
vt 0.1096 0.7368 0.0000
vt 0.0003 0.6303 0.0000
vt 0.0003 0.8652 0.0000
vt 0.1105 0.8652 0.0000
vt 0.1105 0.6303 0.0000
vt 0.4758 0.4339 0.0000
vt 0.4801 0.4339 0.0000
vt 0.4801 0.0024 0.0000
vt 0.4758 0.0024 0.0000
vt 0.4801 0.4339 0.0000
vt 0.4801 0.0024 0.0000
vt 0.4758 0.0024 0.0000
vt 0.4758 0.4339 0.0000
vt 0.6344 0.4339 0.0000
vt 0.6344 0.0024 0.0000
vt 0.3217 0.0024 0.0000
vt 0.3217 0.4339 0.0000
vt 0.2838 0.6372 0.0000
vt 0.2881 0.6372 0.0000
vt 0.2881 0.6283 0.0000
vt 0.2838 0.6283 0.0000
vt 0.2888 0.7039 0.0000
vt 0.2888 0.6934 0.0000
vt 0.2845 0.6934 0.0000
vt 0.2845 0.7039 0.0000
vt 0.2386 0.6574 0.0000
vt 0.2386 0.6745 0.0000
vt 0.2343 0.6745 0.0000
vt 0.2343 0.6574 0.0000
vt 0.3193 0.6442 0.0000
vt 0.3193 0.6344 0.0000
vt 0.2395 0.6344 0.0000
vt 0.2395 0.6442 0.0000
vt 0.2838 0.6372 0.0000
vt 0.2881 0.6372 0.0000
vt 0.2881 0.6283 0.0000
vt 0.2838 0.6283 0.0000
vt 0.2888 0.7039 0.0000
vt 0.2888 0.6934 0.0000
vt 0.2845 0.6934 0.0000
vt 0.2845 0.7039 0.0000
vt 0.2386 0.6574 0.0000
vt 0.2386 0.6745 0.0000
vt 0.2343 0.6745 0.0000
vt 0.2343 0.6574 0.0000
vt 0.3193 0.6442 0.0000
vt 0.3193 0.6344 0.0000
vt 0.2395 0.6344 0.0000
vt 0.2395 0.6442 0.0000
vt 0.1096 0.7368 0.0000
vt 0.1053 0.7368 0.0000
vt 0.1053 0.8652 0.0000
vt 0.1096 0.8652 0.0000
vt 0.1053 0.7368 0.0000
vt 0.1053 0.8652 0.0000
vt 0.1096 0.8652 0.0000
vt 0.1096 0.7368 0.0000
vt 0.0003 0.6303 0.0000
vt 0.0003 0.8652 0.0000
vt 0.1105 0.8652 0.0000
vt 0.1105 0.6303 0.0000
vt 0.4758 0.4339 0.0000
vt 0.4801 0.4339 0.0000
vt 0.4801 0.0024 0.0000
vt 0.4758 0.0024 0.0000
vt 0.4801 0.4339 0.0000
vt 0.4801 0.0024 0.0000
vt 0.4758 0.0024 0.0000
vt 0.4758 0.4339 0.0000
vt 0.6344 0.4339 0.0000
vt 0.6344 0.0024 0.0000
vt 0.3217 0.0024 0.0000
vt 0.3217 0.4339 0.0000
vt 0.2838 0.6372 0.0000
vt 0.2881 0.6372 0.0000
vt 0.2881 0.6283 0.0000
vt 0.2838 0.6283 0.0000
vt 0.2888 0.7039 0.0000
vt 0.2888 0.6934 0.0000
vt 0.2845 0.6934 0.0000
vt 0.2845 0.7039 0.0000
vt 0.2386 0.6574 0.0000
vt 0.2386 0.6745 0.0000
vt 0.2343 0.6745 0.0000
vt 0.2343 0.6574 0.0000
vt 0.3193 0.6442 0.0000
vt 0.3193 0.6344 0.0000
vt 0.2395 0.6344 0.0000
vt 0.2395 0.6442 0.0000
vt 0.2838 0.6372 0.0000
vt 0.2881 0.6372 0.0000
vt 0.2881 0.6283 0.0000
vt 0.2838 0.6283 0.0000
vt 0.2888 0.7039 0.0000
vt 0.2888 0.6934 0.0000
vt 0.2845 0.6934 0.0000
vt 0.2845 0.7039 0.0000
vt 0.2386 0.6574 0.0000
vt 0.2386 0.6745 0.0000
vt 0.2343 0.6745 0.0000
vt 0.2343 0.6574 0.0000
vt 0.3193 0.6442 0.0000
vt 0.3193 0.6344 0.0000
vt 0.2395 0.6344 0.0000
vt 0.2395 0.6442 0.0000
vt 0.1096 0.7368 0.0000
vt 0.1053 0.7368 0.0000
vt 0.1053 0.8652 0.0000
vt 0.1096 0.8652 0.0000
vt 0.1053 0.7368 0.0000
vt 0.1053 0.8652 0.0000
vt 0.1096 0.8652 0.0000
vt 0.1096 0.7368 0.0000
vt 0.0003 0.6303 0.0000
vt 0.0003 0.8652 0.0000
vt 0.1105 0.8652 0.0000
vt 0.1105 0.6303 0.0000
vt 0.1053 0.8689 0.0000
vt 0.1053 0.9972 0.0000
vt 0.1010 0.9972 0.0000
vt 0.1010 0.8689 0.0000
vt 0.1010 0.8689 0.0000
vt 0.1053 0.8689 0.0000
vt 0.1053 0.9972 0.0000
vt 0.1010 0.9972 0.0000
vt 0.0023 0.8689 0.0000
vt 0.2177 0.8689 0.0000
vt 0.2177 0.9972 0.0000
vt 0.0023 0.9972 0.0000
vt 0.2377 0.5828 1.0000
vt 0.2377 0.5753 1.0000
vt 0.2477 0.5753 1.0000
vt 0.2477 0.5828 1.0000
vt 0.2573 0.5828 1.0000
vt 0.2475 0.5828 1.0000
vt 0.2475 0.5753 1.0000
vt 0.2573 0.5753 1.0000
vt 0.2372 0.5828 1.0000
vt 0.2274 0.5828 1.0000
vt 0.2274 0.5753 1.0000
vt 0.2372 0.5753 1.0000
vt 0.2471 0.5753 1.0000
vt 0.2471 0.5828 1.0000
vt 0.2573 0.5753 1.0000
vt 0.2573 0.5828 1.0000
vt 0.2274 0.5828 1.0000
vt 0.2274 0.5753 1.0000
vt 0.2377 0.6052 1.0000
vt 0.2377 0.5903 1.0000
vt 0.2477 0.5903 1.0000
vt 0.2477 0.6052 1.0000
vt 0.2475 0.6052 1.0000
vt 0.2475 0.5903 1.0000
vt 0.2573 0.5903 1.0000
vt 0.2573 0.6052 1.0000
vt 0.2274 0.6052 1.0000
vt 0.2274 0.5903 1.0000
vt 0.2372 0.5903 1.0000
vt 0.2372 0.6052 1.0000
vt 0.2471 0.6052 1.0000
vt 0.2471 0.5903 1.0000
vt 0.2573 0.6052 1.0000
vt 0.2573 0.5903 1.0000
vt 0.2274 0.6052 1.0000
vt 0.2274 0.5903 1.0000
vt 0.2377 0.5604 1.0000
vt 0.2477 0.5604 1.0000
vt 0.2475 0.5604 1.0000
vt 0.2573 0.5604 1.0000
vt 0.2274 0.5604 1.0000
vt 0.2372 0.5604 1.0000
vt 0.2471 0.5604 1.0000
vt 0.2573 0.5604 1.0000
vt 0.2274 0.5604 1.0000
vt 0.2377 0.5828 1.0000
vt 0.2377 0.5753 1.0000
vt 0.2477 0.5753 1.0000
vt 0.2477 0.5828 1.0000
vt 0.2573 0.5828 1.0000
vt 0.2475 0.5828 1.0000
vt 0.2475 0.5753 1.0000
vt 0.2573 0.5753 1.0000
vt 0.2372 0.5828 1.0000
vt 0.2274 0.5828 1.0000
vt 0.2274 0.5753 1.0000
vt 0.2372 0.5753 1.0000
vt 0.2471 0.5753 1.0000
vt 0.2471 0.5828 1.0000
vt 0.2573 0.5753 1.0000
vt 0.2573 0.5828 1.0000
vt 0.2274 0.5828 1.0000
vt 0.2274 0.5753 1.0000
vt 0.2377 0.6052 1.0000
vt 0.2377 0.5903 1.0000
vt 0.2477 0.5903 1.0000
vt 0.2477 0.6052 1.0000
vt 0.2475 0.6052 1.0000
vt 0.2475 0.5903 1.0000
vt 0.2573 0.5903 1.0000
vt 0.2573 0.6052 1.0000
vt 0.2274 0.6052 1.0000
vt 0.2274 0.5903 1.0000
vt 0.2372 0.5903 1.0000
vt 0.2372 0.6052 1.0000
vt 0.2471 0.6052 1.0000
vt 0.2471 0.5903 1.0000
vt 0.2573 0.6052 1.0000
vt 0.2573 0.5903 1.0000
vt 0.2274 0.6052 1.0000
vt 0.2274 0.5903 1.0000
vt 0.2377 0.5604 1.0000
vt 0.2477 0.5604 1.0000
vt 0.2475 0.5604 1.0000
vt 0.2573 0.5604 1.0000
vt 0.2274 0.5604 1.0000
vt 0.2372 0.5604 1.0000
vt 0.2471 0.5604 1.0000
vt 0.2573 0.5604 1.0000
vt 0.2274 0.5604 1.0000
vt 0.2377 0.5828 1.0000
vt 0.2377 0.5753 1.0000
vt 0.2477 0.5753 1.0000
vt 0.2477 0.5828 1.0000
vt 0.2573 0.5828 1.0000
vt 0.2475 0.5828 1.0000
vt 0.2475 0.5753 1.0000
vt 0.2573 0.5753 1.0000
vt 0.2372 0.5828 1.0000
vt 0.2274 0.5828 1.0000
vt 0.2274 0.5753 1.0000
vt 0.2372 0.5753 1.0000
vt 0.2471 0.5753 1.0000
vt 0.2471 0.5828 1.0000
vt 0.2573 0.5753 1.0000
vt 0.2573 0.5828 1.0000
vt 0.2274 0.5828 1.0000
vt 0.2274 0.5753 1.0000
vt 0.2377 0.6052 1.0000
vt 0.2377 0.5903 1.0000
vt 0.2477 0.5903 1.0000
vt 0.2477 0.6052 1.0000
vt 0.2475 0.6052 1.0000
vt 0.2475 0.5903 1.0000
vt 0.2573 0.5903 1.0000
vt 0.2573 0.6052 1.0000
vt 0.2274 0.6052 1.0000
vt 0.2274 0.5903 1.0000
vt 0.2372 0.5903 1.0000
vt 0.2372 0.6052 1.0000
vt 0.2471 0.6052 1.0000
vt 0.2471 0.5903 1.0000
vt 0.2573 0.6052 1.0000
vt 0.2573 0.5903 1.0000
vt 0.2274 0.6052 1.0000
vt 0.2274 0.5903 1.0000
vt 0.2377 0.5828 1.0000
vt 0.2377 0.5753 1.0000
vt 0.2477 0.5753 1.0000
vt 0.2477 0.5828 1.0000
vt 0.2573 0.5828 1.0000
vt 0.2475 0.5828 1.0000
vt 0.2475 0.5753 1.0000
vt 0.2573 0.5753 1.0000
vt 0.2372 0.5828 1.0000
vt 0.2274 0.5828 1.0000
vt 0.2274 0.5753 1.0000
vt 0.2372 0.5753 1.0000
vt 0.2471 0.5753 1.0000
vt 0.2471 0.5828 1.0000
vt 0.2573 0.5753 1.0000
vt 0.2573 0.5828 1.0000
vt 0.2274 0.5828 1.0000
vt 0.2274 0.5753 1.0000
vt 0.2377 0.6052 1.0000
vt 0.2377 0.5903 1.0000
vt 0.2477 0.5903 1.0000
vt 0.2477 0.6052 1.0000
vt 0.2475 0.6052 1.0000
vt 0.2475 0.5903 1.0000
vt 0.2573 0.5903 1.0000
vt 0.2573 0.6052 1.0000
vt 0.2274 0.6052 1.0000
vt 0.2274 0.5903 1.0000
vt 0.2372 0.5903 1.0000
vt 0.2372 0.6052 1.0000
vt 0.2471 0.6052 1.0000
vt 0.2471 0.5903 1.0000
vt 0.2573 0.6052 1.0000
vt 0.2573 0.5903 1.0000
vt 0.2274 0.6052 1.0000
vt 0.2274 0.5903 1.0000
vt 0.2477 0.5654 1.0000
vt 0.2477 0.5704 1.0000
vt 0.2377 0.5704 1.0000
vt 0.2377 0.5654 1.0000
vt 0.2573 0.5654 1.0000
vt 0.2573 0.5704 1.0000
vt 0.2475 0.5704 1.0000
vt 0.2475 0.5654 1.0000
vt 0.2372 0.5654 1.0000
vt 0.2372 0.5704 1.0000
vt 0.2274 0.5704 1.0000
vt 0.2274 0.5654 1.0000
vt 0.2471 0.5654 1.0000
vt 0.2471 0.5704 1.0000
vt 0.2573 0.5654 1.0000
vt 0.2573 0.5704 1.0000
vt 0.2274 0.5704 1.0000
vt 0.2274 0.5654 1.0000
vt 0.2477 0.5604 1.0000
vt 0.2377 0.5604 1.0000
vt 0.2573 0.5604 1.0000
vt 0.2475 0.5604 1.0000
vt 0.2372 0.5604 1.0000
vt 0.2274 0.5604 1.0000
vt 0.2471 0.5604 1.0000
vt 0.2573 0.5604 1.0000
vt 0.2274 0.5604 1.0000
vt 0.2838 0.6353 0.0000
vt 0.3025 0.6344 0.0000
vt 0.2881 0.6353 0.0000
vt 0.2888 0.7017 0.0000
vt 0.3025 0.6442 0.0000
vt 0.2845 0.7017 0.0000
vt 0.4801 0.2074 0.0000
vt 0.4758 0.2074 0.0000
vt 0.4703 0.0024 0.0000
vt 0.4801 0.2074 0.0000
vt 0.4703 0.4339 0.0000
vt 0.4758 0.2074 0.0000
vt 0.2881 0.6326 0.0000
vt 0.2838 0.6326 0.0000
vt 0.2776 0.6344 0.0000
vt 0.2888 0.6984 0.0000
vt 0.2776 0.6442 0.0000
vt 0.2845 0.6984 0.0000
vt 0.2881 0.6326 0.0000
vt 0.2838 0.6326 0.0000
vt 0.2776 0.6344 0.0000
vt 0.2888 0.6984 0.0000
vt 0.2776 0.6442 0.0000
vt 0.2845 0.6984 0.0000
vt 0.2377 0.5722 1.0000
vt 0.2477 0.5722 1.0000
vt 0.2475 0.5722 1.0000
vt 0.2573 0.5722 1.0000
vt 0.2274 0.5722 1.0000
vt 0.2372 0.5722 1.0000
vt 0.2471 0.5722 1.0000
vt 0.2573 0.5722 1.0000
vt 0.2274 0.5722 1.0000
vt 0.2838 0.6353 0.0000
vt 0.3025 0.6344 0.0000
vt 0.2881 0.6353 0.0000
vt 0.2888 0.7017 0.0000
vt 0.3025 0.6442 0.0000
vt 0.2845 0.7017 0.0000
vt 0.4801 0.2074 0.0000
vt 0.4758 0.2074 0.0000
vt 0.4703 0.0024 0.0000
vt 0.4801 0.2074 0.0000
vt 0.4703 0.4339 0.0000
vt 0.4758 0.2074 0.0000
vt 0.2881 0.6326 0.0000
vt 0.2838 0.6326 0.0000
vt 0.2776 0.6344 0.0000
vt 0.2888 0.6984 0.0000
vt 0.2776 0.6442 0.0000
vt 0.2845 0.6984 0.0000
vt 0.2881 0.6326 0.0000
vt 0.2838 0.6326 0.0000
vt 0.2776 0.6344 0.0000
vt 0.2888 0.6984 0.0000
vt 0.2776 0.6442 0.0000
vt 0.2845 0.6984 0.0000
vt 0.2377 0.5722 1.0000
vt 0.2477 0.5722 1.0000
vt 0.2475 0.5722 1.0000
vt 0.2573 0.5722 1.0000
vt 0.2274 0.5722 1.0000
vt 0.2372 0.5722 1.0000
vt 0.2471 0.5722 1.0000
vt 0.2573 0.5722 1.0000
vt 0.2274 0.5722 1.0000
vt 0.2888 0.6934 0.0000
vt 0.2888 0.7017 0.0000
vt 0.2845 0.7017 0.0000
vt 0.2845 0.6934 0.0000
vt 0.2386 0.6745 0.0000
vt 0.2386 0.6574 0.0000
vt 0.2343 0.6574 0.0000
vt 0.2343 0.6745 0.0000
vt 0.4758 0.4339 0.0000
vt 0.4801 0.4339 0.0000
vt 0.4801 0.2074 0.0000
vt 0.4758 0.2074 0.0000
vt 0.4801 0.2074 0.0000
vt 0.4758 0.2074 0.0000
vt 0.6344 0.4339 0.0000
vt 0.6344 0.0024 0.0000
vt 0.4703 0.0024 0.0000
vt 0.4703 0.4339 0.0000
vt 0.4801 0.4339 0.0000
vt 0.4801 0.0024 0.0000
vt 0.4758 0.0024 0.0000
vt 0.4758 0.4339 0.0000
vt 0.2838 0.6372 0.0000
vt 0.2881 0.6372 0.0000
vt 0.2881 0.6326 0.0000
vt 0.2838 0.6326 0.0000
vt 0.2888 0.7039 0.0000
vt 0.2888 0.6984 0.0000
vt 0.2845 0.6984 0.0000
vt 0.2845 0.7039 0.0000
vt 0.3193 0.6442 0.0000
vt 0.3193 0.6344 0.0000
vt 0.2776 0.6344 0.0000
vt 0.2776 0.6442 0.0000
vt 0.2386 0.6574 0.0000
vt 0.2386 0.6745 0.0000
vt 0.2343 0.6745 0.0000
vt 0.2343 0.6574 0.0000
vt 0.2838 0.6372 0.0000
vt 0.2881 0.6372 0.0000
vt 0.2881 0.6326 0.0000
vt 0.2838 0.6326 0.0000
vt 0.2888 0.7039 0.0000
vt 0.2888 0.6984 0.0000
vt 0.2845 0.6984 0.0000
vt 0.2845 0.7039 0.0000
vt 0.3193 0.6442 0.0000
vt 0.3193 0.6344 0.0000
vt 0.2776 0.6344 0.0000
vt 0.2776 0.6442 0.0000
vt 0.2386 0.6574 0.0000
vt 0.2386 0.6745 0.0000
vt 0.2343 0.6745 0.0000
vt 0.2343 0.6574 0.0000
vt 0.4758 0.4339 0.0000
vt 0.4801 0.4339 0.0000
vt 0.4801 0.0024 0.0000
vt 0.4758 0.0024 0.0000
vt 0.4801 0.4339 0.0000
vt 0.4801 0.0024 0.0000
vt 0.4758 0.0024 0.0000
vt 0.4758 0.4339 0.0000
vt 0.6344 0.4339 0.0000
vt 0.6344 0.0024 0.0000
vt 0.3217 0.0024 0.0000
vt 0.3217 0.4339 0.0000
vt 0.2838 0.6372 0.0000
vt 0.2881 0.6372 0.0000
vt 0.2881 0.6283 0.0000
vt 0.2838 0.6283 0.0000
vt 0.2888 0.7039 0.0000
vt 0.2888 0.6934 0.0000
vt 0.2845 0.6934 0.0000
vt 0.2845 0.7039 0.0000
vt 0.2386 0.6574 0.0000
vt 0.2386 0.6745 0.0000
vt 0.2343 0.6745 0.0000
vt 0.2343 0.6574 0.0000
vt 0.3193 0.6442 0.0000
vt 0.3193 0.6344 0.0000
vt 0.2395 0.6344 0.0000
vt 0.2395 0.6442 0.0000
vt 0.2838 0.6372 0.0000
vt 0.2881 0.6372 0.0000
vt 0.2881 0.6283 0.0000
vt 0.2838 0.6283 0.0000
vt 0.2888 0.7039 0.0000
vt 0.2888 0.6934 0.0000
vt 0.2845 0.6934 0.0000
vt 0.2845 0.7039 0.0000
vt 0.2386 0.6574 0.0000
vt 0.2386 0.6745 0.0000
vt 0.2343 0.6745 0.0000
vt 0.2343 0.6574 0.0000
vt 0.3193 0.6442 0.0000
vt 0.3193 0.6344 0.0000
vt 0.2395 0.6344 0.0000
vt 0.2395 0.6442 0.0000
vt 0.4758 0.4339 0.0000
vt 0.4801 0.4339 0.0000
vt 0.4801 0.0024 0.0000
vt 0.4758 0.0024 0.0000
vt 0.4801 0.4339 0.0000
vt 0.4801 0.0024 0.0000
vt 0.4758 0.0024 0.0000
vt 0.4758 0.4339 0.0000
vt 0.6344 0.4339 0.0000
vt 0.6344 0.0024 0.0000
vt 0.3217 0.0024 0.0000
vt 0.3217 0.4339 0.0000
vt 0.2838 0.6372 0.0000
vt 0.2881 0.6372 0.0000
vt 0.2881 0.6283 0.0000
vt 0.2838 0.6283 0.0000
vt 0.2888 0.7039 0.0000
vt 0.2888 0.6934 0.0000
vt 0.2845 0.6934 0.0000
vt 0.2845 0.7039 0.0000
vt 0.2386 0.6574 0.0000
vt 0.2386 0.6745 0.0000
vt 0.2343 0.6745 0.0000
vt 0.2343 0.6574 0.0000
vt 0.3193 0.6442 0.0000
vt 0.3193 0.6344 0.0000
vt 0.2395 0.6344 0.0000
vt 0.2395 0.6442 0.0000
vt 0.2838 0.6372 0.0000
vt 0.2881 0.6372 0.0000
vt 0.2881 0.6283 0.0000
vt 0.2838 0.6283 0.0000
vt 0.2888 0.7039 0.0000
vt 0.2888 0.6934 0.0000
vt 0.2845 0.6934 0.0000
vt 0.2845 0.7039 0.0000
vt 0.2386 0.6574 0.0000
vt 0.2386 0.6745 0.0000
vt 0.2343 0.6745 0.0000
vt 0.2343 0.6574 0.0000
vt 0.3193 0.6442 0.0000
vt 0.3193 0.6344 0.0000
vt 0.2395 0.6344 0.0000
vt 0.2395 0.6442 0.0000
vt 0.1096 0.7368 0.0000
vt 0.1053 0.7368 0.0000
vt 0.1053 0.8652 0.0000
vt 0.1096 0.8652 0.0000
vt 0.1053 0.7368 0.0000
vt 0.1053 0.8652 0.0000
vt 0.1096 0.8652 0.0000
vt 0.1096 0.7368 0.0000
vt 0.0003 0.6303 0.0000
vt 0.0003 0.8652 0.0000
vt 0.1105 0.8652 0.0000
vt 0.1105 0.6303 0.0000
vt 0.1105 0.6303 0.0000
vt 0.1105 0.8652 0.0000
vt 0.4758 0.4339 0.0000
vt 0.4801 0.4339 0.0000
vt 0.4801 0.0024 0.0000
vt 0.4758 0.0024 0.0000
vt 0.4801 0.4339 0.0000
vt 0.4801 0.0024 0.0000
vt 0.4758 0.0024 0.0000
vt 0.4758 0.4339 0.0000
vt 0.6344 0.4339 0.0000
vt 0.6344 0.0024 0.0000
vt 0.3217 0.0024 0.0000
vt 0.3217 0.4339 0.0000
vt 0.2838 0.6372 0.0000
vt 0.2881 0.6372 0.0000
vt 0.2881 0.6283 0.0000
vt 0.2838 0.6283 0.0000
vt 0.2888 0.7039 0.0000
vt 0.2888 0.6934 0.0000
vt 0.2845 0.6934 0.0000
vt 0.2845 0.7039 0.0000
vt 0.2386 0.6574 0.0000
vt 0.2386 0.6745 0.0000
vt 0.2343 0.6745 0.0000
vt 0.2343 0.6574 0.0000
vt 0.3193 0.6442 0.0000
vt 0.3193 0.6344 0.0000
vt 0.2395 0.6344 0.0000
vt 0.2395 0.6442 0.0000
vt 0.2838 0.6372 0.0000
vt 0.2881 0.6372 0.0000
vt 0.2881 0.6283 0.0000
vt 0.2838 0.6283 0.0000
vt 0.2888 0.7039 0.0000
vt 0.2888 0.6934 0.0000
vt 0.2845 0.6934 0.0000
vt 0.2845 0.7039 0.0000
vt 0.2386 0.6574 0.0000
vt 0.2386 0.6745 0.0000
vt 0.2343 0.6745 0.0000
vt 0.2343 0.6574 0.0000
vt 0.3193 0.6442 0.0000
vt 0.3193 0.6344 0.0000
vt 0.2395 0.6344 0.0000
vt 0.2395 0.6442 0.0000
vt 0.1096 0.7368 0.0000
vt 0.1053 0.7368 0.0000
vt 0.1053 0.8652 0.0000
vt 0.1096 0.8652 0.0000
vt 0.1053 0.7368 0.0000
vt 0.1053 0.8652 0.0000
vt 0.1096 0.8652 0.0000
vt 0.1096 0.7368 0.0000
vt 0.0003 0.6303 0.0000
vt 0.0003 0.8652 0.0000
vt 0.1105 0.8652 0.0000
vt 0.1105 0.6303 0.0000
vt 0.4758 0.4339 0.0000
vt 0.4801 0.4339 0.0000
vt 0.4801 0.0024 0.0000
vt 0.4758 0.0024 0.0000
vt 0.4801 0.4339 0.0000
vt 0.4801 0.0024 0.0000
vt 0.4758 0.0024 0.0000
vt 0.4758 0.4339 0.0000
vt 0.6344 0.4339 0.0000
vt 0.6344 0.0024 0.0000
vt 0.3217 0.0024 0.0000
vt 0.3217 0.4339 0.0000
vt 0.2838 0.6372 0.0000
vt 0.2881 0.6372 0.0000
vt 0.2881 0.6283 0.0000
vt 0.2838 0.6283 0.0000
vt 0.2888 0.7039 0.0000
vt 0.2888 0.6934 0.0000
vt 0.2845 0.6934 0.0000
vt 0.2845 0.7039 0.0000
vt 0.2386 0.6574 0.0000
vt 0.2386 0.6745 0.0000
vt 0.2343 0.6745 0.0000
vt 0.2343 0.6574 0.0000
vt 0.3193 0.6442 0.0000
vt 0.3193 0.6344 0.0000
vt 0.2395 0.6344 0.0000
vt 0.2395 0.6442 0.0000
vt 0.2838 0.6372 0.0000
vt 0.2881 0.6372 0.0000
vt 0.2881 0.6283 0.0000
vt 0.2838 0.6283 0.0000
vt 0.2888 0.7039 0.0000
vt 0.2888 0.6934 0.0000
vt 0.2845 0.6934 0.0000
vt 0.2845 0.7039 0.0000
vt 0.2386 0.6574 0.0000
vt 0.2386 0.6745 0.0000
vt 0.2343 0.6745 0.0000
vt 0.2343 0.6574 0.0000
vt 0.3193 0.6442 0.0000
vt 0.3193 0.6344 0.0000
vt 0.2395 0.6344 0.0000
vt 0.2395 0.6442 0.0000
vt 0.1096 0.7368 0.0000
vt 0.1053 0.7368 0.0000
vt 0.1053 0.8652 0.0000
vt 0.1096 0.8652 0.0000
vt 0.1053 0.7368 0.0000
vt 0.1053 0.8652 0.0000
vt 0.1096 0.8652 0.0000
vt 0.1096 0.7368 0.0000
vt 0.0003 0.6303 0.0000
vt 0.0003 0.8652 0.0000
vt 0.1105 0.8652 0.0000
vt 0.1105 0.6303 0.0000
vt 0.4758 0.4339 0.0000
vt 0.4801 0.4339 0.0000
vt 0.4801 0.0024 0.0000
vt 0.4758 0.0024 0.0000
vt 0.4801 0.4339 0.0000
vt 0.4801 0.0024 0.0000
vt 0.4758 0.0024 0.0000
vt 0.4758 0.4339 0.0000
vt 0.6344 0.4339 0.0000
vt 0.6344 0.0024 0.0000
vt 0.3217 0.0024 0.0000
vt 0.3217 0.4339 0.0000
vt 0.2838 0.6372 0.0000
vt 0.2881 0.6372 0.0000
vt 0.2881 0.6283 0.0000
vt 0.2838 0.6283 0.0000
vt 0.2888 0.7039 0.0000
vt 0.2888 0.6934 0.0000
vt 0.2845 0.6934 0.0000
vt 0.2845 0.7039 0.0000
vt 0.2386 0.6574 0.0000
vt 0.2386 0.6745 0.0000
vt 0.2343 0.6745 0.0000
vt 0.2343 0.6574 0.0000
vt 0.3193 0.6442 0.0000
vt 0.3193 0.6344 0.0000
vt 0.2395 0.6344 0.0000
vt 0.2395 0.6442 0.0000
vt 0.2838 0.6372 0.0000
vt 0.2881 0.6372 0.0000
vt 0.2881 0.6283 0.0000
vt 0.2838 0.6283 0.0000
vt 0.2888 0.7039 0.0000
vt 0.2888 0.6934 0.0000
vt 0.2845 0.6934 0.0000
vt 0.2845 0.7039 0.0000
vt 0.2386 0.6574 0.0000
vt 0.2386 0.6745 0.0000
vt 0.2343 0.6745 0.0000
vt 0.2343 0.6574 0.0000
vt 0.3193 0.6442 0.0000
vt 0.3193 0.6344 0.0000
vt 0.2395 0.6344 0.0000
vt 0.2395 0.6442 0.0000
vt 0.1096 0.7368 0.0000
vt 0.1053 0.7368 0.0000
vt 0.1053 0.8652 0.0000
vt 0.1096 0.8652 0.0000
vt 0.1053 0.7368 0.0000
vt 0.1053 0.8652 0.0000
vt 0.1096 0.8652 0.0000
vt 0.1096 0.7368 0.0000
vt 0.0003 0.6303 0.0000
vt 0.0003 0.8652 0.0000
vt 0.1105 0.8652 0.0000
vt 0.1105 0.6303 0.0000
vt 0.1053 0.8689 0.0000
vt 0.1053 0.9972 0.0000
vt 0.1010 0.9972 0.0000
vt 0.1010 0.8689 0.0000
vt 0.1010 0.8689 0.0000
vt 0.1053 0.8689 0.0000
vt 0.1053 0.9972 0.0000
vt 0.1010 0.9972 0.0000
vt 0.0023 0.8689 0.0000
vt 0.2177 0.8689 0.0000
vt 0.2177 0.9972 0.0000
vt 0.0023 0.9972 0.0000
vt 0.2377 0.5828 1.0000
vt 0.2377 0.5753 1.0000
vt 0.2477 0.5753 1.0000
vt 0.2477 0.5828 1.0000
vt 0.2573 0.5828 1.0000
vt 0.2475 0.5828 1.0000
vt 0.2475 0.5753 1.0000
vt 0.2573 0.5753 1.0000
vt 0.2372 0.5828 1.0000
vt 0.2274 0.5828 1.0000
vt 0.2274 0.5753 1.0000
vt 0.2372 0.5753 1.0000
vt 0.2471 0.5753 1.0000
vt 0.2471 0.5828 1.0000
vt 0.2573 0.5753 1.0000
vt 0.2573 0.5828 1.0000
vt 0.2274 0.5828 1.0000
vt 0.2274 0.5753 1.0000
vt 0.2377 0.6052 1.0000
vt 0.2377 0.5903 1.0000
vt 0.2477 0.5903 1.0000
vt 0.2477 0.6052 1.0000
vt 0.2475 0.6052 1.0000
vt 0.2475 0.5903 1.0000
vt 0.2573 0.5903 1.0000
vt 0.2573 0.6052 1.0000
vt 0.2274 0.6052 1.0000
vt 0.2274 0.5903 1.0000
vt 0.2372 0.5903 1.0000
vt 0.2372 0.6052 1.0000
vt 0.2471 0.6052 1.0000
vt 0.2471 0.5903 1.0000
vt 0.2573 0.6052 1.0000
vt 0.2573 0.5903 1.0000
vt 0.2274 0.6052 1.0000
vt 0.2274 0.5903 1.0000
vt 0.2377 0.5604 1.0000
vt 0.2477 0.5604 1.0000
vt 0.2475 0.5604 1.0000
vt 0.2573 0.5604 1.0000
vt 0.2274 0.5604 1.0000
vt 0.2372 0.5604 1.0000
vt 0.2471 0.5604 1.0000
vt 0.2573 0.5604 1.0000
vt 0.2274 0.5604 1.0000
vt 0.2377 0.5828 1.0000
vt 0.2377 0.5753 1.0000
vt 0.2477 0.5753 1.0000
vt 0.2477 0.5828 1.0000
vt 0.2573 0.5828 1.0000
vt 0.2475 0.5828 1.0000
vt 0.2475 0.5753 1.0000
vt 0.2573 0.5753 1.0000
vt 0.2372 0.5828 1.0000
vt 0.2274 0.5828 1.0000
vt 0.2274 0.5753 1.0000
vt 0.2372 0.5753 1.0000
vt 0.2471 0.5753 1.0000
vt 0.2471 0.5828 1.0000
vt 0.2573 0.5753 1.0000
vt 0.2573 0.5828 1.0000
vt 0.2274 0.5828 1.0000
vt 0.2274 0.5753 1.0000
vt 0.2377 0.6052 1.0000
vt 0.2377 0.5903 1.0000
vt 0.2477 0.5903 1.0000
vt 0.2477 0.6052 1.0000
vt 0.2475 0.6052 1.0000
vt 0.2475 0.5903 1.0000
vt 0.2573 0.5903 1.0000
vt 0.2573 0.6052 1.0000
vt 0.2274 0.6052 1.0000
vt 0.2274 0.5903 1.0000
vt 0.2372 0.5903 1.0000
vt 0.2372 0.6052 1.0000
vt 0.2471 0.6052 1.0000
vt 0.2471 0.5903 1.0000
vt 0.2573 0.6052 1.0000
vt 0.2573 0.5903 1.0000
vt 0.2274 0.6052 1.0000
vt 0.2274 0.5903 1.0000
vt 0.2377 0.5604 1.0000
vt 0.2477 0.5604 1.0000
vt 0.2475 0.5604 1.0000
vt 0.2573 0.5604 1.0000
vt 0.2274 0.5604 1.0000
vt 0.2372 0.5604 1.0000
vt 0.2471 0.5604 1.0000
vt 0.2573 0.5604 1.0000
vt 0.2274 0.5604 1.0000
vt 0.2377 0.5828 1.0000
vt 0.2377 0.5753 1.0000
vt 0.2477 0.5753 1.0000
vt 0.2477 0.5828 1.0000
vt 0.2573 0.5828 1.0000
vt 0.2475 0.5828 1.0000
vt 0.2475 0.5753 1.0000
vt 0.2573 0.5753 1.0000
vt 0.2372 0.5828 1.0000
vt 0.2274 0.5828 1.0000
vt 0.2274 0.5753 1.0000
vt 0.2372 0.5753 1.0000
vt 0.2471 0.5753 1.0000
vt 0.2471 0.5828 1.0000
vt 0.2573 0.5753 1.0000
vt 0.2573 0.5828 1.0000
vt 0.2274 0.5828 1.0000
vt 0.2274 0.5753 1.0000
vt 0.2377 0.6052 1.0000
vt 0.2377 0.5903 1.0000
vt 0.2477 0.5903 1.0000
vt 0.2477 0.6052 1.0000
vt 0.2475 0.6052 1.0000
vt 0.2475 0.5903 1.0000
vt 0.2573 0.5903 1.0000
vt 0.2573 0.6052 1.0000
vt 0.2274 0.6052 1.0000
vt 0.2274 0.5903 1.0000
vt 0.2372 0.5903 1.0000
vt 0.2372 0.6052 1.0000
vt 0.2471 0.6052 1.0000
vt 0.2471 0.5903 1.0000
vt 0.2573 0.6052 1.0000
vt 0.2573 0.5903 1.0000
vt 0.2274 0.6052 1.0000
vt 0.2274 0.5903 1.0000
vt 0.2377 0.5722 1.0000
vt 0.2477 0.5722 1.0000
vt 0.2475 0.5722 1.0000
vt 0.2573 0.5722 1.0000
vt 0.2274 0.5722 1.0000
vt 0.2372 0.5722 1.0000
vt 0.2471 0.5722 1.0000
vt 0.2573 0.5722 1.0000
vt 0.2274 0.5722 1.0000
vt 0.2377 0.5828 1.0000
vt 0.2377 0.5753 1.0000
vt 0.2477 0.5753 1.0000
vt 0.2477 0.5828 1.0000
vt 0.2573 0.5828 1.0000
vt 0.2475 0.5828 1.0000
vt 0.2475 0.5753 1.0000
vt 0.2573 0.5753 1.0000
vt 0.2372 0.5828 1.0000
vt 0.2274 0.5828 1.0000
vt 0.2274 0.5753 1.0000
vt 0.2372 0.5753 1.0000
vt 0.2471 0.5753 1.0000
vt 0.2471 0.5828 1.0000
vt 0.2573 0.5753 1.0000
vt 0.2573 0.5828 1.0000
vt 0.2274 0.5828 1.0000
vt 0.2274 0.5753 1.0000
vt 0.2377 0.6052 1.0000
vt 0.2377 0.5903 1.0000
vt 0.2477 0.5903 1.0000
vt 0.2477 0.6052 1.0000
vt 0.2475 0.6052 1.0000
vt 0.2475 0.5903 1.0000
vt 0.2573 0.5903 1.0000
vt 0.2573 0.6052 1.0000
vt 0.2274 0.6052 1.0000
vt 0.2274 0.5903 1.0000
vt 0.2372 0.5903 1.0000
vt 0.2372 0.6052 1.0000
vt 0.2471 0.6052 1.0000
vt 0.2471 0.5903 1.0000
vt 0.2573 0.6052 1.0000
vt 0.2573 0.5903 1.0000
vt 0.2274 0.6052 1.0000
vt 0.2274 0.5903 1.0000
vt 0.2477 0.5654 1.0000
vt 0.2477 0.5704 1.0000
vt 0.2377 0.5704 1.0000
vt 0.2377 0.5654 1.0000
vt 0.2573 0.5654 1.0000
vt 0.2573 0.5704 1.0000
vt 0.2475 0.5704 1.0000
vt 0.2475 0.5654 1.0000
vt 0.2372 0.5654 1.0000
vt 0.2372 0.5704 1.0000
vt 0.2274 0.5704 1.0000
vt 0.2274 0.5654 1.0000
vt 0.2471 0.5654 1.0000
vt 0.2471 0.5704 1.0000
vt 0.2573 0.5654 1.0000
vt 0.2573 0.5704 1.0000
vt 0.2274 0.5704 1.0000
vt 0.2274 0.5654 1.0000
vt 0.2477 0.5604 1.0000
vt 0.2377 0.5604 1.0000
vt 0.2573 0.5604 1.0000
vt 0.2475 0.5604 1.0000
vt 0.2372 0.5604 1.0000
vt 0.2274 0.5604 1.0000
vt 0.2471 0.5604 1.0000
vt 0.2573 0.5604 1.0000
vt 0.2274 0.5604 1.0000
vt 0.2888 0.6934 0.0000
vt 0.2845 0.6934 0.0000
vt 0.2845 0.7017 0.0000
vt 0.2888 0.7017 0.0000
vt 0.2386 0.6745 0.0000
vt 0.2343 0.6745 0.0000
vt 0.2343 0.6574 0.0000
vt 0.2386 0.6574 0.0000
vt 0.4758 0.4339 0.0000
vt 0.4758 0.2074 0.0000
vt 0.4801 0.2074 0.0000
vt 0.4801 0.4339 0.0000
vt 0.4758 0.2074 0.0000
vt 0.4801 0.2074 0.0000
vt 0.6344 0.4339 0.0000
vt 0.4703 0.4339 0.0000
vt 0.4703 0.0024 0.0000
vt 0.6344 0.0024 0.0000
vt 0.4801 0.4339 0.0000
vt 0.4758 0.4339 0.0000
vt 0.4758 0.0024 0.0000
vt 0.4801 0.0024 0.0000
vt 0.2838 0.6372 0.0000
vt 0.2838 0.6326 0.0000
vt 0.2881 0.6326 0.0000
vt 0.2881 0.6372 0.0000
vt 0.2888 0.7039 0.0000
vt 0.2845 0.7039 0.0000
vt 0.2845 0.6984 0.0000
vt 0.2888 0.6984 0.0000
vt 0.3193 0.6442 0.0000
vt 0.2776 0.6442 0.0000
vt 0.2776 0.6344 0.0000
vt 0.3193 0.6344 0.0000
vt 0.2386 0.6574 0.0000
vt 0.2343 0.6574 0.0000
vt 0.2343 0.6745 0.0000
vt 0.2386 0.6745 0.0000
vt 0.2838 0.6372 0.0000
vt 0.2838 0.6326 0.0000
vt 0.2881 0.6326 0.0000
vt 0.2881 0.6372 0.0000
vt 0.2888 0.7039 0.0000
vt 0.2845 0.7039 0.0000
vt 0.2845 0.6984 0.0000
vt 0.2888 0.6984 0.0000
vt 0.3193 0.6442 0.0000
vt 0.2776 0.6442 0.0000
vt 0.2776 0.6344 0.0000
vt 0.3193 0.6344 0.0000
vt 0.2386 0.6574 0.0000
vt 0.2343 0.6574 0.0000
vt 0.2343 0.6745 0.0000
vt 0.2386 0.6745 0.0000
vt 0.4758 0.4339 0.0000
vt 0.4758 0.0024 0.0000
vt 0.4801 0.0024 0.0000
vt 0.4801 0.4339 0.0000
vt 0.4801 0.4339 0.0000
vt 0.4758 0.4339 0.0000
vt 0.4758 0.0024 0.0000
vt 0.4801 0.0024 0.0000
vt 0.6344 0.4339 0.0000
vt 0.3217 0.4339 0.0000
vt 0.3217 0.0024 0.0000
vt 0.6344 0.0024 0.0000
vt 0.2838 0.6372 0.0000
vt 0.2838 0.6283 0.0000
vt 0.2881 0.6283 0.0000
vt 0.2881 0.6372 0.0000
vt 0.2888 0.7039 0.0000
vt 0.2845 0.7039 0.0000
vt 0.2845 0.6934 0.0000
vt 0.2888 0.6934 0.0000
vt 0.2386 0.6574 0.0000
vt 0.2343 0.6574 0.0000
vt 0.2343 0.6745 0.0000
vt 0.2386 0.6745 0.0000
vt 0.3193 0.6442 0.0000
vt 0.2395 0.6442 0.0000
vt 0.2395 0.6344 0.0000
vt 0.3193 0.6344 0.0000
vt 0.2838 0.6372 0.0000
vt 0.2838 0.6283 0.0000
vt 0.2881 0.6283 0.0000
vt 0.2881 0.6372 0.0000
vt 0.2888 0.7039 0.0000
vt 0.2845 0.7039 0.0000
vt 0.2845 0.6934 0.0000
vt 0.2888 0.6934 0.0000
vt 0.2386 0.6574 0.0000
vt 0.2343 0.6574 0.0000
vt 0.2343 0.6745 0.0000
vt 0.2386 0.6745 0.0000
vt 0.3193 0.6442 0.0000
vt 0.2395 0.6442 0.0000
vt 0.2395 0.6344 0.0000
vt 0.3193 0.6344 0.0000
vt 0.4758 0.4339 0.0000
vt 0.4758 0.0024 0.0000
vt 0.4801 0.0024 0.0000
vt 0.4801 0.4339 0.0000
vt 0.4801 0.4339 0.0000
vt 0.4758 0.4339 0.0000
vt 0.4758 0.0024 0.0000
vt 0.4801 0.0024 0.0000
vt 0.6344 0.4339 0.0000
vt 0.3217 0.4339 0.0000
vt 0.3217 0.0024 0.0000
vt 0.6344 0.0024 0.0000
vt 0.2838 0.6372 0.0000
vt 0.2838 0.6283 0.0000
vt 0.2881 0.6283 0.0000
vt 0.2881 0.6372 0.0000
vt 0.2888 0.7039 0.0000
vt 0.2845 0.7039 0.0000
vt 0.2845 0.6934 0.0000
vt 0.2888 0.6934 0.0000
vt 0.2386 0.6574 0.0000
vt 0.2343 0.6574 0.0000
vt 0.2343 0.6745 0.0000
vt 0.2386 0.6745 0.0000
vt 0.3193 0.6442 0.0000
vt 0.2395 0.6442 0.0000
vt 0.2395 0.6344 0.0000
vt 0.3193 0.6344 0.0000
vt 0.2838 0.6372 0.0000
vt 0.2838 0.6283 0.0000
vt 0.2881 0.6283 0.0000
vt 0.2881 0.6372 0.0000
vt 0.2888 0.7039 0.0000
vt 0.2845 0.7039 0.0000
vt 0.2845 0.6934 0.0000
vt 0.2888 0.6934 0.0000
vt 0.2386 0.6574 0.0000
vt 0.2343 0.6574 0.0000
vt 0.2343 0.6745 0.0000
vt 0.2386 0.6745 0.0000
vt 0.3193 0.6442 0.0000
vt 0.2395 0.6442 0.0000
vt 0.2395 0.6344 0.0000
vt 0.3193 0.6344 0.0000
vt 0.1096 0.7368 0.0000
vt 0.1096 0.8652 0.0000
vt 0.1053 0.8652 0.0000
vt 0.1053 0.7368 0.0000
vt 0.1053 0.7368 0.0000
vt 0.1096 0.7368 0.0000
vt 0.1096 0.8652 0.0000
vt 0.1053 0.8652 0.0000
vt 0.0003 0.6303 0.0000
vt 0.1105 0.6303 0.0000
vt 0.1105 0.8652 0.0000
vt 0.0003 0.8652 0.0000
vt 0.1105 0.6303 0.0000
vt 0.1105 0.8652 0.0000
vt 0.4758 0.4339 0.0000
vt 0.4758 0.0024 0.0000
vt 0.4801 0.0024 0.0000
vt 0.4801 0.4339 0.0000
vt 0.4801 0.4339 0.0000
vt 0.4758 0.4339 0.0000
vt 0.4758 0.0024 0.0000
vt 0.4801 0.0024 0.0000
vt 0.6344 0.4339 0.0000
vt 0.3217 0.4339 0.0000
vt 0.3217 0.0024 0.0000
vt 0.6344 0.0024 0.0000
vt 0.2838 0.6372 0.0000
vt 0.2838 0.6283 0.0000
vt 0.2881 0.6283 0.0000
vt 0.2881 0.6372 0.0000
vt 0.2888 0.7039 0.0000
vt 0.2845 0.7039 0.0000
vt 0.2845 0.6934 0.0000
vt 0.2888 0.6934 0.0000
vt 0.2386 0.6574 0.0000
vt 0.2343 0.6574 0.0000
vt 0.2343 0.6745 0.0000
vt 0.2386 0.6745 0.0000
vt 0.3193 0.6442 0.0000
vt 0.2395 0.6442 0.0000
vt 0.2395 0.6344 0.0000
vt 0.3193 0.6344 0.0000
vt 0.2838 0.6372 0.0000
vt 0.2838 0.6283 0.0000
vt 0.2881 0.6283 0.0000
vt 0.2881 0.6372 0.0000
vt 0.2888 0.7039 0.0000
vt 0.2845 0.7039 0.0000
vt 0.2845 0.6934 0.0000
vt 0.2888 0.6934 0.0000
vt 0.2386 0.6574 0.0000
vt 0.2343 0.6574 0.0000
vt 0.2343 0.6745 0.0000
vt 0.2386 0.6745 0.0000
vt 0.3193 0.6442 0.0000
vt 0.2395 0.6442 0.0000
vt 0.2395 0.6344 0.0000
vt 0.3193 0.6344 0.0000
vt 0.1096 0.7368 0.0000
vt 0.1096 0.8652 0.0000
vt 0.1053 0.8652 0.0000
vt 0.1053 0.7368 0.0000
vt 0.1053 0.7368 0.0000
vt 0.1096 0.7368 0.0000
vt 0.1096 0.8652 0.0000
vt 0.1053 0.8652 0.0000
vt 0.0003 0.6303 0.0000
vt 0.1105 0.6303 0.0000
vt 0.1105 0.8652 0.0000
vt 0.0003 0.8652 0.0000
vt 0.4758 0.4339 0.0000
vt 0.4758 0.0024 0.0000
vt 0.4801 0.0024 0.0000
vt 0.4801 0.4339 0.0000
vt 0.4801 0.4339 0.0000
vt 0.4758 0.4339 0.0000
vt 0.4758 0.0024 0.0000
vt 0.4801 0.0024 0.0000
vt 0.6344 0.4339 0.0000
vt 0.3217 0.4339 0.0000
vt 0.3217 0.0024 0.0000
vt 0.6344 0.0024 0.0000
vt 0.2838 0.6372 0.0000
vt 0.2838 0.6283 0.0000
vt 0.2881 0.6283 0.0000
vt 0.2881 0.6372 0.0000
vt 0.2888 0.7039 0.0000
vt 0.2845 0.7039 0.0000
vt 0.2845 0.6934 0.0000
vt 0.2888 0.6934 0.0000
vt 0.2386 0.6574 0.0000
vt 0.2343 0.6574 0.0000
vt 0.2343 0.6745 0.0000
vt 0.2386 0.6745 0.0000
vt 0.3193 0.6442 0.0000
vt 0.2395 0.6442 0.0000
vt 0.2395 0.6344 0.0000
vt 0.3193 0.6344 0.0000
vt 0.2838 0.6372 0.0000
vt 0.2838 0.6283 0.0000
vt 0.2881 0.6283 0.0000
vt 0.2881 0.6372 0.0000
vt 0.2888 0.7039 0.0000
vt 0.2845 0.7039 0.0000
vt 0.2845 0.6934 0.0000
vt 0.2888 0.6934 0.0000
vt 0.2386 0.6574 0.0000
vt 0.2343 0.6574 0.0000
vt 0.2343 0.6745 0.0000
vt 0.2386 0.6745 0.0000
vt 0.3193 0.6442 0.0000
vt 0.2395 0.6442 0.0000
vt 0.2395 0.6344 0.0000
vt 0.3193 0.6344 0.0000
vt 0.1096 0.7368 0.0000
vt 0.1096 0.8652 0.0000
vt 0.1053 0.8652 0.0000
vt 0.1053 0.7368 0.0000
vt 0.1053 0.7368 0.0000
vt 0.1096 0.7368 0.0000
vt 0.1096 0.8652 0.0000
vt 0.1053 0.8652 0.0000
vt 0.0003 0.6303 0.0000
vt 0.1105 0.6303 0.0000
vt 0.1105 0.8652 0.0000
vt 0.0003 0.8652 0.0000
vt 0.4758 0.4339 0.0000
vt 0.4758 0.0024 0.0000
vt 0.4801 0.0024 0.0000
vt 0.4801 0.4339 0.0000
vt 0.4801 0.4339 0.0000
vt 0.4758 0.4339 0.0000
vt 0.4758 0.0024 0.0000
vt 0.4801 0.0024 0.0000
vt 0.6344 0.4339 0.0000
vt 0.3217 0.4339 0.0000
vt 0.3217 0.0024 0.0000
vt 0.6344 0.0024 0.0000
vt 0.2838 0.6372 0.0000
vt 0.2838 0.6283 0.0000
vt 0.2881 0.6283 0.0000
vt 0.2881 0.6372 0.0000
vt 0.2888 0.7039 0.0000
vt 0.2845 0.7039 0.0000
vt 0.2845 0.6934 0.0000
vt 0.2888 0.6934 0.0000
vt 0.2386 0.6574 0.0000
vt 0.2343 0.6574 0.0000
vt 0.2343 0.6745 0.0000
vt 0.2386 0.6745 0.0000
vt 0.3193 0.6442 0.0000
vt 0.2395 0.6442 0.0000
vt 0.2395 0.6344 0.0000
vt 0.3193 0.6344 0.0000
vt 0.2838 0.6372 0.0000
vt 0.2838 0.6283 0.0000
vt 0.2881 0.6283 0.0000
vt 0.2881 0.6372 0.0000
vt 0.2888 0.7039 0.0000
vt 0.2845 0.7039 0.0000
vt 0.2845 0.6934 0.0000
vt 0.2888 0.6934 0.0000
vt 0.2386 0.6574 0.0000
vt 0.2343 0.6574 0.0000
vt 0.2343 0.6745 0.0000
vt 0.2386 0.6745 0.0000
vt 0.3193 0.6442 0.0000
vt 0.2395 0.6442 0.0000
vt 0.2395 0.6344 0.0000
vt 0.3193 0.6344 0.0000
vt 0.1096 0.7368 0.0000
vt 0.1096 0.8652 0.0000
vt 0.1053 0.8652 0.0000
vt 0.1053 0.7368 0.0000
vt 0.1053 0.7368 0.0000
vt 0.1096 0.7368 0.0000
vt 0.1096 0.8652 0.0000
vt 0.1053 0.8652 0.0000
vt 0.0003 0.6303 0.0000
vt 0.1105 0.6303 0.0000
vt 0.1105 0.8652 0.0000
vt 0.0003 0.8652 0.0000
vt 0.1053 0.8689 0.0000
vt 0.1010 0.8689 0.0000
vt 0.1010 0.9972 0.0000
vt 0.1053 0.9972 0.0000
vt 0.1010 0.8689 0.0000
vt 0.1010 0.9972 0.0000
vt 0.1053 0.9972 0.0000
vt 0.1053 0.8689 0.0000
vt 0.0023 0.8689 0.0000
vt 0.0023 0.9972 0.0000
vt 0.2177 0.9972 0.0000
vt 0.2177 0.8689 0.0000
vt 0.2377 0.5828 1.0000
vt 0.2477 0.5828 1.0000
vt 0.2477 0.5753 1.0000
vt 0.2377 0.5753 1.0000
vt 0.2573 0.5828 1.0000
vt 0.2573 0.5753 1.0000
vt 0.2475 0.5753 1.0000
vt 0.2475 0.5828 1.0000
vt 0.2372 0.5828 1.0000
vt 0.2372 0.5753 1.0000
vt 0.2274 0.5753 1.0000
vt 0.2274 0.5828 1.0000
vt 0.2471 0.5753 1.0000
vt 0.2471 0.5828 1.0000
vt 0.2573 0.5753 1.0000
vt 0.2573 0.5828 1.0000
vt 0.2274 0.5753 1.0000
vt 0.2274 0.5828 1.0000
vt 0.2377 0.6052 1.0000
vt 0.2477 0.6052 1.0000
vt 0.2477 0.5903 1.0000
vt 0.2377 0.5903 1.0000
vt 0.2475 0.6052 1.0000
vt 0.2573 0.6052 1.0000
vt 0.2573 0.5903 1.0000
vt 0.2475 0.5903 1.0000
vt 0.2274 0.6052 1.0000
vt 0.2372 0.6052 1.0000
vt 0.2372 0.5903 1.0000
vt 0.2274 0.5903 1.0000
vt 0.2471 0.6052 1.0000
vt 0.2471 0.5903 1.0000
vt 0.2573 0.6052 1.0000
vt 0.2573 0.5903 1.0000
vt 0.2274 0.5903 1.0000
vt 0.2274 0.6052 1.0000
vt 0.2477 0.5604 1.0000
vt 0.2377 0.5604 1.0000
vt 0.2573 0.5604 1.0000
vt 0.2475 0.5604 1.0000
vt 0.2372 0.5604 1.0000
vt 0.2274 0.5604 1.0000
vt 0.2471 0.5604 1.0000
vt 0.2573 0.5604 1.0000
vt 0.2274 0.5604 1.0000
vt 0.2377 0.5828 1.0000
vt 0.2477 0.5828 1.0000
vt 0.2477 0.5753 1.0000
vt 0.2377 0.5753 1.0000
vt 0.2573 0.5828 1.0000
vt 0.2573 0.5753 1.0000
vt 0.2475 0.5753 1.0000
vt 0.2475 0.5828 1.0000
vt 0.2372 0.5828 1.0000
vt 0.2372 0.5753 1.0000
vt 0.2274 0.5753 1.0000
vt 0.2274 0.5828 1.0000
vt 0.2471 0.5753 1.0000
vt 0.2471 0.5828 1.0000
vt 0.2573 0.5753 1.0000
vt 0.2573 0.5828 1.0000
vt 0.2274 0.5753 1.0000
vt 0.2274 0.5828 1.0000
vt 0.2377 0.6052 1.0000
vt 0.2477 0.6052 1.0000
vt 0.2477 0.5903 1.0000
vt 0.2377 0.5903 1.0000
vt 0.2475 0.6052 1.0000
vt 0.2573 0.6052 1.0000
vt 0.2573 0.5903 1.0000
vt 0.2475 0.5903 1.0000
vt 0.2274 0.6052 1.0000
vt 0.2372 0.6052 1.0000
vt 0.2372 0.5903 1.0000
vt 0.2274 0.5903 1.0000
vt 0.2471 0.6052 1.0000
vt 0.2471 0.5903 1.0000
vt 0.2573 0.6052 1.0000
vt 0.2573 0.5903 1.0000
vt 0.2274 0.5903 1.0000
vt 0.2274 0.6052 1.0000
vt 0.2477 0.5604 1.0000
vt 0.2377 0.5604 1.0000
vt 0.2573 0.5604 1.0000
vt 0.2475 0.5604 1.0000
vt 0.2372 0.5604 1.0000
vt 0.2274 0.5604 1.0000
vt 0.2471 0.5604 1.0000
vt 0.2573 0.5604 1.0000
vt 0.2274 0.5604 1.0000
vt 0.2377 0.5828 1.0000
vt 0.2477 0.5828 1.0000
vt 0.2477 0.5753 1.0000
vt 0.2377 0.5753 1.0000
vt 0.2573 0.5828 1.0000
vt 0.2573 0.5753 1.0000
vt 0.2475 0.5753 1.0000
vt 0.2475 0.5828 1.0000
vt 0.2372 0.5828 1.0000
vt 0.2372 0.5753 1.0000
vt 0.2274 0.5753 1.0000
vt 0.2274 0.5828 1.0000
vt 0.2471 0.5753 1.0000
vt 0.2471 0.5828 1.0000
vt 0.2573 0.5753 1.0000
vt 0.2573 0.5828 1.0000
vt 0.2274 0.5753 1.0000
vt 0.2274 0.5828 1.0000
vt 0.2377 0.6052 1.0000
vt 0.2477 0.6052 1.0000
vt 0.2477 0.5903 1.0000
vt 0.2377 0.5903 1.0000
vt 0.2475 0.6052 1.0000
vt 0.2573 0.6052 1.0000
vt 0.2573 0.5903 1.0000
vt 0.2475 0.5903 1.0000
vt 0.2274 0.6052 1.0000
vt 0.2372 0.6052 1.0000
vt 0.2372 0.5903 1.0000
vt 0.2274 0.5903 1.0000
vt 0.2471 0.6052 1.0000
vt 0.2471 0.5903 1.0000
vt 0.2573 0.6052 1.0000
vt 0.2573 0.5903 1.0000
vt 0.2274 0.5903 1.0000
vt 0.2274 0.6052 1.0000
vt 0.2477 0.5722 1.0000
vt 0.2377 0.5722 1.0000
vt 0.2573 0.5722 1.0000
vt 0.2475 0.5722 1.0000
vt 0.2372 0.5722 1.0000
vt 0.2274 0.5722 1.0000
vt 0.2471 0.5722 1.0000
vt 0.2573 0.5722 1.0000
vt 0.2274 0.5722 1.0000
vt 0.2377 0.5828 1.0000
vt 0.2477 0.5828 1.0000
vt 0.2477 0.5753 1.0000
vt 0.2377 0.5753 1.0000
vt 0.2573 0.5828 1.0000
vt 0.2573 0.5753 1.0000
vt 0.2475 0.5753 1.0000
vt 0.2475 0.5828 1.0000
vt 0.2372 0.5828 1.0000
vt 0.2372 0.5753 1.0000
vt 0.2274 0.5753 1.0000
vt 0.2274 0.5828 1.0000
vt 0.2471 0.5753 1.0000
vt 0.2471 0.5828 1.0000
vt 0.2573 0.5753 1.0000
vt 0.2573 0.5828 1.0000
vt 0.2274 0.5753 1.0000
vt 0.2274 0.5828 1.0000
vt 0.2377 0.6052 1.0000
vt 0.2477 0.6052 1.0000
vt 0.2477 0.5903 1.0000
vt 0.2377 0.5903 1.0000
vt 0.2475 0.6052 1.0000
vt 0.2573 0.6052 1.0000
vt 0.2573 0.5903 1.0000
vt 0.2475 0.5903 1.0000
vt 0.2274 0.6052 1.0000
vt 0.2372 0.6052 1.0000
vt 0.2372 0.5903 1.0000
vt 0.2274 0.5903 1.0000
vt 0.2471 0.6052 1.0000
vt 0.2471 0.5903 1.0000
vt 0.2573 0.6052 1.0000
vt 0.2573 0.5903 1.0000
vt 0.2274 0.5903 1.0000
vt 0.2274 0.6052 1.0000
vt 0.2477 0.5654 1.0000
vt 0.2377 0.5654 1.0000
vt 0.2377 0.5704 1.0000
vt 0.2477 0.5704 1.0000
vt 0.2573 0.5654 1.0000
vt 0.2475 0.5654 1.0000
vt 0.2475 0.5704 1.0000
vt 0.2573 0.5704 1.0000
vt 0.2372 0.5654 1.0000
vt 0.2274 0.5654 1.0000
vt 0.2274 0.5704 1.0000
vt 0.2372 0.5704 1.0000
vt 0.2471 0.5704 1.0000
vt 0.2471 0.5654 1.0000
vt 0.2573 0.5704 1.0000
vt 0.2573 0.5654 1.0000
vt 0.2274 0.5654 1.0000
vt 0.2274 0.5704 1.0000
vt 0.2477 0.5604 1.0000
vt 0.2377 0.5604 1.0000
vt 0.2573 0.5604 1.0000
vt 0.2475 0.5604 1.0000
vt 0.2372 0.5604 1.0000
vt 0.2274 0.5604 1.0000
vt 0.2471 0.5604 1.0000
vt 0.2573 0.5604 1.0000
vt 0.2274 0.5604 1.0000
vt 0.2838 0.6353 0.0000
vt 0.2838 0.6283 0.0000
vt 0.2881 0.6283 0.0000
vt 0.2881 0.6353 0.0000
vt 0.3025 0.6442 0.0000
vt 0.2395 0.6442 0.0000
vt 0.2395 0.6344 0.0000
vt 0.3025 0.6344 0.0000
vt 0.2881 0.6353 0.0000
vt 0.2881 0.6283 0.0000
vt 0.2838 0.6283 0.0000
vt 0.2838 0.6353 0.0000
vt 0.3025 0.6344 0.0000
vt 0.2395 0.6344 0.0000
vt 0.2395 0.6442 0.0000
vt 0.3025 0.6442 0.0000
vt 0.1908 0.4552 0.0000
vt 0.1908 0.5795 0.0000
vt 0.1864 0.5795 0.0000
vt 0.1864 0.4552 0.0000
vt 0.1864 0.4552 0.0000
vt 0.1908 0.4552 0.0000
vt 0.1908 0.5795 0.0000
vt 0.1864 0.5795 0.0000
vt 0.0114 0.4552 0.0000
vt 0.1772 0.4552 0.0000
vt 0.1772 0.5795 0.0000
vt 0.0114 0.5795 0.0000
vt 0.1666 0.5896 0.0000
vt 0.0383 0.5896 0.0000
vt 0.0383 0.5853 0.0000
vt 0.1666 0.5853 0.0000
vt 0.1973 0.6485 0.0000
vt 0.1973 0.6695 0.0000
vt 0.1930 0.6695 0.0000
vt 0.1930 0.6485 0.0000
vt 0.1901 0.6284 0.0000
vt 0.1901 0.6328 0.0000
vt 0.1264 0.6328 0.0000
vt 0.1264 0.6284 0.0000
vt 0.1930 0.6485 0.0000
vt 0.1973 0.6485 0.0000
vt 0.1973 0.6695 0.0000
vt 0.1930 0.6695 0.0000
vt 0.1533 0.7094 0.0000
vt 0.1666 0.7094 0.0000
vt 0.1666 0.7193 0.0000
vt 0.1533 0.7193 0.0000
vt 0.1908 0.4552 0.0000
vt 0.1908 0.5795 0.0000
vt 0.1864 0.5795 0.0000
vt 0.1864 0.4552 0.0000
vt 0.1864 0.4552 0.0000
vt 0.1908 0.4552 0.0000
vt 0.1908 0.5795 0.0000
vt 0.1864 0.5795 0.0000
vt 0.0114 0.4552 0.0000
vt 0.1772 0.4552 0.0000
vt 0.1772 0.5795 0.0000
vt 0.0114 0.5795 0.0000
vt 0.1666 0.5896 0.0000
vt 0.0383 0.5896 0.0000
vt 0.0383 0.5853 0.0000
vt 0.1666 0.5853 0.0000
vt 0.1973 0.6485 0.0000
vt 0.1973 0.6695 0.0000
vt 0.1930 0.6695 0.0000
vt 0.1930 0.6485 0.0000
vt 0.1901 0.6284 0.0000
vt 0.1901 0.6328 0.0000
vt 0.1264 0.6328 0.0000
vt 0.1264 0.6284 0.0000
vt 0.1930 0.6485 0.0000
vt 0.1973 0.6485 0.0000
vt 0.1973 0.6695 0.0000
vt 0.1930 0.6695 0.0000
vt 0.1533 0.7094 0.0000
vt 0.1666 0.7094 0.0000
vt 0.1666 0.7193 0.0000
vt 0.1533 0.7193 0.0000
vt 0.1908 0.4552 0.0000
vt 0.1908 0.5795 0.0000
vt 0.1864 0.5795 0.0000
vt 0.1864 0.4552 0.0000
vt 0.1864 0.4552 0.0000
vt 0.1908 0.4552 0.0000
vt 0.1908 0.5795 0.0000
vt 0.1864 0.5795 0.0000
vt 0.0114 0.4552 0.0000
vt 0.1772 0.4552 0.0000
vt 0.1772 0.5795 0.0000
vt 0.0114 0.5795 0.0000
vt 0.1666 0.5896 0.0000
vt 0.0383 0.5896 0.0000
vt 0.0383 0.5853 0.0000
vt 0.1666 0.5853 0.0000
vt 0.1973 0.6485 0.0000
vt 0.1973 0.6695 0.0000
vt 0.1930 0.6695 0.0000
vt 0.1930 0.6485 0.0000
vt 0.1901 0.6284 0.0000
vt 0.1901 0.6328 0.0000
vt 0.1264 0.6328 0.0000
vt 0.1264 0.6284 0.0000
vt 0.1930 0.6485 0.0000
vt 0.1973 0.6485 0.0000
vt 0.1973 0.6695 0.0000
vt 0.1930 0.6695 0.0000
vt 0.1533 0.7094 0.0000
vt 0.1666 0.7094 0.0000
vt 0.1666 0.7193 0.0000
vt 0.1533 0.7193 0.0000
vt 0.1908 0.4552 0.0000
vt 0.1908 0.5795 0.0000
vt 0.1864 0.5795 0.0000
vt 0.1864 0.4552 0.0000
vt 0.1864 0.4552 0.0000
vt 0.1908 0.4552 0.0000
vt 0.1908 0.5795 0.0000
vt 0.1864 0.5795 0.0000
vt 0.0114 0.4552 0.0000
vt 0.1772 0.4552 0.0000
vt 0.1772 0.5795 0.0000
vt 0.0114 0.5795 0.0000
vt 0.1666 0.5896 0.0000
vt 0.0383 0.5896 0.0000
vt 0.0383 0.5853 0.0000
vt 0.1666 0.5853 0.0000
vt 0.1973 0.6485 0.0000
vt 0.1973 0.6695 0.0000
vt 0.1930 0.6695 0.0000
vt 0.1930 0.6485 0.0000
vt 0.1901 0.6284 0.0000
vt 0.1901 0.6328 0.0000
vt 0.1264 0.6328 0.0000
vt 0.1264 0.6284 0.0000
vt 0.1930 0.6485 0.0000
vt 0.1973 0.6485 0.0000
vt 0.1973 0.6695 0.0000
vt 0.1930 0.6695 0.0000
vt 0.1533 0.7094 0.0000
vt 0.1666 0.7094 0.0000
vt 0.1666 0.7193 0.0000
vt 0.1533 0.7193 0.0000
vt 0.1908 0.4552 0.0000
vt 0.1908 0.5795 0.0000
vt 0.1864 0.5795 0.0000
vt 0.1864 0.4552 0.0000
vt 0.1864 0.4552 0.0000
vt 0.1908 0.4552 0.0000
vt 0.1908 0.5795 0.0000
vt 0.1864 0.5795 0.0000
vt 0.0114 0.4552 0.0000
vt 0.1772 0.4552 0.0000
vt 0.1772 0.5795 0.0000
vt 0.0114 0.5795 0.0000
vt 0.1666 0.5896 0.0000
vt 0.0383 0.5896 0.0000
vt 0.0383 0.5853 0.0000
vt 0.1666 0.5853 0.0000
vt 0.1973 0.6485 0.0000
vt 0.1973 0.6695 0.0000
vt 0.1930 0.6695 0.0000
vt 0.1930 0.6485 0.0000
vt 0.1901 0.6284 0.0000
vt 0.1901 0.6328 0.0000
vt 0.1264 0.6328 0.0000
vt 0.1264 0.6284 0.0000
vt 0.1930 0.6485 0.0000
vt 0.1973 0.6485 0.0000
vt 0.1973 0.6695 0.0000
vt 0.1930 0.6695 0.0000
vt 0.1533 0.7094 0.0000
vt 0.1666 0.7094 0.0000
vt 0.1666 0.7193 0.0000
vt 0.1533 0.7193 0.0000
vt 0.1908 0.4552 0.0000
vt 0.1908 0.5795 0.0000
vt 0.1864 0.5795 0.0000
vt 0.1864 0.4552 0.0000
vt 0.1864 0.4552 0.0000
vt 0.1908 0.4552 0.0000
vt 0.1908 0.5795 0.0000
vt 0.1864 0.5795 0.0000
vt 0.0114 0.4552 0.0000
vt 0.1772 0.4552 0.0000
vt 0.1772 0.5795 0.0000
vt 0.0114 0.5795 0.0000
vt 0.1666 0.5896 0.0000
vt 0.0383 0.5896 0.0000
vt 0.0383 0.5853 0.0000
vt 0.1666 0.5853 0.0000
vt 0.1973 0.6485 0.0000
vt 0.1973 0.6695 0.0000
vt 0.1930 0.6695 0.0000
vt 0.1930 0.6485 0.0000
vt 0.1901 0.6284 0.0000
vt 0.1901 0.6328 0.0000
vt 0.1264 0.6328 0.0000
vt 0.1264 0.6284 0.0000
vt 0.1930 0.6485 0.0000
vt 0.1973 0.6485 0.0000
vt 0.1973 0.6695 0.0000
vt 0.1930 0.6695 0.0000
vt 0.1533 0.7094 0.0000
vt 0.1666 0.7094 0.0000
vt 0.1666 0.7193 0.0000
vt 0.1533 0.7193 0.0000
vt 0.1908 0.4552 0.0000
vt 0.1908 0.5795 0.0000
vt 0.1864 0.5795 0.0000
vt 0.1864 0.4552 0.0000
vt 0.1864 0.4552 0.0000
vt 0.1908 0.4552 0.0000
vt 0.1908 0.5795 0.0000
vt 0.1864 0.5795 0.0000
vt 0.0114 0.4552 0.0000
vt 0.1772 0.4552 0.0000
vt 0.1772 0.5795 0.0000
vt 0.0114 0.5795 0.0000
vt 0.1666 0.5896 0.0000
vt 0.0383 0.5896 0.0000
vt 0.0383 0.5853 0.0000
vt 0.1666 0.5853 0.0000
vt 0.1973 0.6485 0.0000
vt 0.1973 0.6695 0.0000
vt 0.1930 0.6695 0.0000
vt 0.1930 0.6485 0.0000
vt 0.1901 0.6284 0.0000
vt 0.1901 0.6328 0.0000
vt 0.1264 0.6328 0.0000
vt 0.1264 0.6284 0.0000
vt 0.1930 0.6485 0.0000
vt 0.1973 0.6485 0.0000
vt 0.1973 0.6695 0.0000
vt 0.1930 0.6695 0.0000
vt 0.1533 0.7094 0.0000
vt 0.1666 0.7094 0.0000
vt 0.1666 0.7193 0.0000
vt 0.1533 0.7193 0.0000
vt 0.1908 0.4552 0.0000
vt 0.1908 0.5795 0.0000
vt 0.1864 0.5795 0.0000
vt 0.1864 0.4552 0.0000
vt 0.1864 0.4552 0.0000
vt 0.1908 0.4552 0.0000
vt 0.1908 0.5795 0.0000
vt 0.1864 0.5795 0.0000
vt 0.0114 0.4552 0.0000
vt 0.1772 0.4552 0.0000
vt 0.1772 0.5795 0.0000
vt 0.0114 0.5795 0.0000
vt 0.1666 0.5896 0.0000
vt 0.0383 0.5896 0.0000
vt 0.0383 0.5853 0.0000
vt 0.1666 0.5853 0.0000
vt 0.1973 0.6485 0.0000
vt 0.1973 0.6695 0.0000
vt 0.1930 0.6695 0.0000
vt 0.1930 0.6485 0.0000
vt 0.1901 0.6284 0.0000
vt 0.1901 0.6328 0.0000
vt 0.1264 0.6328 0.0000
vt 0.1264 0.6284 0.0000
vt 0.1930 0.6485 0.0000
vt 0.1973 0.6485 0.0000
vt 0.1973 0.6695 0.0000
vt 0.1930 0.6695 0.0000
vt 0.1533 0.7094 0.0000
vt 0.1666 0.7094 0.0000
vt 0.1666 0.7193 0.0000
vt 0.1533 0.7193 0.0000
vt 0.1908 0.4552 0.0000
vt 0.1908 0.5795 0.0000
vt 0.1864 0.5795 0.0000
vt 0.1864 0.4552 0.0000
vt 0.1864 0.4552 0.0000
vt 0.1908 0.4552 0.0000
vt 0.1908 0.5795 0.0000
vt 0.1864 0.5795 0.0000
vt 0.0114 0.4552 0.0000
vt 0.1772 0.4552 0.0000
vt 0.1772 0.5795 0.0000
vt 0.0114 0.5795 0.0000
vt 0.1666 0.5896 0.0000
vt 0.0383 0.5896 0.0000
vt 0.0383 0.5853 0.0000
vt 0.1666 0.5853 0.0000
vt 0.1973 0.6485 0.0000
vt 0.1973 0.6695 0.0000
vt 0.1930 0.6695 0.0000
vt 0.1930 0.6485 0.0000
vt 0.1901 0.6284 0.0000
vt 0.1901 0.6328 0.0000
vt 0.1264 0.6328 0.0000
vt 0.1264 0.6284 0.0000
vt 0.1930 0.6485 0.0000
vt 0.1973 0.6485 0.0000
vt 0.1973 0.6695 0.0000
vt 0.1930 0.6695 0.0000
vt 0.1533 0.7094 0.0000
vt 0.1666 0.7094 0.0000
vt 0.1666 0.7193 0.0000
vt 0.1533 0.7193 0.0000
vt 0.1908 0.4552 0.0000
vt 0.1908 0.5795 0.0000
vt 0.1864 0.5795 0.0000
vt 0.1864 0.4552 0.0000
vt 0.1864 0.4552 0.0000
vt 0.1908 0.4552 0.0000
vt 0.1908 0.5795 0.0000
vt 0.1864 0.5795 0.0000
vt 0.0114 0.4552 0.0000
vt 0.1772 0.4552 0.0000
vt 0.1772 0.5795 0.0000
vt 0.0114 0.5795 0.0000
vt 0.1666 0.5896 0.0000
vt 0.0383 0.5896 0.0000
vt 0.0383 0.5853 0.0000
vt 0.1666 0.5853 0.0000
vt 0.1973 0.6485 0.0000
vt 0.1973 0.6695 0.0000
vt 0.1930 0.6695 0.0000
vt 0.1930 0.6485 0.0000
vt 0.1901 0.6284 0.0000
vt 0.1901 0.6328 0.0000
vt 0.1264 0.6328 0.0000
vt 0.1264 0.6284 0.0000
vt 0.1930 0.6485 0.0000
vt 0.1973 0.6485 0.0000
vt 0.1973 0.6695 0.0000
vt 0.1930 0.6695 0.0000
vt 0.1533 0.7094 0.0000
vt 0.1666 0.7094 0.0000
vt 0.1666 0.7193 0.0000
vt 0.1533 0.7193 0.0000
vt -2.8411 0.5000 0.4999
vt -2.8411 0.0085 0.4999
vt 0.5000 0.0085 0.5001
vt 0.5000 0.5000 0.5001
vt -2.8411 0.9915 0.4999
vt 0.5000 0.9915 0.5001
vt 3.8411 0.5000 0.4999
vt 3.8411 0.0085 0.4999
vt 3.8411 0.9915 0.4999
vt 0.0000 0.0088 0.0000
vt 0.3869 0.3177 0.0000
vt 0.3081 0.3177 0.0000
vt 0.2583 1.0000 0.0000
vt 1.0000 1.0000 0.0000
vt 0.3314 1.0000 0.0000
vt 0.5000 1.0000 0.0000
vt 0.5001 1.0000 0.0000
vt 0.5001 1.0000 0.0000
vt 0.3869 0.3177 0.0000
vt 0.0000 0.0088 0.0000
vt 0.3069 0.3177 0.0000
vt 1.0000 1.0000 0.0000
vt 0.2583 0.0088 0.0000
vt 0.2583 1.0000 0.0000
vt 0.7897 1.0000 0.0000
vt 0.2032 1.0000 0.0000
vt 1.0000 1.0000 0.0000
vt 0.0000 1.0000 0.0000
vt 1.0000 1.0000 0.0000
vt 0.0000 1.0000 0.0000
vt 0.2583 0.0088 0.0000
vt 1.0000 1.0000 0.0000
vt 1.0000 0.0088 0.0000
vt 1.0000 1.0000 0.0000
vt 0.3591 1.0000 0.0000
vt 0.8991 1.0000 0.0000
vt 0.5001 1.0000 0.0000
vt 0.5000 1.0000 0.0000
vt 0.5000 1.0000 0.0000
vt 0.7897 1.0000 0.0000
vt 0.0000 1.0000 0.0000
vt 1.0000 1.0000 0.0000
vt 0.2032 1.0000 0.0000
vt 0.2032 1.0000 0.0000
vt 1.0000 1.0000 0.0000
vt 1.0000 1.0000 0.0000
vt 1.0000 1.0000 0.0000
vt 0.0000 1.0000 0.0000
vt -0.5937 1.0000 0.0000
vt -0.5937 1.0000 0.0000
vt 3.2131 0.3178 0.0000
vt 3.7546 0.0089 0.0000
vt 3.1388 0.3178 0.0000
vt 0.0000 1.0000 0.0000
vt 0.3081 0.4031 0.0000
vt 3.7546 1.0001 0.0000
vt 3.2131 0.4032 0.0000
vt 1.8773 1.0000 0.0000
vt 3.1388 0.4031 0.0000
vt 2.9238 0.4031 0.0000
vt 2.8495 0.4031 0.0000
vt 2.6585 0.4031 0.0000
vt 2.5891 0.4031 0.0000
vt 2.0388 0.4031 0.0000
vt 0.3869 0.4031 0.0000
vt 1.9600 0.4031 0.0000
vt 2.6585 0.3178 0.0000
vt 2.8495 0.3178 0.0000
vt 2.9238 0.3178 0.0000
vt 2.5891 0.3178 0.0000
vt 0.6797 0.4031 0.0000
vt 0.8736 0.3178 0.0000
vt 0.8736 0.4031 0.0000
vt 0.6797 0.3178 0.0000
vt 0.6009 0.4031 0.0000
vt 0.6009 0.3177 0.0000
vt 0.9524 0.4031 0.0000
vt 1.1945 0.3178 0.0000
vt 0.9524 0.3178 0.0000
vt 1.1945 0.4031 0.0000
vt 1.2733 0.4031 0.0000
vt 1.9600 0.3178 0.0000
vt 1.2733 0.3178 0.0000
vt 2.0388 0.3178 0.0000
vt 1.0000 1.0000 0.0000
vt 0.5000 1.0000 0.0000
vt 0.0000 1.0000 0.0000
vt 0.3069 0.4031 0.0000
vt 3.3646 0.3178 0.0000
vt 3.7546 0.0089 0.0000
vt 3.2903 0.3178 0.0000
vt 3.0806 0.3178 0.0000
vt 3.0063 0.3178 0.0000
vt 3.7546 1.0001 0.0000
vt 3.3646 0.4032 0.0000
vt 3.2903 0.4032 0.0000
vt 0.3869 0.4031 0.0000
vt 0.5991 0.4031 0.0000
vt 0.6792 0.4031 0.0000
vt 1.7482 0.4031 0.0000
vt 1.9599 0.4031 0.0000
vt 3.0806 0.4031 0.0000
vt 3.0063 0.4031 0.0000
vt 1.7482 0.3178 0.0000
vt 1.9599 0.3178 0.0000
vt 0.5991 0.3177 0.0000
vt 2.0399 0.4031 0.0000
vt 2.0399 0.3178 0.0000
vt 1.6681 0.3178 0.0000
vt 1.6681 0.4031 0.0000
vt 0.6792 0.3178 0.0000
vt 1.0000 0.0088 0.0000
vt 0.2583 1.0000 0.0000
vt 0.5132 1.0000 0.0000
vt 0.5001 1.0000 0.0000
vt -0.5937 1.0000 0.0000
vt -0.5937 1.0000 0.0000
vt 0.2032 1.0000 0.0000
vt 1.0000 1.0000 0.0000
vt 1.0000 1.0000 0.0000
vt 0.1557 0.9026 0.0000
vt 0.1557 0.9026 0.0000
vt 0.1557 0.9026 0.0000
vt 0.1557 0.9026 0.0000
vt 0.1557 0.9026 0.0000
vt 0.1557 0.9026 0.0000
vt 0.1557 0.9026 0.0000
vt 0.1557 0.9026 0.0000
vt 0.1557 0.9026 0.0000
vt 0.1557 0.9026 0.0000
vt 0.1557 0.9026 0.0000
vt 0.1557 0.9026 0.0000
vt 0.1557 0.9026 0.0000
vt 0.1557 0.9026 0.0000
vt 0.1557 0.9026 0.0000
vt 0.1557 0.9026 0.0000
vt 0.1557 0.9026 0.0000
vt 0.1557 0.9026 0.0000
vt 0.1557 0.9026 0.0000
vt 0.1557 0.9026 0.0000
vt 0.1557 0.9026 0.0000
vt 0.1557 0.9026 0.0000
vt 0.1557 0.9026 0.0000
vt 0.1557 0.9026 0.0000
vt 0.1557 0.9026 0.0000
vt 0.1557 0.9026 0.0000
vt 0.1557 0.9026 0.0000
vt 0.1557 0.9026 0.0000
vt 0.1557 0.9026 0.0000
vt 0.1557 0.9026 0.0000
vt 0.1557 0.9026 0.0000
vt 0.1557 0.9026 0.0000
vt 0.1557 0.9026 0.0000
vt 0.1557 0.9026 0.0000
vt 0.1557 0.9026 0.0000
vt 0.1557 0.9026 0.0000
vt 0.1557 0.9026 0.0000
vt 0.1557 0.9026 0.0000
vt 0.1557 0.9026 0.0000
vt 0.1557 0.9026 0.0000
vt 0.1557 0.9026 0.0000
vt 0.1557 0.9026 0.0000
vt 0.1557 0.9026 0.0000
vt 0.1557 0.9026 0.0000
vt 0.1557 0.9026 0.0000
vt 0.1557 0.9026 0.0000
vt 0.1557 0.9026 0.0000
vt 0.1557 0.9026 0.0000
vt 0.1557 0.9026 0.0000
vt 0.1557 0.9026 0.0000
vt 0.1557 0.9026 0.0000
vt 0.1557 0.9026 0.0000
vt 0.1557 0.9026 0.0000
vt 0.1557 0.9026 0.0000
vt 0.1557 0.9026 0.0000
vt 0.1557 0.9026 0.0000
vt 0.1557 0.9026 0.0000
vt 0.1557 0.9026 0.0000
vt 0.1557 0.9026 0.0000
vt 0.1557 0.9026 0.0000
vt 0.1557 0.9026 0.0000
vt 0.1557 0.9026 0.0000
vt 0.1557 0.9026 0.0000
vt 0.1557 0.9026 0.0000
vt 0.1557 0.9026 0.0000
vt 0.1557 0.9026 0.0000
vt 0.1557 0.9026 0.0000
vt 0.1557 0.9026 0.0000
vt 0.1557 0.9026 0.0000
vt 0.1557 0.9026 0.0000
vt 0.1557 0.9026 0.0000
vt 0.1557 0.9026 0.0000
vt 0.1557 0.9026 0.0000
vt 0.1557 0.9026 0.0000
vt 0.1557 0.9026 0.0000
vt 0.1557 0.9026 0.0000
vt 0.1557 0.9026 0.0000
vt 0.1557 0.9026 0.0000
vt 0.1557 0.9026 0.0000
vt 0.1557 0.9026 0.0000
vt 0.1557 0.9026 0.0000
vt 0.1557 0.9026 0.0000
vt 0.1557 0.9026 0.0000
vt 0.1557 0.9026 0.0000
vt 0.1557 0.9026 0.0000
vt 0.1557 0.9026 0.0000
vt 0.1557 0.9026 0.0000
vt 0.1557 0.9026 0.0000
vt 0.1557 0.9026 0.0000
vt 0.1557 0.9026 0.0000
vt 0.1557 0.9026 0.0000
vt 0.1557 0.9026 0.0000
vt 0.1557 0.9026 0.0000
vt 0.1557 0.9026 0.0000
vt 0.1557 0.9026 0.0000
vt 0.1557 0.9026 0.0000
vt 0.1557 0.9026 0.0000
vt 0.1557 0.9026 0.0000
vt 0.1557 0.9026 0.0000
vt 0.1557 0.9026 0.0000
vt 0.1557 0.9026 0.0000
vt 0.1557 0.9026 0.0000
vt 0.1557 0.9026 0.0000
vt 0.1557 0.9026 0.0000
vt 0.1557 0.9026 0.0000
vt 0.1557 0.9026 0.0000
vt 0.1557 0.9026 0.0000
vt 0.1557 0.9026 0.0000
vt 0.1557 0.9026 0.0000
vt 0.1557 0.9026 0.0000
vt 0.1557 0.9026 0.0000
vt 0.1557 0.9026 0.0000
vt 0.1557 0.9026 0.0000
vt 0.1557 0.9026 0.0000
vt 0.1557 0.9026 0.0000
vt 0.1557 0.9026 0.0000
vt 0.1557 0.9026 0.0000
vt 0.1557 0.9026 0.0000
vt 0.1557 0.9026 0.0000
vt 0.1557 0.9026 0.0000
vt 0.1557 0.9026 0.0000
vt 0.1557 0.9026 0.0000
vt 0.1557 0.9026 0.0000
vt 0.1557 0.9026 0.0000
vt 0.1557 0.9026 0.0000
vt 0.1557 0.9026 0.0000
vt 0.1557 0.9026 0.0000
vt 0.1557 0.9026 0.0000
vt 0.1557 0.9026 0.0000
vt 0.1557 0.9026 0.0000
vt 0.1557 0.9026 0.0000
vt 0.1557 0.9026 0.0000
vt 0.1557 0.9026 0.0000
vt 0.1557 0.9026 0.0000
vt 0.1557 0.9026 0.0000
vt 0.1557 0.9026 0.0000
vt 0.1557 0.9026 0.0000
vt 0.1557 0.9026 0.0000
vt 0.1557 0.9026 0.0000
vt 0.1557 0.9026 0.0000
vt 0.1557 0.9026 0.0000
vt 0.1557 0.9026 0.0000
vt 0.1557 0.9026 0.0000
vt 0.1557 0.9026 0.0000
vt 0.1557 0.9026 0.0000
vt 0.1557 0.9026 0.0000
vt 0.1557 0.9026 0.0000
vt 0.1557 0.9026 0.0000
vt 0.1557 0.9026 0.0000
vt 0.1557 0.9026 0.0000
vt 0.1557 0.9026 0.0000
vt 0.1557 0.9026 0.0000
vt 0.1557 0.9026 0.0000
vt 0.1557 0.9026 0.0000
vt 0.1557 0.9026 0.0000
vt 0.1557 0.9026 0.0000
vt 0.1557 0.9026 0.0000
vt 0.1557 0.9026 0.0000
vt 0.1557 0.9026 0.0000
vt 0.1557 0.9026 0.0000
vt 0.1557 0.9026 0.0000
vt 0.1557 0.9026 0.0000
vt 0.1557 0.9026 0.0000
vt 0.1557 0.9026 0.0000
vt 0.1557 0.9026 0.0000
vt 0.1557 0.9026 0.0000
vt 0.1557 0.9026 0.0000
vt 0.1557 0.9026 0.0000
vt 0.1557 0.9026 0.0000
vt 0.1557 0.9026 0.0000
vt 0.1557 0.9026 0.0000
vt 0.1557 0.9026 0.0000
vt 0.1557 0.9026 0.0000
vt 0.1557 0.9026 0.0000
vt 0.1557 0.9026 0.0000
vt 0.1557 0.9026 0.0000
vt 0.1557 0.9026 0.0000
vt 0.1557 0.9026 0.0000
vt 0.1557 0.9026 0.0000
vt 0.1557 0.9026 0.0000
vt 0.1557 0.9026 0.0000
vt 0.1557 0.9026 0.0000
vt 0.1557 0.9026 0.0000
vt 0.1557 0.9026 0.0000
vt 0.1557 0.9026 0.0000
vt 0.1557 0.9026 0.0000
vt 0.1557 0.9026 0.0000
vt 0.1557 0.9026 0.0000
vt 0.1557 0.9026 0.0000
vt 0.1557 0.9026 0.0000
vt 0.1557 0.9026 0.0000
vt 0.1557 0.9026 0.0000
vt 0.1557 0.9026 0.0000
vt 0.1557 0.9026 0.0000
vt 0.1557 0.9026 0.0000
vt 0.1557 0.9026 0.0000
vt 0.1557 0.9026 0.0000
vt 0.1557 0.9026 0.0000
vt 0.1557 0.9026 0.0000
vt 0.1557 0.9026 0.0000
vt 0.1557 0.9026 0.0000
vt 0.1557 0.9026 0.0000
vt 0.1557 0.9026 0.0000
vt 0.1557 0.9026 0.0000
vt 0.1557 0.9026 0.0000
vt 0.1557 0.9026 0.0000
vt 0.1557 0.9026 0.0000
vt 0.1557 0.9026 0.0000
vt 0.1557 0.9026 0.0000
vt 0.1557 0.9026 0.0000
vt 0.1557 0.9026 0.0000
vt 0.1557 0.9026 0.0000
vt 0.1557 0.9026 0.0000
vt 0.1557 0.9026 0.0000
vt 0.1557 0.9026 0.0000
vt 0.1557 0.9026 0.0000
vt 0.1557 0.9026 0.0000
vt 0.1557 0.9026 0.0000
vt 0.1557 0.9026 0.0000
vt 0.1557 0.9026 0.0000
vt 0.1557 0.9026 0.0000
vt 0.1557 0.9026 0.0000
vt 0.1557 0.9026 0.0000
vt 0.1557 0.9026 0.0000
vt 0.1557 0.9026 0.0000
vt 0.1557 0.9026 0.0000
vt 0.1557 0.9026 0.0000
vt 0.1557 0.9026 0.0000
vt 0.1557 0.9026 0.0000
vt 0.1557 0.9026 0.0000
vt 0.1557 0.9026 0.0000
vt 0.1557 0.9026 0.0000
vt 0.1557 0.9026 0.0000
vt 0.1557 0.9026 0.0000
vt 0.1557 0.9026 0.0000
vt 0.1557 0.9026 0.0000
vt 0.1557 0.9026 0.0000
vt 0.1557 0.9026 0.0000
vt 0.1557 0.9026 0.0000
vt 0.1557 0.9026 0.0000
vt 0.1557 0.9026 0.0000
vt 0.1557 0.9026 0.0000
vt 0.1557 0.9026 0.0000
vt 0.1557 0.9026 0.0000
vt 0.1557 0.9026 0.0000
vt 0.1557 0.9026 0.0000
vt 0.1557 0.9026 0.0000
vt 0.1557 0.9026 0.0000
vt 0.1557 0.9026 0.0000
vt 0.1557 0.9026 0.0000
vt 0.1557 0.9026 0.0000
vt 0.1557 0.9026 0.0000
vt 0.1557 0.9026 0.0000
vt 0.1557 0.9026 0.0000
vt 0.1557 0.9026 0.0000
vt 0.1557 0.9026 0.0000
vt 0.1557 0.9026 0.0000
vt 0.1557 0.9026 0.0000
vt 0.1557 0.9026 0.0000
vt 0.1557 0.9026 0.0000
vt 0.1557 0.9026 0.0000
vt 0.1557 0.9026 0.0000
vt 0.1557 0.9026 0.0000
vt 0.1557 0.9026 0.0000
vt 0.1557 0.9026 0.0000
vt 0.1557 0.9026 0.0000
vt 0.1557 0.9026 0.0000
vt 0.1557 0.9026 0.0000
vt 0.1557 0.9026 0.0000
vt 0.1557 0.9026 0.0000
vt 0.1557 0.9026 0.0000
vt 0.1557 0.9026 0.0000
vt 0.1557 0.9026 0.0000
vt 0.1557 0.9026 0.0000
vt 0.1557 0.9026 0.0000
vt 0.1557 0.9026 0.0000
vt 0.1557 0.9026 0.0000
vt 0.1557 0.9026 0.0000
vt 0.1557 0.9026 0.0000
vt 0.1557 0.9026 0.0000
vt 0.3948 1.0000 0.0000
vt 3.1441 0.9912 0.0000
vt 0.6016 1.0000 0.0000
vt 0.6723 1.0000 0.0000
vt 0.6016 1.0000 0.0000
vt 0.5923 1.0000 0.0000
vt 2.5107 0.9956 0.0000
vt 0.4024 1.0000 0.0000
vt 0.4377 1.0000 0.0000
vt 0.4024 1.0000 0.0000
vt 0.5020 1.0000 0.0000
vt 0.5550 1.0000 0.0000
vt 0.5020 1.0000 0.0000
vt 0.4935 1.0000 0.0000
vt 2.8274 0.9934 0.0000
vt 0.6910 1.0000 0.0000
vt 2.1940 0.9978 0.0000
vt 0.3028 1.0000 0.0000
vt 0.3205 1.0000 0.0000
vt 0.3028 1.0000 0.0000
vt 0.8008 1.0000 0.0000
vt 0.8362 1.0000 0.0000
vt 0.8008 1.0000 0.0000
vt 0.1974 1.0000 0.0000
vt 3.4493 0.9957 0.0000
vt 3.1381 0.0089 0.0000
vt 2.9177 0.0089 0.0000
vt 2.8273 0.0089 0.0000
vt 2.6605 0.0089 0.0000
vt 2.5849 0.0089 0.0000
vt 2.0476 0.0089 0.0000
vt 1.9407 0.0089 0.0000
vt 0.3360 1.0000 0.0000
vt 0.4688 1.0000 0.0000
vt 0.6016 1.0000 0.0000
vt 0.7344 1.0000 0.0000
vt 0.8672 1.0000 0.0000
vt 0.0704 1.0000 0.0000
vt -0.0624 1.0000 0.0000
vt -0.1952 1.0000 0.0000
vt -0.3280 1.0000 0.0000
vt -0.4609 1.0000 0.0000
vt 0.1316 1.0000 0.0000
vt 0.2632 1.0000 0.0000
vt 0.3948 1.0000 0.0000
vt 0.5264 1.0000 0.0000
vt 0.6581 1.0000 0.0000
vt 0.3129 1.0000 0.0000
vt 0.6258 1.0000 0.0000
vt 0.9386 1.0000 0.0000
vt 1.2515 1.0000 0.0000
vt 1.5644 1.0000 0.0000
vt 0.0704 1.0000 0.0000
vt -0.0624 1.0000 0.0000
vt -0.1952 1.0000 0.0000
vt -0.3280 1.0000 0.0000
vt -0.4609 1.0000 0.0000
vt 1.2776 0.0088 0.0000
vt 1.1849 0.0088 0.0000
vt 0.9659 0.0088 0.0000
vt 0.8615 0.0088 0.0000
vt 0.4312 0.0088 0.0000
vt 0.5407 0.0088 0.0000
vt 0.7390 0.0088 0.0000
vt 0.0000 1.0000 0.0000
vt 0.0000 1.0000 0.0000
vt 0.0000 1.0000 0.0000
vt 0.0000 1.0000 0.0000
vt 0.0000 1.0000 0.0000
vt 0.0000 1.0000 0.0000
vt 0.0000 1.0000 0.0000
vt 0.0000 1.0000 0.0000
vt 0.0000 1.0000 0.0000
vt 0.0000 1.0000 0.0000
vt 3.4133 1.0001 0.0000
vt 3.0719 1.0001 0.0000
vt 2.7306 1.0001 0.0000
vt 2.3893 1.0001 0.0000
vt 2.0480 1.0001 0.0000
vt 1.7066 1.0001 0.0000
vt 1.3653 1.0000 0.0000
vt 1.0240 1.0000 0.0000
vt 0.6827 1.0000 0.0000
vt 0.3413 1.0000 0.0000
vt 1.0000 1.0000 0.0000
vt 1.0000 1.0000 0.0000
vt 1.0000 1.0000 0.0000
vt 1.0000 1.0000 0.0000
vt 1.0000 1.0000 0.0000
vt 1.0000 1.0000 0.0000
vt 1.0000 1.0000 0.0000
vt 1.0000 1.0000 0.0000
vt 1.0000 1.0000 0.0000
vt 1.0000 1.0000 0.0000
vt -0.4488 1.0000 0.0000
vt -0.3039 1.0000 0.0000
vt -0.1590 1.0000 0.0000
vt -0.0141 1.0000 0.0000
vt 0.1307 1.0000 0.0000
vt 0.2756 1.0000 0.0000
vt 0.4205 1.0000 0.0000
vt 0.5654 1.0000 0.0000
vt 0.7102 1.0000 0.0000
vt 0.8551 1.0000 0.0000
vt -0.4488 1.0000 0.0000
vt -0.3039 1.0000 0.0000
vt -0.1590 1.0000 0.0000
vt -0.0141 1.0000 0.0000
vt 0.1307 1.0000 0.0000
vt 0.2756 1.0000 0.0000
vt 0.4205 1.0000 0.0000
vt 0.5654 1.0000 0.0000
vt 0.7102 1.0000 0.0000
vt 0.8551 1.0000 0.0000
vt 0.4257 0.0088 0.0000
vt 0.5594 0.0088 0.0000
vt 0.7180 0.0088 0.0000
vt 1.6539 0.0089 0.0000
vt 1.9180 0.0089 0.0000
vt 1.7723 0.0089 0.0000
vt 2.0600 0.0089 0.0000
vt 3.2330 0.0089 0.0000
vt 3.1430 0.0089 0.0000
vt 2.9409 0.0089 0.0000
# 3044 texture coords

g substation_ht_1005_03
usemtl terial__1344
f 1/20 2/17 3/18 4/19 
f 5/21 6/24 7/23 8/22 
f 9/6 10/5 2/1 1/2 
f 11/7 12/8 5/4 8/3 
f 13/25 14/28 15/27 16/26 
f 17/29 18/32 19/31 20/30 
f 9/12 13/11 16/10 10/9 
f 11/16 18/15 17/14 12/13 
usemtl Material__603
f 21/35 22/36 23/1054 24/1056 
f 25/40 22/37 21/38 26/39 
usemtl Material__570
f 27/1058 28/43 29/44 30/1057 
f 31/43 32/44 33/1060 34/1062 
f 33/1061 32/49 28/50 27/1059 
f 31/45 29/48 28/47 32/46 
usemtl Material__603
f 35/1064 36/51 37/52 38/1063 
f 39/54 40/53 41/1066 42/1068 
f 41/1067 40/59 36/60 35/1065 
f 39/55 37/58 36/57 40/56 
f 43/1070 44/61 45/62 46/1069 
f 47/64 48/63 49/1072 50/1074 
f 49/1073 48/69 44/70 43/1071 
f 47/65 45/68 44/67 48/66 
usemtl Material__570
f 51/71 52/74 53/73 54/72 
f 55/74 56/73 57/72 58/71 
f 56/75 54/78 53/77 57/76 
f 55/79 51/82 54/81 56/80 
f 58/75 52/78 51/77 55/76 
usemtl Material__603
f 59/83 60/86 61/85 62/84 
f 63/87 64/90 65/89 66/88 
f 64/91 62/94 61/93 65/92 
f 63/95 59/98 62/97 64/96 
f 66/91 60/94 59/93 63/92 
f 67/99 68/102 69/101 70/100 
f 71/103 72/106 73/105 74/104 
f 72/107 70/110 69/109 73/108 
f 71/111 67/114 70/113 72/112 
f 74/107 68/110 67/109 71/108 
usemtl Material__570
f 75/115 76/118 77/117 78/116 
f 79/118 80/117 81/116 82/115 
f 80/119 78/122 77/121 81/120 
f 79/123 75/126 78/125 80/124 
f 82/119 76/122 75/121 79/120 
usemtl Material__603
f 83/127 84/130 85/129 86/128 
f 87/131 88/134 89/133 90/132 
f 88/135 86/138 85/137 89/136 
f 87/139 83/142 86/141 88/140 
f 90/135 84/138 83/137 87/136 
f 91/143 92/146 93/145 94/144 
f 95/147 96/150 97/149 98/148 
f 96/151 94/154 93/153 97/152 
f 95/155 91/158 94/157 96/156 
f 98/151 92/154 91/153 95/152 
usemtl Material__570
f 99/159 100/162 101/161 102/160 
f 103/162 104/161 105/160 106/159 
f 99/163 103/166 106/165 100/164 
f 100/167 106/170 105/169 101/168 
f 102/171 101/168 105/169 104/172 
f 107/173 108/176 109/175 110/174 
f 111/176 112/175 113/174 114/173 
f 112/177 110/180 109/179 113/178 
f 111/181 107/184 110/183 112/182 
f 114/177 108/180 107/179 111/178 
usemtl Material__603
f 115/185 116/188 117/187 118/186 
f 119/189 120/192 121/191 122/190 
f 120/193 118/196 117/195 121/194 
f 119/197 115/200 118/199 120/198 
f 122/193 116/196 115/195 119/194 
f 123/201 124/204 125/203 126/202 
f 127/205 128/208 129/207 130/206 
f 128/209 126/212 125/211 129/210 
f 127/213 123/216 126/215 128/214 
f 130/209 124/212 123/211 127/210 
usemtl Material__570
f 131/217 132/220 133/219 134/218 
f 135/220 136/219 137/218 138/217 
f 131/221 135/224 138/223 132/222 
f 132/225 138/228 137/227 133/226 
f 133/221 137/224 136/223 134/222 
f 139/229 140/232 141/231 142/230 
f 143/232 144/231 145/230 146/229 
f 144/233 142/236 141/235 145/234 
f 143/237 139/240 142/239 144/238 
f 146/233 140/236 139/235 143/234 
usemtl Material__603
f 147/241 148/244 149/243 150/242 
f 151/245 152/248 153/247 154/246 
f 152/249 150/252 149/251 153/250 
f 151/253 147/256 150/255 152/254 
f 154/249 148/252 147/251 151/250 
f 155/257 156/260 157/259 158/258 
f 159/261 160/264 161/263 162/262 
f 160/265 158/268 157/267 161/266 
f 159/269 155/272 158/271 160/270 
f 162/265 156/268 155/267 159/266 
usemtl Material__570
f 163/273 164/276 165/275 166/274 
f 167/276 168/275 169/274 170/273 
f 163/277 167/280 170/279 164/278 
f 164/281 170/284 169/283 165/282 
f 165/277 169/280 168/279 166/278 
f 171/285 172/288 173/287 174/286 
f 175/288 176/287 177/286 178/285 
f 176/289 174/292 173/291 177/290 
f 175/293 171/296 174/295 176/294 
f 178/289 172/292 171/291 175/290 
usemtl Material__603
f 179/297 180/300 181/299 182/298 
f 183/301 184/304 185/303 186/302 
f 184/305 182/308 181/307 185/306 
f 183/309 179/312 182/311 184/310 
f 186/305 180/308 179/307 183/306 
f 187/313 188/316 189/315 190/314 
f 191/317 192/320 193/319 194/318 
f 192/321 190/324 189/323 193/322 
f 191/325 187/328 190/327 192/326 
f 194/321 188/324 187/323 191/322 
usemtl Material__570
f 195/329 196/332 197/331 198/330 
f 199/332 200/331 201/330 202/329 
f 195/333 199/336 202/335 196/334 
f 196/337 202/340 201/339 197/338 
f 197/333 201/336 200/335 198/334 
f 203/341 204/342 205/343 206/344 
f 207/344 208/341 209/342 210/343 
f 203/345 206/346 208/347 207/348 
f 206/349 205/350 209/351 208/352 
f 205/345 204/346 210/347 209/348 
f 211/355 212/356 213/353 214/354 
f 215/358 214/359 213/360 216/357 
f 217/362 215/363 216/364 218/361 
f 219/365 220/366 217/362 218/361 
f 221/367 222/368 220/366 219/365 
f 211/355 222/369 221/370 212/356 
f 223/373 224/374 225/371 226/372 
f 226/377 225/378 227/375 228/376 
f 228/381 227/382 229/379 230/380 
f 231/384 230/380 229/379 232/383 
f 233/386 231/384 232/383 234/385 
f 223/373 233/387 234/388 224/374 
f 225/371 224/374 211/355 214/354 
f 227/375 225/378 214/359 215/358 
f 227/382 215/363 217/362 229/379 
f 232/383 229/379 217/362 220/366 
f 222/368 234/385 232/383 220/366 
f 211/355 224/374 234/388 222/369 
f 212/356 235/389 236/390 213/353 
f 213/360 236/391 237/392 216/357 
f 216/364 237/393 238/394 218/361 
f 218/361 238/394 239/395 219/365 
f 219/365 239/395 240/396 221/367 
f 212/356 221/370 240/397 235/389 
f 241/400 242/401 243/398 244/399 
f 245/403 244/404 243/405 246/402 
f 247/407 245/408 246/409 248/406 
f 249/410 250/411 247/407 248/406 
f 251/412 252/413 250/411 249/410 
f 241/400 252/414 251/415 242/401 
f 253/418 254/419 255/416 256/417 
f 256/422 255/423 257/420 258/421 
f 258/426 257/427 259/424 260/425 
f 261/429 260/425 259/424 262/428 
f 263/431 261/429 262/428 264/430 
f 253/418 263/432 264/433 254/419 
f 255/416 254/419 241/400 244/399 
f 257/420 255/423 244/404 245/403 
f 257/427 245/408 247/407 259/424 
f 262/428 259/424 247/407 250/411 
f 252/413 264/430 262/428 250/411 
f 241/400 254/419 264/433 252/414 
f 242/401 265/434 266/435 243/398 
f 243/405 266/436 267/437 246/402 
f 246/409 267/438 268/439 248/406 
f 248/406 268/439 269/440 249/410 
f 249/410 269/440 270/441 251/412 
f 242/401 251/415 270/442 265/434 
f 271/445 272/446 273/443 274/444 
f 275/448 274/449 273/450 276/447 
f 277/452 275/453 276/454 278/451 
f 279/455 280/456 277/452 278/451 
f 281/457 282/458 280/456 279/455 
f 271/445 282/459 281/460 272/446 
f 283/463 284/464 285/461 286/462 
f 286/467 285/468 287/465 288/466 
f 288/471 287/472 289/469 290/470 
f 291/474 290/470 289/469 292/473 
f 293/476 291/474 292/473 294/475 
f 283/463 293/477 294/478 284/464 
f 285/461 284/464 271/445 274/444 
f 287/465 285/468 274/449 275/448 
f 287/472 275/453 277/452 289/469 
f 292/473 289/469 277/452 280/456 
f 282/458 294/475 292/473 280/456 
f 271/445 284/464 294/478 282/459 
f 273/443 272/446 295/1075 296/1076 
f 276/447 273/450 296/1077 297/1078 
f 278/451 276/454 297/1079 298/1080 
f 279/455 278/451 298/1080 299/1081 
f 300/1082 281/457 279/455 299/1081 
f 272/446 281/460 300/1083 295/1075 
f 301/481 302/482 303/479 304/480 
f 305/484 304/485 303/486 306/483 
f 307/488 305/489 306/490 308/487 
f 309/491 310/492 307/488 308/487 
f 311/493 312/494 310/492 309/491 
f 301/481 312/495 311/496 302/482 
f 313/499 314/500 315/497 316/498 
f 316/503 315/504 317/501 318/502 
f 318/507 317/508 319/505 320/506 
f 321/510 320/506 319/505 322/509 
f 323/512 321/510 322/509 324/511 
f 313/499 323/513 324/514 314/500 
f 315/497 314/500 301/481 304/480 
f 317/501 315/504 304/485 305/484 
f 317/508 305/489 307/488 319/505 
f 322/509 319/505 307/488 310/492 
f 312/494 324/511 322/509 310/492 
f 301/481 314/500 324/514 312/495 
f 325/517 326/518 327/515 328/516 
f 329/521 330/522 326/519 325/520 
f 331/525 332/526 330/523 329/524 
f 331/525 333/527 334/528 332/526 
f 333/527 335/529 336/530 334/528 
f 327/515 336/531 335/532 328/516 
f 337/534 325/517 328/516 338/533 
f 302/482 327/515 326/518 303/479 
f 339/536 329/521 325/520 337/535 
f 303/486 326/519 330/522 306/483 
f 340/538 331/525 329/524 339/537 
f 306/490 330/523 332/526 308/487 
f 340/538 341/539 333/527 331/525 
f 308/487 332/526 334/528 309/491 
f 341/539 342/540 335/529 333/527 
f 311/493 309/491 334/528 336/530 
f 311/496 336/531 327/515 302/482 
f 342/541 338/533 328/516 335/532 
usemtl Material__603
f 343/1087 344/544 345/545 346/1089 
f 347/546 348/549 345/548 344/547 
usemtl Material__570
f 349/553 350/552 351/1091 352/1090 
f 353/1093 354/553 355/552 356/1095 
f 350/559 354/558 353/1094 351/1092 
f 355/554 354/557 350/556 349/555 
usemtl Material__603
f 357/561 358/560 359/1097 360/1096 
f 361/1099 362/562 363/563 364/1101 
f 358/569 362/568 361/1100 359/1098 
f 363/564 362/567 358/566 357/565 
f 365/571 366/570 367/1103 368/1102 
f 369/1105 370/572 371/573 372/1107 
f 366/579 370/578 369/1106 367/1104 
f 371/574 370/577 366/576 365/575 
usemtl Material__570
f 373/580 374/583 375/582 376/581 
f 377/581 378/580 379/583 380/582 
f 380/584 379/587 375/586 374/585 
f 377/588 380/591 374/590 373/589 
f 378/584 377/587 373/586 376/585 
usemtl Material__603
f 381/592 382/595 383/594 384/593 
f 385/596 386/599 387/598 388/597 
f 388/600 387/603 383/602 382/601 
f 385/604 388/607 382/606 381/605 
f 386/600 385/603 381/602 384/601 
f 389/608 390/611 391/610 392/609 
f 393/612 394/615 395/614 396/613 
f 396/616 395/619 391/618 390/617 
f 393/620 396/623 390/622 389/621 
f 394/616 393/619 389/618 392/617 
usemtl Material__570
f 397/624 398/627 399/626 400/625 
f 401/625 402/624 403/627 404/626 
f 404/628 403/631 399/630 398/629 
f 401/632 404/635 398/634 397/633 
f 402/628 401/631 397/630 400/629 
usemtl Material__603
f 405/636 406/639 407/638 408/637 
f 409/640 410/643 411/642 412/641 
f 412/644 411/647 407/646 406/645 
f 409/648 412/651 406/650 405/649 
f 410/644 409/647 405/646 408/645 
f 413/652 414/655 415/654 416/653 
f 417/656 418/659 419/658 420/657 
f 420/660 419/663 415/662 414/661 
f 417/664 420/667 414/666 413/665 
f 418/660 417/663 413/662 416/661 
usemtl Material__570
f 421/668 422/671 423/670 424/669 
f 425/669 426/668 427/671 428/670 
f 421/672 424/675 426/674 425/673 
f 424/676 423/679 427/678 426/677 
f 422/680 428/681 427/678 423/679 
f 429/682 430/685 431/684 432/683 
f 433/683 434/682 435/685 436/684 
f 436/686 435/689 431/688 430/687 
f 433/690 436/693 430/692 429/691 
f 434/686 433/689 429/688 432/687 
usemtl Material__603
f 437/694 438/697 439/696 440/695 
f 441/698 442/701 443/700 444/699 
f 444/702 443/705 439/704 438/703 
f 441/706 444/709 438/708 437/707 
f 442/702 441/705 437/704 440/703 
f 445/710 446/713 447/712 448/711 
f 449/714 450/717 451/716 452/715 
f 452/718 451/721 447/720 446/719 
f 449/722 452/725 446/724 445/723 
f 450/718 449/721 445/720 448/719 
usemtl Material__570
f 453/726 454/729 455/728 456/727 
f 457/727 458/726 459/729 460/728 
f 453/730 456/733 458/732 457/731 
f 456/734 455/737 459/736 458/735 
f 455/730 454/733 460/732 459/731 
f 461/738 462/741 463/740 464/739 
f 465/739 466/738 467/741 468/740 
f 468/742 467/745 463/744 462/743 
f 465/746 468/749 462/748 461/747 
f 466/742 465/745 461/744 464/743 
usemtl Material__603
f 469/750 470/753 471/752 472/751 
f 473/754 474/757 475/756 476/755 
f 476/758 475/761 471/760 470/759 
f 473/762 476/765 470/764 469/763 
f 474/758 473/761 469/760 472/759 
f 477/766 478/769 479/768 480/767 
f 481/770 482/773 483/772 484/771 
f 484/774 483/777 479/776 478/775 
f 481/778 484/781 478/780 477/779 
f 482/774 481/777 477/776 480/775 
usemtl Material__570
f 485/782 486/785 487/784 488/783 
f 489/783 490/782 491/785 492/784 
f 485/786 488/789 490/788 489/787 
f 488/790 487/793 491/792 490/791 
f 487/786 486/789 492/788 491/787 
f 493/794 494/797 495/796 496/795 
f 497/795 498/794 499/797 500/796 
f 500/798 499/801 495/800 494/799 
f 497/802 500/805 494/804 493/803 
f 498/798 497/801 493/800 496/799 
usemtl Material__603
f 501/806 502/809 503/808 504/807 
f 505/810 506/813 507/812 508/811 
f 508/814 507/817 503/816 502/815 
f 505/818 508/821 502/820 501/819 
f 506/814 505/817 501/816 504/815 
f 509/822 510/825 511/824 512/823 
f 513/826 514/829 515/828 516/827 
f 516/830 515/833 511/832 510/831 
f 513/834 516/837 510/836 509/835 
f 514/830 513/833 509/832 512/831 
usemtl Material__570
f 517/838 518/841 519/840 520/839 
f 521/839 522/838 523/841 524/840 
f 517/842 520/845 522/844 521/843 
f 520/846 519/849 523/848 522/847 
f 519/842 518/845 524/844 523/843 
f 525/850 526/853 527/852 528/851 
f 529/853 530/852 531/851 532/850 
f 525/854 529/857 532/856 526/855 
f 526/858 532/861 531/860 527/859 
f 527/854 531/857 530/856 528/855 
f 533/862 534/865 535/864 536/863 
f 537/866 538/869 535/868 534/867 
f 539/870 540/873 538/872 537/871 
f 541/874 540/873 539/870 542/875 
f 543/876 541/874 542/875 544/877 
f 533/862 536/863 543/879 544/878 
f 545/880 546/883 547/882 548/881 
f 546/884 549/887 550/886 547/885 
f 549/888 551/891 552/890 550/889 
f 553/892 554/893 552/890 551/891 
f 555/894 556/895 554/893 553/892 
f 545/880 548/881 556/897 555/896 
f 547/882 534/865 533/862 548/881 
f 550/886 537/866 534/867 547/885 
f 550/889 552/890 539/870 537/871 
f 554/893 542/875 539/870 552/890 
f 544/877 542/875 554/893 556/895 
f 533/862 544/878 556/897 548/881 
f 536/863 535/864 557/899 558/898 
f 535/868 538/869 559/901 557/900 
f 538/872 540/873 560/903 559/902 
f 540/873 541/874 561/904 560/903 
f 541/874 543/876 562/905 561/904 
f 536/863 558/898 562/906 543/879 
f 563/907 564/910 565/909 566/908 
f 567/911 568/914 565/913 564/912 
f 569/915 570/918 568/917 567/916 
f 571/919 570/918 569/915 572/920 
f 573/921 571/919 572/920 574/922 
f 563/907 566/908 573/924 574/923 
f 575/925 576/928 577/927 578/926 
f 576/929 579/932 580/931 577/930 
f 579/933 581/936 582/935 580/934 
f 583/937 584/938 582/935 581/936 
f 585/939 586/940 584/938 583/937 
f 575/925 578/926 586/942 585/941 
f 577/927 564/910 563/907 578/926 
f 580/931 567/911 564/912 577/930 
f 580/934 582/935 569/915 567/916 
f 584/938 572/920 569/915 582/935 
f 574/922 572/920 584/938 586/940 
f 563/907 574/923 586/942 578/926 
f 566/908 565/909 587/944 588/943 
f 565/913 568/914 589/946 587/945 
f 568/917 570/918 590/948 589/947 
f 570/918 571/919 591/949 590/948 
f 571/919 573/921 592/950 591/949 
f 566/908 588/943 592/951 573/924 
f 593/952 594/955 595/954 596/953 
f 597/956 598/959 595/958 594/957 
f 599/960 600/963 598/962 597/961 
f 601/964 600/963 599/960 602/965 
f 603/966 601/964 602/965 604/967 
f 593/952 596/953 603/969 604/968 
f 605/970 606/973 607/972 608/971 
f 606/974 609/977 610/976 607/975 
f 609/978 611/981 612/980 610/979 
f 613/982 614/983 612/980 611/981 
f 615/984 616/985 614/983 613/982 
f 605/970 608/971 616/987 615/986 
f 607/972 594/955 593/952 608/971 
f 610/976 597/956 594/957 607/975 
f 610/979 612/980 599/960 597/961 
f 614/983 602/965 599/960 612/980 
f 604/967 602/965 614/983 616/985 
f 593/952 604/968 616/987 608/971 
f 617/1108 596/953 595/954 618/1109 
f 618/1110 595/958 598/959 619/1111 
f 619/1112 598/962 600/963 620/1113 
f 620/1113 600/963 601/964 621/1114 
f 601/964 603/966 622/1115 621/1114 
f 622/1116 603/969 596/953 617/1108 
f 623/988 624/991 625/990 626/989 
f 627/992 628/995 625/994 624/993 
f 629/996 630/999 628/998 627/997 
f 631/1000 630/999 629/996 632/1001 
f 633/1002 631/1000 632/1001 634/1003 
f 623/988 626/989 633/1005 634/1004 
f 635/1006 636/1009 637/1008 638/1007 
f 636/1010 639/1013 640/1012 637/1011 
f 639/1014 641/1017 642/1016 640/1015 
f 643/1018 644/1019 642/1016 641/1017 
f 645/1020 646/1021 644/1019 643/1018 
f 635/1006 638/1007 646/1023 645/1022 
f 637/1008 624/991 623/988 638/1007 
f 640/1012 627/992 624/993 637/1011 
f 640/1015 642/1016 629/996 627/997 
f 644/1019 632/1001 629/996 642/1016 
f 634/1003 632/1001 644/1019 646/1021 
f 623/988 634/1004 646/1023 638/1007 
f 647/1024 648/1027 649/1026 650/1025 
f 651/1028 647/1031 650/1030 652/1029 
f 653/1032 651/1035 652/1034 654/1033 
f 653/1032 654/1033 655/1037 656/1036 
f 656/1036 655/1037 657/1039 658/1038 
f 649/1026 648/1027 658/1041 657/1040 
f 659/1042 660/1043 648/1027 647/1024 
f 626/989 625/990 650/1025 649/1026 
f 661/1044 659/1045 647/1031 651/1028 
f 625/994 628/995 652/1029 650/1030 
f 662/1046 661/1047 651/1035 653/1032 
f 628/998 630/999 654/1033 652/1034 
f 662/1046 653/1032 656/1036 663/1048 
f 630/999 631/1000 655/1037 654/1033 
f 663/1048 656/1036 658/1038 664/1049 
f 633/1002 657/1039 655/1037 631/1000 
f 633/1005 626/989 649/1026 657/1040 
f 664/1050 658/1041 648/1027 660/1043 
usemtl Material__603
f 665/1053 666/1051 25/33 26/34 
f 666/1052 23/1055 22/41 25/42 
usemtl Material__615
f 667/2523 668/2524 669/2521 670/2522 
usemtl Material__603
f 671/1084 672/1086 348/543 347/542 
f 343/1088 671/1085 347/551 344/550 
usemtl Material__615
f 668/2524 673/2526 674/2525 669/2521 
usemtl Material__603
f 675/1120 24/1119 23/1118 676/1117 
f 677/1121 678/1124 675/1123 676/1122 
usemtl Material__570
f 27/1128 30/1127 679/1126 680/1125 
f 681/1125 34/1130 33/1129 682/1126 
f 33/1134 27/1133 680/1132 682/1131 
f 681/1135 682/1138 680/1137 679/1136 
usemtl Material__603
f 35/1142 38/1141 683/1140 684/1139 
f 685/1146 42/1145 41/1144 686/1143 
f 41/1150 35/1149 684/1148 686/1147 
f 685/1151 686/1154 684/1153 683/1152 
f 43/1158 46/1157 687/1156 688/1155 
f 689/1162 50/1161 49/1160 690/1159 
f 49/1166 43/1165 688/1164 690/1163 
f 689/1167 690/1170 688/1169 687/1168 
usemtl Material__570
f 691/1171 692/1174 693/1173 694/1172 
f 695/1172 696/1171 697/1174 698/1173 
f 698/1175 697/1178 693/1177 692/1176 
f 695/1179 698/1182 692/1181 691/1180 
f 696/1175 695/1178 691/1177 694/1176 
usemtl Material__603
f 699/1183 700/1186 701/1185 702/1184 
f 703/1187 704/1190 705/1189 706/1188 
f 706/1191 705/1194 701/1193 700/1192 
f 703/1195 706/1198 700/1197 699/1196 
f 704/1191 703/1194 699/1193 702/1192 
f 707/1199 708/1202 709/1201 710/1200 
f 711/1203 712/1206 713/1205 714/1204 
f 714/1207 713/1210 709/1209 708/1208 
f 711/1211 714/1214 708/1213 707/1212 
f 712/1207 711/1210 707/1209 710/1208 
usemtl Material__570
f 715/1215 716/1218 717/1217 718/1216 
f 719/1216 720/1215 721/1218 722/1217 
f 722/1219 721/1222 717/1221 716/1220 
f 719/1223 722/1226 716/1225 715/1224 
f 720/1219 719/1222 715/1221 718/1220 
usemtl Material__603
f 723/1227 724/1230 725/1229 726/1228 
f 727/1231 728/1234 729/1233 730/1232 
f 730/1235 729/1238 725/1237 724/1236 
f 727/1239 730/1242 724/1241 723/1240 
f 728/1235 727/1238 723/1237 726/1236 
f 731/1243 732/1246 733/1245 734/1244 
f 735/1247 736/1250 737/1249 738/1248 
f 738/1251 737/1254 733/1253 732/1252 
f 735/1255 738/1258 732/1257 731/1256 
f 736/1251 735/1254 731/1253 734/1252 
usemtl Material__570
f 739/1259 740/1262 741/1261 742/1260 
f 743/1260 744/1259 745/1262 746/1261 
f 739/1263 742/1266 744/1265 743/1264 
f 742/1267 741/1270 745/1269 744/1268 
f 740/1271 746/1272 745/1269 741/1270 
f 747/1273 748/1276 749/1275 750/1274 
f 751/1274 752/1273 753/1276 754/1275 
f 754/1277 753/1280 749/1279 748/1278 
f 751/1281 754/1284 748/1283 747/1282 
f 752/1277 751/1280 747/1279 750/1278 
usemtl Material__603
f 755/1285 756/1288 757/1287 758/1286 
f 759/1289 760/1292 761/1291 762/1290 
f 762/1293 761/1296 757/1295 756/1294 
f 759/1297 762/1300 756/1299 755/1298 
f 760/1293 759/1296 755/1295 758/1294 
f 763/1301 764/1304 765/1303 766/1302 
f 767/1305 768/1308 769/1307 770/1306 
f 770/1309 769/1312 765/1311 764/1310 
f 767/1313 770/1316 764/1315 763/1314 
f 768/1309 767/1312 763/1311 766/1310 
usemtl Material__570
f 771/1317 772/1320 773/1319 774/1318 
f 775/1318 776/1317 777/1320 778/1319 
f 771/1321 774/1324 776/1323 775/1322 
f 774/1325 773/1328 777/1327 776/1326 
f 773/1321 772/1324 778/1323 777/1322 
f 779/1329 780/1332 781/1331 782/1330 
f 783/1330 784/1329 785/1332 786/1331 
f 786/1333 785/1336 781/1335 780/1334 
f 783/1337 786/1340 780/1339 779/1338 
f 784/1333 783/1336 779/1335 782/1334 
usemtl Material__603
f 787/1341 788/1344 789/1343 790/1342 
f 791/1345 792/1348 793/1347 794/1346 
f 794/1349 793/1352 789/1351 788/1350 
f 791/1353 794/1356 788/1355 787/1354 
f 792/1349 791/1352 787/1351 790/1350 
f 795/1357 796/1360 797/1359 798/1358 
f 799/1361 800/1364 801/1363 802/1362 
f 802/1365 801/1368 797/1367 796/1366 
f 799/1369 802/1372 796/1371 795/1370 
f 800/1365 799/1368 795/1367 798/1366 
usemtl Material__570
f 803/1373 804/1376 805/1375 806/1374 
f 807/1374 808/1373 809/1376 810/1375 
f 803/1377 806/1380 808/1379 807/1378 
f 806/1381 805/1384 809/1383 808/1382 
f 805/1377 804/1380 810/1379 809/1378 
f 811/1385 812/1388 813/1387 814/1386 
f 815/1386 816/1385 817/1388 818/1387 
f 818/1389 817/1392 813/1391 812/1390 
f 815/1393 818/1396 812/1395 811/1394 
f 816/1389 815/1392 811/1391 814/1390 
usemtl Material__603
f 819/1397 820/1400 821/1399 822/1398 
f 823/1401 824/1404 825/1403 826/1402 
f 826/1405 825/1408 821/1407 820/1406 
f 823/1409 826/1412 820/1411 819/1410 
f 824/1405 823/1408 819/1407 822/1406 
f 827/1413 828/1416 829/1415 830/1414 
f 831/1417 832/1420 833/1419 834/1418 
f 834/1421 833/1424 829/1423 828/1422 
f 831/1425 834/1428 828/1427 827/1426 
f 832/1421 831/1424 827/1423 830/1422 
usemtl Material__570
f 835/1429 836/1432 837/1431 838/1430 
f 839/1430 840/1429 841/1432 842/1431 
f 835/1433 838/1436 840/1435 839/1434 
f 838/1437 837/1440 841/1439 840/1438 
f 837/1433 836/1436 842/1435 841/1434 
f 843/1441 844/1444 845/1443 846/1442 
f 847/1444 848/1443 849/1442 850/1441 
f 843/1445 847/1448 850/1447 844/1446 
f 844/1449 850/1452 849/1451 845/1450 
f 845/1445 849/1448 848/1447 846/1446 
f 851/1453 852/1456 853/1455 854/1454 
f 855/1457 856/1460 853/1459 852/1458 
f 857/1461 858/1464 856/1463 855/1462 
f 859/1465 858/1464 857/1461 860/1466 
f 861/1467 859/1465 860/1466 862/1468 
f 851/1453 854/1454 861/1470 862/1469 
f 863/1471 864/1474 865/1473 866/1472 
f 864/1475 867/1478 868/1477 865/1476 
f 867/1479 869/1482 870/1481 868/1480 
f 871/1483 872/1484 870/1481 869/1482 
f 873/1485 874/1486 872/1484 871/1483 
f 863/1471 866/1472 874/1488 873/1487 
f 865/1473 852/1456 851/1453 866/1472 
f 868/1477 855/1457 852/1458 865/1476 
f 868/1480 870/1481 857/1461 855/1462 
f 872/1484 860/1466 857/1461 870/1481 
f 862/1468 860/1466 872/1484 874/1486 
f 851/1453 862/1469 874/1488 866/1472 
f 854/1454 853/1455 875/1490 876/1489 
f 853/1459 856/1460 877/1492 875/1491 
f 856/1463 858/1464 878/1494 877/1493 
f 858/1464 859/1465 879/1495 878/1494 
f 859/1465 861/1467 880/1496 879/1495 
f 854/1454 876/1489 880/1497 861/1470 
f 881/1498 882/1501 883/1500 884/1499 
f 885/1502 886/1505 883/1504 882/1503 
f 887/1506 888/1509 886/1508 885/1507 
f 889/1510 888/1509 887/1506 890/1511 
f 891/1512 889/1510 890/1511 892/1513 
f 881/1498 884/1499 891/1515 892/1514 
f 893/1516 894/1519 895/1518 896/1517 
f 894/1520 897/1523 898/1522 895/1521 
f 897/1524 899/1527 900/1526 898/1525 
f 901/1528 902/1529 900/1526 899/1527 
f 903/1530 904/1531 902/1529 901/1528 
f 893/1516 896/1517 904/1533 903/1532 
f 895/1518 882/1501 881/1498 896/1517 
f 898/1522 885/1502 882/1503 895/1521 
f 898/1525 900/1526 887/1506 885/1507 
f 902/1529 890/1511 887/1506 900/1526 
f 892/1513 890/1511 902/1529 904/1531 
f 881/1498 892/1514 904/1533 896/1517 
f 884/1499 883/1500 905/1535 906/1534 
f 883/1504 886/1505 907/1537 905/1536 
f 886/1508 888/1509 908/1539 907/1538 
f 888/1509 889/1510 909/1540 908/1539 
f 889/1510 891/1512 910/1541 909/1540 
f 884/1499 906/1534 910/1542 891/1515 
f 911/1543 912/1546 913/1545 914/1544 
f 915/1547 916/1550 913/1549 912/1548 
f 917/1551 918/1554 916/1553 915/1552 
f 919/1555 918/1554 917/1551 920/1556 
f 921/1557 919/1555 920/1556 922/1558 
f 911/1543 914/1544 921/1560 922/1559 
f 923/1561 924/1564 925/1563 926/1562 
f 924/1565 927/1568 928/1567 925/1566 
f 927/1569 929/1572 930/1571 928/1570 
f 931/1573 932/1574 930/1571 929/1572 
f 933/1575 934/1576 932/1574 931/1573 
f 923/1561 926/1562 934/1578 933/1577 
f 925/1563 912/1546 911/1543 926/1562 
f 928/1567 915/1547 912/1548 925/1566 
f 928/1570 930/1571 917/1551 915/1552 
f 932/1574 920/1556 917/1551 930/1571 
f 922/1558 920/1556 932/1574 934/1576 
f 911/1543 922/1559 934/1578 926/1562 
f 913/1545 296/1580 295/1579 914/1544 
f 916/1550 297/1582 296/1581 913/1549 
f 918/1554 298/1584 297/1583 916/1553 
f 919/1555 299/1585 298/1584 918/1554 
f 300/1586 299/1585 919/1555 921/1557 
f 914/1544 295/1579 300/1587 921/1560 
f 935/1588 936/1591 937/1590 938/1589 
f 939/1592 940/1595 937/1594 936/1593 
f 941/1596 942/1599 940/1598 939/1597 
f 943/1600 942/1599 941/1596 944/1601 
f 945/1602 943/1600 944/1601 946/1603 
f 935/1588 938/1589 945/1605 946/1604 
f 947/1606 948/1609 949/1608 950/1607 
f 948/1610 951/1613 952/1612 949/1611 
f 951/1614 953/1617 954/1616 952/1615 
f 955/1618 956/1619 954/1616 953/1617 
f 957/1620 958/1621 956/1619 955/1618 
f 947/1606 950/1607 958/1623 957/1622 
f 949/1608 936/1591 935/1588 950/1607 
f 952/1612 939/1592 936/1593 949/1611 
f 952/1615 954/1616 941/1596 939/1597 
f 956/1619 944/1601 941/1596 954/1616 
f 946/1603 944/1601 956/1619 958/1621 
f 935/1588 946/1604 958/1623 950/1607 
f 959/1624 960/1627 961/1626 962/1625 
f 963/1628 959/1631 962/1630 964/1629 
f 965/1632 963/1635 964/1634 966/1633 
f 965/1632 966/1633 967/1637 968/1636 
f 968/1636 967/1637 969/1639 970/1638 
f 961/1626 960/1627 970/1641 969/1640 
f 971/1642 972/1643 960/1627 959/1624 
f 938/1589 937/1590 962/1625 961/1626 
f 973/1644 971/1645 959/1631 963/1628 
f 937/1594 940/1595 964/1629 962/1630 
f 974/1646 973/1647 963/1635 965/1632 
f 940/1598 942/1599 966/1633 964/1634 
f 974/1646 965/1632 968/1636 975/1648 
f 942/1599 943/1600 967/1637 966/1633 
f 975/1648 968/1636 970/1638 976/1649 
f 945/1602 969/1639 967/1637 943/1600 
f 945/1605 938/1589 961/1626 969/1640 
f 976/1650 970/1641 960/1627 972/1643 
usemtl Material__603
f 343/1654 346/1653 977/1652 978/1651 
f 979/1655 978/1658 977/1657 980/1656 
usemtl Material__570
f 981/1662 352/1661 351/1660 982/1659 
f 353/1664 356/1663 983/1659 984/1662 
f 982/1668 351/1667 353/1666 984/1665 
f 983/1669 981/1672 982/1671 984/1670 
usemtl Material__603
f 985/1676 360/1675 359/1674 986/1673 
f 361/1680 364/1679 987/1678 988/1677 
f 986/1684 359/1683 361/1682 988/1681 
f 987/1685 985/1688 986/1687 988/1686 
f 989/1692 368/1691 367/1690 990/1689 
f 369/1696 372/1695 991/1694 992/1693 
f 990/1700 367/1699 369/1698 992/1697 
f 991/1701 989/1704 990/1703 992/1702 
usemtl Material__570
f 993/1705 994/1708 995/1707 996/1706 
f 997/1708 998/1707 999/1706 1000/1705 
f 998/1709 996/1712 995/1711 999/1710 
f 997/1713 993/1716 996/1715 998/1714 
f 1000/1709 994/1712 993/1711 997/1710 
usemtl Material__603
f 1001/1717 1002/1720 1003/1719 1004/1718 
f 1005/1721 1006/1724 1007/1723 1008/1722 
f 1006/1725 1004/1728 1003/1727 1007/1726 
f 1005/1729 1001/1732 1004/1731 1006/1730 
f 1008/1725 1002/1728 1001/1727 1005/1726 
f 1009/1733 1010/1736 1011/1735 1012/1734 
f 1013/1737 1014/1740 1015/1739 1016/1738 
f 1014/1741 1012/1744 1011/1743 1015/1742 
f 1013/1745 1009/1748 1012/1747 1014/1746 
f 1016/1741 1010/1744 1009/1743 1013/1742 
usemtl Material__570
f 1017/1749 1018/1752 1019/1751 1020/1750 
f 1021/1752 1022/1751 1023/1750 1024/1749 
f 1022/1753 1020/1756 1019/1755 1023/1754 
f 1021/1757 1017/1760 1020/1759 1022/1758 
f 1024/1753 1018/1756 1017/1755 1021/1754 
usemtl Material__603
f 1025/1761 1026/1764 1027/1763 1028/1762 
f 1029/1765 1030/1768 1031/1767 1032/1766 
f 1030/1769 1028/1772 1027/1771 1031/1770 
f 1029/1773 1025/1776 1028/1775 1030/1774 
f 1032/1769 1026/1772 1025/1771 1029/1770 
f 1033/1777 1034/1780 1035/1779 1036/1778 
f 1037/1781 1038/1784 1039/1783 1040/1782 
f 1038/1785 1036/1788 1035/1787 1039/1786 
f 1037/1789 1033/1792 1036/1791 1038/1790 
f 1040/1785 1034/1788 1033/1787 1037/1786 
usemtl Material__570
f 1041/1793 1042/1796 1043/1795 1044/1794 
f 1045/1796 1046/1795 1047/1794 1048/1793 
f 1041/1797 1045/1800 1048/1799 1042/1798 
f 1042/1801 1048/1804 1047/1803 1043/1802 
f 1044/1805 1043/1802 1047/1803 1046/1806 
f 1049/1807 1050/1810 1051/1809 1052/1808 
f 1053/1810 1054/1809 1055/1808 1056/1807 
f 1054/1811 1052/1814 1051/1813 1055/1812 
f 1053/1815 1049/1818 1052/1817 1054/1816 
f 1056/1811 1050/1814 1049/1813 1053/1812 
usemtl Material__603
f 1057/1819 1058/1822 1059/1821 1060/1820 
f 1061/1823 1062/1826 1063/1825 1064/1824 
f 1062/1827 1060/1830 1059/1829 1063/1828 
f 1061/1831 1057/1834 1060/1833 1062/1832 
f 1064/1827 1058/1830 1057/1829 1061/1828 
f 1065/1835 1066/1838 1067/1837 1068/1836 
f 1069/1839 1070/1842 1071/1841 1072/1840 
f 1070/1843 1068/1846 1067/1845 1071/1844 
f 1069/1847 1065/1850 1068/1849 1070/1848 
f 1072/1843 1066/1846 1065/1845 1069/1844 
usemtl Material__570
f 1073/1851 1074/1854 1075/1853 1076/1852 
f 1077/1854 1078/1853 1079/1852 1080/1851 
f 1073/1855 1077/1858 1080/1857 1074/1856 
f 1074/1859 1080/1862 1079/1861 1075/1860 
f 1075/1855 1079/1858 1078/1857 1076/1856 
f 1081/1863 1082/1866 1083/1865 1084/1864 
f 1085/1866 1086/1865 1087/1864 1088/1863 
f 1086/1867 1084/1870 1083/1869 1087/1868 
f 1085/1871 1081/1874 1084/1873 1086/1872 
f 1088/1867 1082/1870 1081/1869 1085/1868 
usemtl Material__603
f 1089/1875 1090/1878 1091/1877 1092/1876 
f 1093/1879 1094/1882 1095/1881 1096/1880 
f 1094/1883 1092/1886 1091/1885 1095/1884 
f 1093/1887 1089/1890 1092/1889 1094/1888 
f 1096/1883 1090/1886 1089/1885 1093/1884 
f 1097/1891 1098/1894 1099/1893 1100/1892 
f 1101/1895 1102/1898 1103/1897 1104/1896 
f 1102/1899 1100/1902 1099/1901 1103/1900 
f 1101/1903 1097/1906 1100/1905 1102/1904 
f 1104/1899 1098/1902 1097/1901 1101/1900 
usemtl Material__570
f 1105/1907 1106/1910 1107/1909 1108/1908 
f 1109/1910 1110/1909 1111/1908 1112/1907 
f 1105/1911 1109/1914 1112/1913 1106/1912 
f 1106/1915 1112/1918 1111/1917 1107/1916 
f 1107/1911 1111/1914 1110/1913 1108/1912 
f 1113/1919 1114/1922 1115/1921 1116/1920 
f 1117/1922 1118/1921 1119/1920 1120/1919 
f 1118/1923 1116/1926 1115/1925 1119/1924 
f 1117/1927 1113/1930 1116/1929 1118/1928 
f 1120/1923 1114/1926 1113/1925 1117/1924 
usemtl Material__603
f 1121/1931 1122/1934 1123/1933 1124/1932 
f 1125/1935 1126/1938 1127/1937 1128/1936 
f 1126/1939 1124/1942 1123/1941 1127/1940 
f 1125/1943 1121/1946 1124/1945 1126/1944 
f 1128/1939 1122/1942 1121/1941 1125/1940 
f 1129/1947 1130/1950 1131/1949 1132/1948 
f 1133/1951 1134/1954 1135/1953 1136/1952 
f 1134/1955 1132/1958 1131/1957 1135/1956 
f 1133/1959 1129/1962 1132/1961 1134/1960 
f 1136/1955 1130/1958 1129/1957 1133/1956 
usemtl Material__570
f 1137/1963 1138/1966 1139/1965 1140/1964 
f 1141/1966 1142/1965 1143/1964 1144/1963 
f 1137/1967 1141/1970 1144/1969 1138/1968 
f 1138/1971 1144/1974 1143/1973 1139/1972 
f 1139/1967 1143/1970 1142/1969 1140/1968 
f 1145/1975 1146/1978 1147/1977 1148/1976 
f 1149/1976 1150/1975 1151/1978 1152/1977 
f 1145/1979 1148/1982 1150/1981 1149/1980 
f 1148/1983 1147/1986 1151/1985 1150/1984 
f 1147/1979 1146/1982 1152/1981 1151/1980 
f 1153/1987 1154/1990 1155/1989 1156/1988 
f 1157/1991 1156/1994 1155/1993 1158/1992 
f 1159/1995 1157/1998 1158/1997 1160/1996 
f 1161/1999 1162/2000 1159/1995 1160/1996 
f 1163/2001 1164/2002 1162/2000 1161/1999 
f 1153/1987 1164/2004 1163/2003 1154/1990 
f 1165/2005 1166/2008 1167/2007 1168/2006 
f 1168/2009 1167/2012 1169/2011 1170/2010 
f 1170/2013 1169/2016 1171/2015 1172/2014 
f 1173/2017 1172/2014 1171/2015 1174/2018 
f 1175/2019 1173/2017 1174/2018 1176/2020 
f 1165/2005 1175/2022 1176/2021 1166/2008 
f 1167/2007 1166/2008 1153/1987 1156/1988 
f 1169/2011 1167/2012 1156/1994 1157/1991 
f 1169/2016 1157/1998 1159/1995 1171/2015 
f 1174/2018 1171/2015 1159/1995 1162/2000 
f 1164/2002 1176/2020 1174/2018 1162/2000 
f 1153/1987 1166/2008 1176/2021 1164/2004 
f 1154/1990 1177/2024 1178/2023 1155/1989 
f 1155/1993 1178/2026 1179/2025 1158/1992 
f 1158/1997 1179/2028 1180/2027 1160/1996 
f 1160/1996 1180/2027 1181/2029 1161/1999 
f 1161/1999 1181/2029 1182/2030 1163/2001 
f 1154/1990 1163/2003 1182/2031 1177/2024 
f 1183/2032 1184/2035 1185/2034 1186/2033 
f 1187/2036 1186/2039 1185/2038 1188/2037 
f 1189/2040 1187/2043 1188/2042 1190/2041 
f 1191/2044 1192/2045 1189/2040 1190/2041 
f 1193/2046 1194/2047 1192/2045 1191/2044 
f 1183/2032 1194/2049 1193/2048 1184/2035 
f 1195/2050 1196/2053 1197/2052 1198/2051 
f 1198/2054 1197/2057 1199/2056 1200/2055 
f 1200/2058 1199/2061 1201/2060 1202/2059 
f 1203/2062 1202/2059 1201/2060 1204/2063 
f 1205/2064 1203/2062 1204/2063 1206/2065 
f 1195/2050 1205/2067 1206/2066 1196/2053 
f 1197/2052 1196/2053 1183/2032 1186/2033 
f 1199/2056 1197/2057 1186/2039 1187/2036 
f 1199/2061 1187/2043 1189/2040 1201/2060 
f 1204/2063 1201/2060 1189/2040 1192/2045 
f 1194/2047 1206/2065 1204/2063 1192/2045 
f 1183/2032 1196/2053 1206/2066 1194/2049 
f 1184/2035 1207/2069 1208/2068 1185/2034 
f 1185/2038 1208/2071 1209/2070 1188/2037 
f 1188/2042 1209/2073 1210/2072 1190/2041 
f 1190/2041 1210/2072 1211/2074 1191/2044 
f 1191/2044 1211/2074 1212/2075 1193/2046 
f 1184/2035 1193/2048 1212/2076 1207/2069 
f 1213/2077 1214/2080 1215/2079 1216/2078 
f 1217/2081 1216/2084 1215/2083 1218/2082 
f 1219/2085 1217/2088 1218/2087 1220/2086 
f 1221/2089 1222/2090 1219/2085 1220/2086 
f 1223/2091 1224/2092 1222/2090 1221/2089 
f 1213/2077 1224/2094 1223/2093 1214/2080 
f 1225/2095 1226/2098 1227/2097 1228/2096 
f 1228/2099 1227/2102 1229/2101 1230/2100 
f 1230/2103 1229/2106 1231/2105 1232/2104 
f 1233/2107 1232/2104 1231/2105 1234/2108 
f 1235/2109 1233/2107 1234/2108 1236/2110 
f 1225/2095 1235/2112 1236/2111 1226/2098 
f 1227/2097 1226/2098 1213/2077 1216/2078 
f 1229/2101 1227/2102 1216/2084 1217/2081 
f 1229/2106 1217/2088 1219/2085 1231/2105 
f 1234/2108 1231/2105 1219/2085 1222/2090 
f 1224/2092 1236/2110 1234/2108 1222/2090 
f 1213/2077 1226/2098 1236/2111 1224/2094 
f 617/2114 618/2113 1215/2079 1214/2080 
f 618/2116 619/2115 1218/2082 1215/2083 
f 619/2118 620/2117 1220/2086 1218/2087 
f 620/2117 621/2119 1221/2089 1220/2086 
f 1221/2089 621/2119 622/2120 1223/2091 
f 622/2121 617/2114 1214/2080 1223/2093 
f 1237/2122 1238/2125 1239/2124 1240/2123 
f 1241/2126 1240/2129 1239/2128 1242/2127 
f 1243/2130 1241/2133 1242/2132 1244/2131 
f 1245/2134 1246/2135 1243/2130 1244/2131 
f 1247/2136 1248/2137 1246/2135 1245/2134 
f 1237/2122 1248/2139 1247/2138 1238/2125 
f 1249/2140 1250/2143 1251/2142 1252/2141 
f 1252/2144 1251/2147 1253/2146 1254/2145 
f 1254/2148 1253/2151 1255/2150 1256/2149 
f 1257/2152 1256/2149 1255/2150 1258/2153 
f 1259/2154 1257/2152 1258/2153 1260/2155 
f 1249/2140 1259/2157 1260/2156 1250/2143 
f 1251/2142 1250/2143 1237/2122 1240/2123 
f 1253/2146 1251/2147 1240/2129 1241/2126 
f 1253/2151 1241/2133 1243/2130 1255/2150 
f 1258/2153 1255/2150 1243/2130 1246/2135 
f 1248/2137 1260/2155 1258/2153 1246/2135 
f 1237/2122 1250/2143 1260/2156 1248/2139 
f 1261/2158 1262/2161 1263/2160 1264/2159 
f 1265/2162 1266/2165 1262/2164 1261/2163 
f 1267/2166 1268/2169 1266/2168 1265/2167 
f 1267/2166 1269/2171 1270/2170 1268/2169 
f 1269/2171 1271/2173 1272/2172 1270/2170 
f 1263/2160 1272/2175 1271/2174 1264/2159 
f 1273/2176 1261/2158 1264/2159 1274/2177 
f 1238/2125 1263/2160 1262/2161 1239/2124 
f 1275/2178 1265/2162 1261/2163 1273/2179 
f 1239/2128 1262/2164 1266/2165 1242/2127 
f 1276/2180 1267/2166 1265/2167 1275/2181 
f 1242/2132 1266/2168 1268/2169 1244/2131 
f 1276/2180 1277/2182 1269/2171 1267/2166 
f 1244/2131 1268/2169 1270/2170 1245/2134 
f 1277/2182 1278/2183 1271/2173 1269/2171 
f 1247/2136 1245/2134 1270/2170 1272/2172 
f 1247/2138 1272/2175 1263/2160 1238/2125 
f 1278/2184 1274/2177 1264/2159 1271/2174 
usemtl Material__603
f 665/2188 678/2187 677/2186 666/2185 
f 666/2192 677/2191 676/2190 23/2189 
usemtl Material__615
f 667/2523 1279/2528 1280/2527 668/2524 
usemtl Material__603
f 671/2196 979/2195 980/2194 672/2193 
f 343/2200 978/2199 979/2198 671/2197 
usemtl Material__615
f 668/2524 1280/2527 1281/2529 673/2526 
usemtl Material__766
f 1282/2202 1283/2203 1284/2204 1285/2201 
f 1286/2213 1287/2214 1288/2215 1289/2216 
f 1284/2206 1286/2207 1289/2208 1285/2205 
f 1283/2210 1287/2211 1286/2212 1284/2209 
f 1282/2206 1288/2207 1287/2208 1283/2205 
f 1290/2218 1291/2219 1292/2220 1293/2217 
f 1294/2222 1295/2223 1296/2224 1297/2221 
f 1292/2226 1294/2227 1297/2228 1293/2225 
f 1291/2230 1295/2231 1294/2232 1292/2229 
f 1290/2226 1296/2227 1295/2228 1291/2225 
f 1298/2234 1299/2235 1300/2236 1301/2233 
f 1302/2245 1303/2246 1304/2247 1305/2248 
f 1300/2238 1302/2239 1305/2240 1301/2237 
f 1299/2242 1303/2243 1302/2244 1300/2241 
f 1298/2238 1304/2239 1303/2240 1299/2237 
f 1306/2250 1307/2251 1308/2252 1309/2249 
f 1310/2254 1311/2255 1312/2256 1313/2253 
f 1308/2258 1310/2259 1313/2260 1309/2257 
f 1307/2262 1311/2263 1310/2264 1308/2261 
f 1306/2258 1312/2259 1311/2260 1307/2257 
f 1314/2266 1315/2267 1316/2268 1317/2265 
f 1318/2277 1319/2278 1320/2279 1321/2280 
f 1316/2270 1318/2271 1321/2272 1317/2269 
f 1315/2274 1319/2275 1318/2276 1316/2273 
f 1314/2270 1320/2271 1319/2272 1315/2269 
f 1322/2282 1323/2283 1324/2284 1325/2281 
f 1326/2286 1327/2287 1328/2288 1329/2285 
f 1324/2290 1326/2291 1329/2292 1325/2289 
f 1323/2294 1327/2295 1326/2296 1324/2293 
f 1322/2290 1328/2291 1327/2292 1323/2289 
f 1330/2298 1331/2299 1332/2300 1333/2297 
f 1334/2309 1335/2310 1336/2311 1337/2312 
f 1332/2302 1334/2303 1337/2304 1333/2301 
f 1331/2306 1335/2307 1334/2308 1332/2305 
f 1330/2302 1336/2303 1335/2304 1331/2301 
f 1338/2314 1339/2315 1340/2316 1341/2313 
f 1342/2318 1343/2319 1344/2320 1345/2317 
f 1340/2322 1342/2323 1345/2324 1341/2321 
f 1339/2326 1343/2327 1342/2328 1340/2325 
f 1338/2322 1344/2323 1343/2324 1339/2321 
f 1346/2330 1347/2331 1348/2332 1349/2329 
f 1350/2341 1351/2342 1352/2343 1353/2344 
f 1348/2334 1350/2335 1353/2336 1349/2333 
f 1347/2338 1351/2339 1350/2340 1348/2337 
f 1346/2334 1352/2335 1351/2336 1347/2333 
f 1354/2346 1355/2347 1356/2348 1357/2345 
f 1358/2350 1359/2351 1360/2352 1361/2349 
f 1356/2354 1358/2355 1361/2356 1357/2353 
f 1355/2358 1359/2359 1358/2360 1356/2357 
f 1354/2354 1360/2355 1359/2356 1355/2353 
f 1362/2362 1363/2361 1364/2364 1365/2363 
f 1366/2373 1367/2376 1368/2375 1369/2374 
f 1364/2366 1363/2365 1367/2368 1366/2367 
f 1365/2370 1364/2369 1366/2372 1369/2371 
f 1362/2366 1365/2365 1369/2368 1368/2367 
f 1370/2378 1371/2377 1372/2380 1373/2379 
f 1374/2382 1375/2381 1376/2384 1377/2383 
f 1372/2386 1371/2385 1375/2388 1374/2387 
f 1373/2390 1372/2389 1374/2392 1377/2391 
f 1370/2386 1373/2385 1377/2388 1376/2387 
f 1378/2394 1379/2393 1380/2396 1381/2395 
f 1382/2405 1383/2408 1384/2407 1385/2406 
f 1380/2398 1379/2397 1383/2400 1382/2399 
f 1381/2402 1380/2401 1382/2404 1385/2403 
f 1378/2398 1381/2397 1385/2400 1384/2399 
f 1386/2410 1387/2409 1388/2412 1389/2411 
f 1390/2414 1391/2413 1392/2416 1393/2415 
f 1388/2418 1387/2417 1391/2420 1390/2419 
f 1389/2422 1388/2421 1390/2424 1393/2423 
f 1386/2418 1389/2417 1393/2420 1392/2419 
f 1394/2426 1395/2425 1396/2428 1397/2427 
f 1398/2437 1399/2440 1400/2439 1401/2438 
f 1396/2430 1395/2429 1399/2432 1398/2431 
f 1397/2434 1396/2433 1398/2436 1401/2435 
f 1394/2430 1397/2429 1401/2432 1400/2431 
f 1402/2442 1403/2441 1404/2444 1405/2443 
f 1406/2446 1407/2445 1408/2448 1409/2447 
f 1404/2450 1403/2449 1407/2452 1406/2451 
f 1405/2454 1404/2453 1406/2456 1409/2455 
f 1402/2450 1405/2449 1409/2452 1408/2451 
f 1410/2458 1411/2457 1412/2460 1413/2459 
f 1414/2469 1415/2472 1416/2471 1417/2470 
f 1412/2462 1411/2461 1415/2464 1414/2463 
f 1413/2466 1412/2465 1414/2468 1417/2467 
f 1410/2462 1413/2461 1417/2464 1416/2463 
f 1418/2474 1419/2473 1420/2476 1421/2475 
f 1422/2478 1423/2477 1424/2480 1425/2479 
f 1420/2482 1419/2481 1423/2484 1422/2483 
f 1421/2486 1420/2485 1422/2488 1425/2487 
f 1418/2482 1421/2481 1425/2484 1424/2483 
f 1426/2490 1427/2489 1428/2492 1429/2491 
f 1430/2501 1431/2504 1432/2503 1433/2502 
f 1428/2494 1427/2493 1431/2496 1430/2495 
f 1429/2498 1428/2497 1430/2500 1433/2499 
f 1426/2494 1429/2493 1433/2496 1432/2495 
f 1434/2506 1435/2505 1436/2508 1437/2507 
f 1438/2510 1439/2509 1440/2512 1441/2511 
f 1436/2514 1435/2513 1439/2516 1438/2515 
f 1437/2518 1436/2517 1438/2520 1441/2519 
f 1434/2514 1437/2513 1441/2516 1440/2515 
usemtl Material__603
f 1442/2533 1443/2605 1444/2534 1445/2535 
f 1446/2536 1445/2606 1444/2537 1447/2538 
f 1442/2542 1448/2632 1449/2543 1443/2544 
f 1450/2955 1451/2965 1452/2966 1453/2954 
f 1454/2551 1455/2633 1456/2552 1457/2553 
f 1458/2554 1459/2634 1456/2555 1455/2556 
f 1458/2557 1460/2635 1461/2558 1459/2559 
f 1462/2560 1463/2936 1464/2938 1465/2563 
usemtl Material__766
f 1466/2641 1467/2827 1468/2642 1469/2643 
f 1469/2644 1468/2828 1470/2645 1471/2646 
f 1470/2647 1472/2829 1473/2648 1471/2649 
f 1471/2889 1473/2890 1466/2891 1469/2913 
f 1473/2650 1472/2830 1467/2651 1466/2652 
f 1474/2653 1475/2831 1476/2654 1477/2655 
f 1477/2656 1476/2832 1478/2657 1479/2658 
f 1479/2659 1478/2833 1480/2660 1481/2661 
f 1477/2892 1479/2893 1481/2894 1474/2914 
f 1481/2662 1480/2834 1475/2663 1474/2664 
f 1482/2665 1483/2835 1484/2666 1485/2667 
f 1484/2668 1486/2836 1487/2669 1485/2670 
f 1487/2671 1486/2837 1488/2672 1489/2673 
f 1485/2895 1487/2896 1489/2897 1482/2915 
f 1489/2674 1488/2838 1483/2675 1482/2676 
f 1490/2677 1491/2839 1492/2678 1493/2679 
f 1493/2680 1492/2840 1494/2681 1495/2682 
f 1495/2683 1494/2841 1496/2684 1497/2685 
f 1493/2898 1495/2899 1497/2900 1490/2916 
f 1497/2686 1496/2842 1491/2687 1490/2688 
f 1498/2689 1499/2843 1500/2690 1501/2691 
f 1501/2692 1500/2844 1502/2693 1503/2694 
f 1503/2695 1502/2845 1504/2696 1505/2697 
f 1501/2901 1503/2902 1505/2903 1498/2917 
f 1505/2698 1504/2846 1499/2699 1498/2700 
f 1506/2701 1507/2847 1508/2702 1509/2703 
f 1509/2704 1508/2848 1510/2705 1511/2706 
f 1511/2707 1510/2849 1512/2708 1513/2709 
f 1509/2904 1511/2905 1513/2906 1506/2918 
f 1513/2710 1512/2850 1507/2711 1506/2712 
f 1514/2713 1515/2851 1516/2714 1517/2715 
f 1517/2716 1516/2852 1518/2717 1519/2718 
f 1519/2719 1518/2853 1520/2720 1521/2721 
f 1517/2907 1519/2908 1521/2909 1514/2919 
f 1521/2722 1520/2854 1515/2723 1514/2724 
f 1522/2725 1523/2855 1524/2726 1525/2727 
f 1525/2728 1524/2856 1526/2729 1527/2730 
f 1527/2731 1526/2857 1528/2732 1529/2733 
f 1525/2910 1527/2911 1529/2912 1522/2920 
f 1529/2734 1528/2858 1523/2735 1522/2736 
f 1530/2737 1531/2859 1532/2738 1533/2739 
f 1533/2740 1532/2860 1534/2741 1535/2742 
f 1535/2743 1534/2861 1536/2744 1537/2745 
f 1535/2746 1537/2862 1530/2747 1533/2748 
f 1537/2749 1536/2863 1531/2750 1530/2751 
f 1538/2752 1539/2864 1540/2753 1541/2754 
f 1540/2755 1542/2865 1543/2756 1541/2757 
f 1543/2758 1542/2866 1544/2759 1545/2760 
f 1543/2761 1545/2867 1538/2762 1541/2763 
f 1545/2764 1544/2868 1539/2765 1538/2766 
f 1546/2767 1547/2869 1548/2768 1549/2769 
f 1549/2770 1548/2870 1550/2771 1551/2772 
f 1551/2773 1550/2871 1552/2774 1553/2775 
f 1551/2776 1553/2872 1546/2777 1549/2778 
f 1553/2779 1552/2873 1547/2780 1546/2781 
f 1554/2782 1555/2874 1556/2783 1557/2784 
f 1557/2785 1556/2875 1558/2786 1559/2787 
f 1559/2788 1558/2876 1560/2789 1561/2790 
f 1559/2791 1561/2877 1554/2792 1557/2793 
f 1561/2794 1560/2878 1555/2795 1554/2796 
f 1562/2797 1563/2879 1564/2798 1565/2799 
f 1565/2800 1564/2880 1566/2801 1567/2802 
f 1567/2803 1566/2881 1568/2804 1569/2805 
f 1567/2806 1569/2882 1562/2807 1565/2808 
f 1568/2809 1563/2883 1562/2810 1569/2811 
f 1570/2812 1571/2884 1572/2813 1573/2814 
f 1573/2815 1572/2885 1574/2816 1575/2817 
f 1575/2818 1574/2886 1576/2819 1577/2820 
f 1575/2821 1577/2887 1570/2822 1573/2823 
f 1577/2824 1576/2888 1571/2825 1570/2826 
usemtl Material__603
f 1578/2946 1457/2572 1526/2571 1524/2573 
f 1450/2960 1579/2975 1580/2976 1581/2961 
f 1443/2574 1449/2530 1484/2532 1483/2575 
f 1526/2571 1457/2572 1456/2576 1528/2577 
f 1464/2939 1582/2940 1583/2564 1465/2638 
f 1584/2921 1585/2944 1586/2941 1587/2923 
f 1586/2942 1588/2943 1589/2925 1587/2924 
f 1590/2926 1591/2934 1592/2931 1593/2928 
f 1592/2932 1594/2933 1595/2930 1593/2929 
f 1596/3010 1597/2989 1598/2990 1599/3009 
f 1600/3030 1596/3020 1599/3019 1601/3029 
f 1591/2934 1584/2921 1587/2923 1592/2931 
f 1587/2924 1589/2925 1594/2933 1592/2932 
f 1463/2936 1590/2926 1593/2928 1464/2938 
f 1593/2929 1595/2930 1582/2940 1464/2939 
f 1585/2944 1456/2561 1459/2562 1586/2941 
f 1459/2565 1461/2566 1588/2943 1586/2942 
f 1528/2577 1456/2576 1585/2945 1523/2579 
f 1520/2580 1523/2579 1585/2945 1584/2922 
f 1515/2581 1520/2580 1584/2922 1591/2935 
f 1467/2583 1472/2582 1590/2927 1463/2937 
f 1512/2584 1467/2583 1463/2937 
f 1512/2584 1463/2937 1462/2578 1507/2586 
f 1510/2604 1602/2951 1603/2950 1468/2590 1467/2583 1512/2584 
f 1518/2589 1604/2947 1578/2946 1524/2573 1523/2579 1520/2580 
f 1516/2588 1605/2948 1604/2947 1518/2589 
f 1470/2587 1606/2949 1605/2948 1516/2588 
f 1591/2935 1590/2927 1472/2582 1515/2581 
f 1515/2581 1472/2582 1470/2587 1516/2588 
f 1468/2590 1603/2950 1606/2949 1470/2587 
f 1508/2602 1607/2952 1602/2951 1510/2604 
f 1444/2547 1443/2548 1608/2963 1609/2957 
f 1609/2957 1608/2963 1610/2964 1581/2956 
f 1581/2956 1610/2964 1451/2965 1450/2955 
f 1462/2545 1465/2546 1611/2953 1612/2967 
f 1612/2967 1611/2953 1453/2954 1452/2966 
f 1465/2638 1583/2564 1613/2973 1611/2958 
f 1611/2958 1613/2973 1614/2974 1453/2959 
f 1453/2959 1614/2974 1579/2975 1450/2960 
f 1447/2637 1444/2636 1609/2962 1615/2977 
f 1615/2977 1609/2962 1581/2961 1580/2976 
f 1504/2601 1462/2578 1612/2972 1499/2600 
f 1451/2970 1491/2593 1496/2597 1452/2971 
f 1610/2969 1480/2591 1491/2593 1451/2970 
f 1610/2969 1608/2968 1475/2595 1480/2591 
f 1608/2968 1488/2585 1486/2531 1476/2596 1475/2595 
f 1608/2968 1443/2574 1483/2575 1488/2585 
f 1607/2952 1508/2602 1502/2603 1616/2978 
f 1492/2592 1491/2593 1480/2591 1478/2594 
f 1499/2600 1496/2597 1494/2599 1500/2598 
f 1499/2600 1612/2972 1452/2971 1496/2597 
f 1507/2586 1462/2578 1504/2601 
f 1508/2602 1507/2586 1504/2601 1502/2603 
f 1500/2598 1617/2979 1616/2978 1502/2603 
f 1494/2599 1618/2980 1617/2979 1500/2598 
f 1492/2592 1619/2981 1618/2980 1494/2599 
f 1492/2592 1478/2594 1620/2984 1619/2981 
f 1484/2532 1449/2530 1621/2982 1486/2531 
f 1486/2531 1621/2982 1622/2983 1476/2596 
f 1476/2596 1622/2983 1620/2984 1478/2594 
f 1455/2614 1454/2610 1536/2609 1534/2615 
f 1623/3035 1448/2540 1571/2541 1576/2539 
f 1571/2541 1448/2540 1442/2607 1572/2608 
f 1458/2567 1455/2568 1624/2985 1625/3014 
f 1625/3014 1624/2985 1626/2986 1627/3013 
f 1627/3013 1626/2986 1628/2987 1629/3012 
f 1629/3012 1628/2987 1630/2988 1631/3011 
f 1631/3011 1630/2988 1597/2989 1596/3010 
f 1632/2994 1442/2550 1445/2549 1633/3005 
f 1634/2993 1632/2994 1633/3005 1635/3006 
f 1636/2992 1634/2993 1635/3006 1637/3007 
f 1638/2991 1636/2992 1637/3007 1639/3008 
f 1598/2990 1638/2991 1639/3008 1599/3009 
f 1460/2640 1458/2639 1625/3024 1640/3034 
f 1640/3034 1625/3024 1627/3023 1641/3033 
f 1641/3033 1627/3023 1629/3022 1642/3032 
f 1642/3032 1629/3022 1631/3021 1643/3031 
f 1643/3031 1631/3021 1596/3020 1600/3030 
f 1445/2569 1446/2570 1644/3025 1633/3015 
f 1633/3015 1644/3025 1645/3026 1635/3016 
f 1635/3016 1645/3026 1646/3027 1637/3017 
f 1637/3017 1646/3027 1647/3028 1639/3018 
f 1639/3018 1647/3028 1601/3029 1599/3019 
f 1572/2608 1442/2607 1632/3004 1574/2617 
f 1563/2626 1648/3036 1623/3035 1576/2539 1574/2617 1564/2618 
f 1568/2631 1649/3037 1648/3036 1563/2626 
f 1555/2629 1650/3038 1649/3037 1568/2631 1566/2619 1556/2630 
f 1560/2624 1651/3040 1650/3038 1555/2629 
f 1547/2625 1552/2628 1652/3041 1653/3039 
f 1560/2624 1547/2625 1653/3039 1651/3040 
f 1552/2628 1550/2627 1540/2623 1539/2613 1654/3044 1652/3041 
f 1536/2609 1454/2610 1655/3042 1531/2611 
f 1531/2611 1655/3042 1656/3043 1544/2612 
f 1544/2612 1656/3043 1654/3044 1539/2613 
f 1624/2995 1455/2614 1534/2615 1532/2616 
f 1626/2996 1624/2995 1532/2616 1531/2611 1544/2612 1542/2622 
f 1626/2996 1542/2622 1540/2623 1628/2997 
f 1630/2998 1628/2997 1540/2623 1550/2627 
f 1597/2999 1630/2998 1550/2627 1548/2621 
f 1598/3000 1597/2999 1548/2621 1558/2620 
f 1558/2620 1548/2621 1547/2625 1560/2624 
f 1556/2630 1638/3001 1598/3000 1558/2620 
f 1556/2630 1566/2619 1636/3002 1638/3001 
f 1566/2619 1564/2618 1634/3003 1636/3002 
f 1574/2617 1632/3004 1634/3003 1564/2618 
# 1189 polygons - 2 triangles

