# 3ds Max Wavefront OBJ Exporter v0.97b - (c)2007 guruware
# ´´½¨µÄÎÄ¼ş:11.03.2020 15:53:53

mtllib substation_ht_1005_05.mtl

#
# object µ¶Õ¢_020
#

v  -160.9939 16.4685 944.7720
v  -161.0045 11.4940 944.7678
v  -161.2081 11.4974 944.5642
v  -161.1831 16.4717 944.5833
v  -161.4861 11.5015 944.4897
v  -161.4416 16.4755 944.5135
v  -161.7641 11.5053 944.5642
v  -161.6999 16.4790 944.5826
v  -161.9676 11.5077 944.7678
v  -161.8890 16.4813 944.7720
v  -162.0421 11.5081 945.0458
v  -161.9582 16.4816 945.0307
v  -161.9676 11.5064 945.3239
v  -161.8890 16.4800 945.2890
v  -161.7641 11.5030 945.5273
v  -161.6999 16.4769 945.4783
v  -161.4861 11.4989 945.6019
v  -161.4415 16.4730 945.5473
v  -161.2081 11.4951 945.5273
v  -161.1831 16.4695 945.4779
v  -161.0046 11.4926 945.3239
v  -160.9939 16.4673 945.2890
v  -160.9301 11.4922 945.0458
v  -160.9246 16.4669 945.0307
v  -161.4439 16.8830 945.4895
v  -161.6740 16.8864 945.4280
v  -161.8424 16.8891 945.2593
v  -161.9041 16.8906 945.0291
v  -161.8424 16.8903 944.7990
v  -161.6740 16.8883 944.6299
v  -161.4439 16.8852 944.5687
v  -161.2137 16.8817 944.6307
v  -161.0452 16.8789 944.7990
v  -160.9835 16.8775 945.0291
v  -161.0452 16.8778 945.2593
v  -161.2137 16.8798 945.4274
v  -161.2579 10.8336 944.6474
v  -161.0892 10.8307 944.8161
v  -161.4883 10.8370 944.5854
v  -161.7188 10.8401 944.6474
v  -161.8875 10.8421 944.8161
v  -161.9492 10.8424 945.0464
v  -161.8875 10.8410 945.2769
v  -161.7188 10.8382 945.4457
v  -161.4883 10.8348 945.5073
v  -161.2579 10.8317 945.4457
v  -161.0892 10.8296 945.2769
v  -161.0275 10.8293 945.0464
v  -175.3958 9.8958 945.3431
v  -175.3750 9.0819 945.3223
v  -175.0884 9.0819 945.4412
v  -175.0884 9.8958 945.4705
v  -174.8018 9.0819 945.3223
v  -174.7811 9.8958 945.3431
v  -174.6831 9.0819 945.0358
v  -174.6538 9.8958 945.0358
v  -174.8018 9.0819 944.7494
v  -174.7811 9.8958 944.7286
v  -175.0884 9.0819 944.6306
v  -175.0884 9.8958 944.6013
v  -175.3750 9.0819 944.7494
v  -175.3958 9.8958 944.7286
v  -175.4938 9.0819 945.0358
v  -175.5231 9.8958 945.0358
v  -175.3645 10.9422 944.7597
v  -175.4202 10.2633 944.7040
v  -175.5578 10.2633 945.0358
v  -175.4788 10.9422 945.0358
v  -175.0884 10.9422 944.6454
v  -175.0884 10.2633 944.5665
v  -174.8124 10.9422 944.7597
v  -174.7566 10.2633 944.7040
v  -174.6980 10.9422 945.0358
v  -174.6191 10.2633 945.0358
v  -174.8124 10.9422 945.3120
v  -174.7566 10.2633 945.3677
v  -175.0884 10.9422 945.4263
v  -175.0884 10.2633 945.5052
v  -175.3645 10.9422 945.3120
v  -175.4203 10.2633 945.3677
v  -175.5730 9.9222 944.5513
v  -175.7738 9.9222 945.0358
v  -175.7738 10.2361 945.0358
v  -175.5730 10.2361 944.5513
v  -175.5730 10.2361 945.5205
v  -175.5730 9.9222 945.5205
v  -175.0884 10.2361 945.7212
v  -175.0884 9.9222 945.7212
v  -174.6039 10.2361 945.5205
v  -174.6039 9.9222 945.5205
v  -174.4031 10.2361 945.0358
v  -174.4031 9.9222 945.0358
v  -174.6038 10.2361 944.5513
v  -174.6038 9.9222 944.5513
v  -175.0884 10.2361 944.3506
v  -175.0884 9.9222 944.3506
v  -161.8074 2.3401 957.3843
v  -161.7866 1.5262 957.3636
v  -161.5000 1.5262 957.4824
v  -161.5000 2.3401 957.5117
v  -161.2134 1.5262 957.3636
v  -161.1926 2.3401 957.3843
v  -161.0946 1.5262 957.0770
v  -161.0653 2.3401 957.0770
v  -161.2134 1.5262 956.7906
v  -161.1926 2.3401 956.7699
v  -161.5000 1.5262 956.6718
v  -161.5000 2.3401 956.6425
v  -161.7866 1.5262 956.7906
v  -161.8074 2.3401 956.7699
v  -161.9054 1.5262 957.0770
v  -161.9347 2.3401 957.0770
v  -161.7760 3.3866 956.8010
v  -161.8318 2.7077 956.7452
v  -161.9693 2.7077 957.0770
v  -161.8904 3.3866 957.0770
v  -161.5000 3.3866 956.6866
v  -161.5000 2.7077 956.6078
v  -161.2240 3.3866 956.8010
v  -161.1682 2.7077 956.7452
v  -161.1096 3.3866 957.0770
v  -161.0307 2.7077 957.0770
v  -161.2240 3.3866 957.3531
v  -161.1682 2.7077 957.4089
v  -161.5000 3.3866 957.4675
v  -161.5000 2.7077 957.5465
v  -161.7760 3.3866 957.3531
v  -161.8318 2.7077 957.4089
v  -161.9846 2.3666 956.5925
v  -162.1853 2.3666 957.0770
v  -162.1853 2.6805 957.0770
v  -161.9846 2.6805 956.5925
v  -161.9846 2.6805 957.5618
v  -161.9846 2.3666 957.5618
v  -161.5000 2.6805 957.7625
v  -161.5000 2.3666 957.7625
v  -161.0154 2.6805 957.5618
v  -161.0154 2.3666 957.5618
v  -160.8147 2.6805 957.0770
v  -160.8147 2.3666 957.0770
v  -161.0154 2.6805 956.5925
v  -161.0154 2.3666 956.5925
v  -161.5000 2.6805 956.3918
v  -161.5000 2.3666 956.3918
v  -174.6534 8.7053 932.7308
v  -174.6641 3.8530 932.7265
v  -174.8676 3.8564 932.5230
v  -174.8426 8.7084 932.5419
v  -175.1456 3.8606 932.4485
v  -175.1011 8.7123 932.4722
v  -175.4236 3.8644 932.5230
v  -175.3594 8.7158 932.5414
v  -175.6271 3.8668 932.7265
v  -175.5485 8.7180 932.7308
v  -175.7016 3.8672 933.0046
v  -175.6177 8.7184 932.9894
v  -175.6271 3.8654 933.2825
v  -175.5484 8.7168 933.2478
v  -175.4236 3.8620 933.4861
v  -175.3594 8.7136 933.4370
v  -175.1456 3.8579 933.5605
v  -175.1010 8.7098 933.5061
v  -174.8676 3.8542 933.4861
v  -174.8426 8.7063 933.4366
v  -174.6641 3.8517 933.2825
v  -174.6534 8.7041 933.2478
v  -174.5896 3.8513 933.0046
v  -174.5841 8.7037 932.9894
v  -175.1034 9.1197 933.4482
v  -175.3335 9.1232 933.3867
v  -175.5019 9.1259 933.2181
v  -175.5636 9.1274 932.9879
v  -175.5019 9.1271 932.7578
v  -175.3335 9.1251 932.5889
v  -175.1034 9.1219 932.5275
v  -174.8732 9.1185 932.5894
v  -174.7047 9.1157 932.7578
v  -174.6430 9.1142 932.9879
v  -174.7047 9.1146 933.2181
v  -174.8732 9.1166 933.3861
v  -174.9174 3.1926 932.6062
v  -174.7487 3.1898 932.7748
v  -175.1479 3.1961 932.5443
v  -175.3783 3.1992 932.6062
v  -175.5470 3.2012 932.7748
v  -175.6087 3.2015 933.0051
v  -175.5470 3.2001 933.2355
v  -175.3783 3.1973 933.4042
v  -175.1478 3.1938 933.4661
v  -174.9174 3.1907 933.4042
v  -174.7487 3.1887 933.2355
v  -174.6870 3.1884 933.0051
v  -175.3958 9.8958 933.3019
v  -175.3750 9.0819 933.2811
v  -175.0884 9.0819 933.4000
v  -175.0884 9.8958 933.4291
v  -174.8018 9.0819 933.2811
v  -174.7811 9.8958 933.3019
v  -174.6831 9.0819 932.9946
v  -174.6538 9.8958 932.9946
v  -174.8018 9.0819 932.7081
v  -174.7811 9.8958 932.6873
v  -175.0884 9.0819 932.5892
v  -175.0884 9.8958 932.5601
v  -175.3750 9.0819 932.7081
v  -175.3958 9.8958 932.6873
v  -175.4938 9.0819 932.9946
v  -175.5231 9.8958 932.9946
v  -175.3645 10.9422 932.7185
v  -175.4202 10.2633 932.6628
v  -175.5577 10.2633 932.9946
v  -175.4788 10.9422 932.9946
v  -175.0884 10.9422 932.6042
v  -175.0884 10.2633 932.5253
v  -174.8124 10.9422 932.7185
v  -174.7566 10.2633 932.6628
v  -174.6980 10.9422 932.9946
v  -174.6191 10.2633 932.9946
v  -174.8124 10.9422 933.2706
v  -174.7566 10.2633 933.3265
v  -175.0884 10.9422 933.3850
v  -175.0884 10.2633 933.4639
v  -175.3645 10.9422 933.2706
v  -175.4202 10.2633 933.3265
v  -175.5730 9.9222 932.5100
v  -175.7737 9.9222 932.9946
v  -175.7737 10.2361 932.9946
v  -175.5730 10.2361 932.5100
v  -175.5730 10.2361 933.4792
v  -175.5730 9.9222 933.4792
v  -175.0884 10.2361 933.6799
v  -175.0884 9.9222 933.6799
v  -174.6038 10.2361 933.4792
v  -174.6038 9.9222 933.4792
v  -174.4031 10.2361 932.9946
v  -174.4031 9.9222 932.9946
v  -174.6038 10.2361 932.5100
v  -174.6038 9.9222 932.5100
v  -175.0884 10.2361 932.3093
v  -175.0884 9.9222 932.3093
v  -161.8074 9.8958 945.3431
v  -161.7866 9.0819 945.3223
v  -161.5000 9.0819 945.4412
v  -161.5000 9.8958 945.4705
v  -161.2134 9.0819 945.3223
v  -161.1926 9.8958 945.3431
v  -161.0946 9.0819 945.0358
v  -161.0653 9.8958 945.0358
v  -161.2134 9.0819 944.7494
v  -161.1926 9.8958 944.7286
v  -161.5000 9.0819 944.6306
v  -161.5000 9.8958 944.6013
v  -161.7866 9.0819 944.7494
v  -161.8074 9.8958 944.7286
v  -161.9054 9.0819 945.0358
v  -161.9347 9.8958 945.0358
v  -161.7760 10.9422 944.7598
v  -161.8318 10.2633 944.7040
v  -161.9693 10.2633 945.0358
v  -161.8904 10.9422 945.0358
v  -161.5000 10.9422 944.6454
v  -161.5000 10.2633 944.5665
v  -161.2239 10.9422 944.7598
v  -161.1682 10.2633 944.7040
v  -161.1096 10.9422 945.0358
v  -161.0307 10.2633 945.0358
v  -161.2240 10.9422 945.3120
v  -161.1682 10.2633 945.3677
v  -161.5000 10.9422 945.4263
v  -161.5000 10.2633 945.5052
v  -161.7760 10.9422 945.3120
v  -161.8318 10.2633 945.3677
v  -161.9846 9.9222 944.5513
v  -162.1853 9.9222 945.0358
v  -162.1853 10.2361 945.0358
v  -161.9846 10.2361 944.5513
v  -161.9846 10.2361 945.5205
v  -161.9846 9.9222 945.5205
v  -161.5000 10.2361 945.7212
v  -161.5000 9.9222 945.7212
v  -161.0154 10.2361 945.5205
v  -161.0154 9.9222 945.5205
v  -160.8147 10.2361 945.0358
v  -160.8147 9.9222 945.0358
v  -161.0154 10.2361 944.5513
v  -161.0154 9.9222 944.5513
v  -161.5000 10.2361 944.3506
v  -161.5000 9.9222 944.3506
v  -175.3958 9.8958 957.3843
v  -175.3750 9.0819 957.3636
v  -175.0884 9.0819 957.4824
v  -175.0884 9.8958 957.5117
v  -174.8018 9.0819 957.3636
v  -174.7811 9.8958 957.3843
v  -174.6831 9.0819 957.0770
v  -174.6538 9.8958 957.0770
v  -174.8018 9.0819 956.7906
v  -174.7811 9.8958 956.7699
v  -175.0884 9.0819 956.6718
v  -175.0884 9.8958 956.6425
v  -175.3750 9.0819 956.7906
v  -175.3958 9.8958 956.7699
v  -175.4938 9.0819 957.0770
v  -175.5231 9.8958 957.0770
v  -175.3645 10.9422 956.8010
v  -175.4203 10.2633 956.7452
v  -175.5578 10.2633 957.0770
v  -175.4788 10.9422 957.0770
v  -175.0884 10.9422 956.6866
v  -175.0884 10.2633 956.6078
v  -174.8124 10.9422 956.8010
v  -174.7566 10.2633 956.7452
v  -174.6980 10.9422 957.0770
v  -174.6191 10.2633 957.0770
v  -174.8124 10.9422 957.3531
v  -174.7566 10.2633 957.4089
v  -175.0884 10.9422 957.4675
v  -175.0884 10.2633 957.5464
v  -175.3645 10.9422 957.3531
v  -175.4203 10.2633 957.4089
v  -175.5730 9.9222 956.5925
v  -175.7738 9.9222 957.0770
v  -175.7738 10.2361 957.0770
v  -175.5730 10.2361 956.5925
v  -175.5730 10.2361 957.5618
v  -175.5730 9.9222 957.5618
v  -175.0884 10.2361 957.7625
v  -175.0884 9.9222 957.7625
v  -174.6039 10.2361 957.5618
v  -174.6039 9.9222 957.5618
v  -174.4031 10.2361 957.0770
v  -174.4031 9.9222 957.0770
v  -174.6039 10.2361 956.5925
v  -174.6039 9.9222 956.5925
v  -175.0884 10.2361 956.3918
v  -175.0884 9.9222 956.3918
v  -174.8741 0.5940 943.8990
v  -174.8741 0.5940 946.2543
v  -176.1878 0.5940 946.2543
v  -176.1878 0.5940 943.8989
v  -176.1878 1.5967 943.8989
v  -176.1878 1.5967 946.2543
v  -174.8741 1.5967 946.2543
v  -174.8741 1.5967 943.8990
v  -174.8741 0.7144 943.8990
v  -176.1878 0.7144 943.8989
v  -176.1878 1.4763 943.8989
v  -174.8741 1.4763 943.8990
v  -176.1878 1.4763 946.2543
v  -176.1878 0.7144 946.2543
v  -174.8741 1.4763 946.2543
v  -174.8741 0.7144 946.2543
v  -174.6842 1.5967 943.8989
v  -174.6842 1.5967 946.2544
v  -174.6842 1.4763 946.2544
v  -174.6842 1.4763 943.8989
v  -176.3778 1.5967 946.2543
v  -176.3778 1.5967 943.8990
v  -176.3778 1.4763 943.8990
v  -176.3778 1.4763 946.2543
v  -176.3778 0.7144 946.2543
v  -176.3778 0.7144 943.8990
v  -176.3778 0.5940 943.8990
v  -176.3778 0.5940 946.2543
v  -174.6842 0.5940 943.8989
v  -174.6842 0.7144 943.8989
v  -174.6842 0.7144 946.2544
v  -174.6842 0.5940 946.2544
v  -161.4802 1.1515 944.9880
v  -161.4802 1.1515 932.7801
v  -161.6719 1.3432 932.7801
v  -161.6719 1.3432 944.9880
v  -161.6719 0.9598 944.9880
v  -161.6719 0.9598 932.7801
v  -161.8636 1.1515 944.9880
v  -161.8635 1.1515 932.7801
v  -161.4802 1.1515 957.3632
v  -161.4802 1.1515 945.1552
v  -161.6719 1.3432 945.1552
v  -161.6719 1.3432 957.3632
v  -161.6719 0.9598 957.3632
v  -161.6719 0.9598 945.1552
v  -161.8636 1.1515 957.3632
v  -161.8636 1.1515 945.1552
v  -175.5597 0.7909 933.2336
v  -175.5597 -12.3434 933.2336
v  -175.1060 -12.3434 933.4215
v  -175.1060 0.7909 933.4215
v  -174.6523 -12.3434 933.2336
v  -174.6523 0.7909 933.2336
v  -174.4644 -12.3434 932.7799
v  -174.4644 0.7909 932.7799
v  -174.6523 -12.3434 932.3264
v  -174.6523 0.7909 932.3264
v  -175.1060 -12.3434 932.1382
v  -175.1060 0.7909 932.1382
v  -175.5597 -12.3434 932.3264
v  -175.5597 0.7909 932.3264
v  -175.7476 -12.3434 932.7799
v  -175.7476 0.7909 932.7799
v  -175.3958 2.3401 933.3019
v  -175.3750 1.5262 933.2811
v  -175.0884 1.5262 933.4000
v  -175.0884 2.3401 933.4291
v  -174.8018 1.5262 933.2811
v  -174.7811 2.3401 933.3019
v  -174.6831 1.5262 932.9946
v  -174.6538 2.3401 932.9946
v  -174.8018 1.5262 932.7081
v  -174.7811 2.3401 932.6873
v  -175.0884 1.5262 932.5892
v  -175.0884 2.3401 932.5601
v  -175.3750 1.5262 932.7081
v  -175.3958 2.3401 932.6873
v  -175.4938 1.5262 932.9946
v  -175.5231 2.3401 932.9946
v  -175.3645 3.3866 932.7185
v  -175.4202 2.7077 932.6628
v  -175.5577 2.7077 932.9946
v  -175.4788 3.3866 932.9946
v  -175.0884 3.3866 932.6042
v  -175.0884 2.7077 932.5253
v  -174.8124 3.3866 932.7185
v  -174.7566 2.7077 932.6628
v  -174.6980 3.3866 932.9946
v  -174.6191 2.7077 932.9946
v  -174.8124 3.3866 933.2706
v  -174.7566 2.7077 933.3265
v  -175.0884 3.3866 933.3850
v  -175.0884 2.7077 933.4639
v  -175.3645 3.3866 933.2706
v  -175.4202 2.7077 933.3265
v  -175.5730 2.3666 932.5100
v  -175.7737 2.3666 932.9946
v  -175.7737 2.6805 932.9946
v  -175.5730 2.6805 932.5100
v  -175.5730 2.6805 933.4792
v  -175.5730 2.3666 933.4792
v  -175.0884 2.6805 933.6799
v  -175.0884 2.3666 933.6799
v  -174.6038 2.6805 933.4792
v  -174.6038 2.3666 933.4792
v  -174.4031 2.6805 932.9946
v  -174.4031 2.3666 932.9946
v  -174.6038 2.6805 932.5100
v  -174.6038 2.3666 932.5100
v  -175.0884 2.6805 932.3093
v  -175.0884 2.3666 932.3093
v  -160.9939 16.4685 932.7308
v  -161.0045 11.4940 932.7265
v  -161.2081 11.4974 932.5230
v  -161.1831 16.4717 932.5419
v  -161.4861 11.5015 932.4485
v  -161.4416 16.4755 932.4722
v  -161.7641 11.5053 932.5230
v  -161.6999 16.4790 932.5414
v  -161.9676 11.5077 932.7265
v  -161.8890 16.4813 932.7308
v  -162.0421 11.5081 933.0046
v  -161.9582 16.4816 932.9894
v  -161.9676 11.5064 933.2825
v  -161.8889 16.4800 933.2478
v  -161.7641 11.5030 933.4861
v  -161.6999 16.4769 933.4370
v  -161.4861 11.4989 933.5605
v  -161.4415 16.4730 933.5061
v  -161.2081 11.4951 933.4861
v  -161.1831 16.4695 933.4366
v  -161.0045 11.4926 933.2825
v  -160.9939 16.4673 933.2478
v  -160.9301 11.4922 933.0046
v  -160.9246 16.4669 932.9894
v  -161.4439 16.8830 933.4482
v  -161.6740 16.8864 933.3868
v  -161.8424 16.8891 933.2181
v  -161.9040 16.8906 932.9879
v  -161.8424 16.8903 932.7578
v  -161.6740 16.8883 932.5889
v  -161.4439 16.8852 932.5275
v  -161.2137 16.8817 932.5894
v  -161.0452 16.8789 932.7578
v  -160.9834 16.8775 932.9879
v  -161.0452 16.8778 933.2181
v  -161.2137 16.8798 933.3861
v  -161.2579 10.8336 932.6062
v  -161.0892 10.8307 932.7748
v  -161.4883 10.8370 932.5443
v  -161.7188 10.8401 932.6062
v  -161.8875 10.8421 932.7748
v  -161.9492 10.8424 933.0051
v  -161.8875 10.8410 933.2355
v  -161.7188 10.8382 933.4043
v  -161.4883 10.8348 933.4661
v  -161.2579 10.8317 933.4043
v  -161.0892 10.8296 933.2355
v  -161.0275 10.8293 933.0051
v  -174.5884 16.4685 932.7308
v  -174.5990 11.4940 932.7265
v  -174.8026 11.4974 932.5230
v  -174.7776 16.4717 932.5419
v  -175.0806 11.5015 932.4485
v  -175.0361 16.4755 932.4722
v  -175.3586 11.5053 932.5230
v  -175.2944 16.4790 932.5414
v  -175.5621 11.5077 932.7265
v  -175.4835 16.4813 932.7308
v  -175.6366 11.5081 933.0046
v  -175.5527 16.4816 932.9894
v  -175.5621 11.5064 933.2825
v  -175.4835 16.4800 933.2478
v  -175.3586 11.5030 933.4861
v  -175.2944 16.4769 933.4370
v  -175.0806 11.4989 933.5605
v  -175.0360 16.4730 933.5061
v  -174.8026 11.4951 933.4861
v  -174.7776 16.4695 933.4366
v  -174.5990 11.4926 933.2825
v  -174.5884 16.4673 933.2478
v  -174.5246 11.4922 933.0046
v  -174.5191 16.4669 932.9894
v  -175.0384 16.8830 933.4482
v  -175.2685 16.8864 933.3867
v  -175.4369 16.8891 933.2181
v  -175.4985 16.8906 932.9879
v  -175.4369 16.8903 932.7578
v  -175.2685 16.8883 932.5889
v  -175.0384 16.8852 932.5275
v  -174.8082 16.8817 932.5894
v  -174.6397 16.8789 932.7578
v  -174.5780 16.8775 932.9879
v  -174.6397 16.8778 933.2181
v  -174.8082 16.8798 933.3861
v  -174.8524 10.8336 932.6062
v  -174.6837 10.8307 932.7748
v  -175.0828 10.8370 932.5443
v  -175.3133 10.8401 932.6062
v  -175.4820 10.8421 932.7748
v  -175.5437 10.8424 933.0051
v  -175.4820 10.8410 933.2355
v  -175.3133 10.8382 933.4042
v  -175.0828 10.8348 933.4661
v  -174.8524 10.8317 933.4042
v  -174.6837 10.8296 933.2355
v  -174.6219 10.8293 933.0051
v  -161.8074 2.3401 933.3019
v  -161.7866 1.5262 933.2811
v  -161.5000 1.5262 933.4000
v  -161.5000 2.3401 933.4291
v  -161.2134 1.5262 933.2811
v  -161.1926 2.3401 933.3019
v  -161.0946 1.5262 932.9946
v  -161.0653 2.3401 932.9946
v  -161.2134 1.5262 932.7081
v  -161.1926 2.3401 932.6873
v  -161.5000 1.5262 932.5892
v  -161.5000 2.3401 932.5601
v  -161.7866 1.5262 932.7081
v  -161.8074 2.3401 932.6873
v  -161.9053 1.5262 932.9946
v  -161.9347 2.3401 932.9946
v  -161.7760 3.3866 932.7185
v  -161.8318 2.7077 932.6628
v  -161.9693 2.7077 932.9946
v  -161.8904 3.3866 932.9946
v  -161.5000 3.3866 932.6042
v  -161.5000 2.7077 932.5253
v  -161.2239 3.3866 932.7185
v  -161.1682 2.7077 932.6628
v  -161.1096 3.3866 932.9946
v  -161.0307 2.7077 932.9946
v  -161.2239 3.3866 933.2706
v  -161.1682 2.7077 933.3265
v  -161.5000 3.3866 933.3850
v  -161.5000 2.7077 933.4639
v  -161.7760 3.3866 933.2706
v  -161.8318 2.7077 933.3265
v  -161.9846 2.3666 932.5100
v  -162.1853 2.3666 932.9946
v  -162.1853 2.6805 932.9946
v  -161.9846 2.6805 932.5100
v  -161.9846 2.6805 933.4792
v  -161.9846 2.3666 933.4792
v  -161.5000 2.6805 933.6799
v  -161.5000 2.3666 933.6799
v  -161.0154 2.6805 933.4792
v  -161.0154 2.3666 933.4792
v  -160.8147 2.6805 932.9946
v  -160.8147 2.3666 932.9946
v  -161.0154 2.6805 932.5100
v  -161.0154 2.3666 932.5100
v  -161.5000 2.6805 932.3093
v  -161.5000 2.3666 932.3093
v  -161.4805 2.6785 932.9021
v  -175.3828 2.6785 932.9021
v  -175.3828 2.6785 933.1732
v  -161.4805 2.6785 933.1732
v  -161.4805 2.4075 932.9021
v  -175.3828 2.4075 932.9021
v  -161.4805 2.4075 933.1732
v  -175.3828 2.4075 933.1732
v  -161.4805 2.6785 944.8678
v  -175.3828 2.6785 944.8678
v  -175.3828 2.6785 945.1390
v  -161.4805 2.6785 945.1390
v  -161.4805 2.4075 944.8678
v  -175.3828 2.4075 944.8678
v  -161.4805 2.4075 945.1390
v  -175.3828 2.4075 945.1390
v  -174.6534 8.7053 944.7720
v  -174.6641 3.8530 944.7678
v  -174.8676 3.8564 944.5642
v  -174.8426 8.7084 944.5833
v  -175.1456 3.8606 944.4897
v  -175.1011 8.7123 944.5135
v  -175.4236 3.8644 944.5642
v  -175.3594 8.7158 944.5826
v  -175.6271 3.8668 944.7678
v  -175.5485 8.7180 944.7720
v  -175.7016 3.8672 945.0458
v  -175.6177 8.7184 945.0306
v  -175.6271 3.8654 945.3238
v  -175.5485 8.7168 945.2890
v  -175.4236 3.8620 945.5273
v  -175.3594 8.7136 945.4783
v  -175.1456 3.8579 945.6019
v  -175.1010 8.7098 945.5473
v  -174.8676 3.8542 945.5273
v  -174.8426 8.7063 945.4779
v  -174.6641 3.8517 945.3238
v  -174.6534 8.7041 945.2890
v  -174.5896 3.8513 945.0458
v  -174.5841 8.7037 945.0307
v  -175.1034 9.1197 945.4895
v  -175.3335 9.1232 945.4280
v  -175.5019 9.1259 945.2593
v  -175.5636 9.1274 945.0291
v  -175.5019 9.1271 944.7990
v  -175.3335 9.1251 944.6299
v  -175.1034 9.1219 944.5687
v  -174.8732 9.1185 944.6307
v  -174.7047 9.1157 944.7990
v  -174.6430 9.1142 945.0291
v  -174.7047 9.1146 945.2593
v  -174.8732 9.1166 945.4274
v  -174.9174 3.1926 944.6474
v  -174.7487 3.1898 944.8161
v  -175.1479 3.1961 944.5854
v  -175.3783 3.1992 944.6474
v  -175.5470 3.2012 944.8161
v  -175.6087 3.2015 945.0464
v  -175.5470 3.2001 945.2769
v  -175.3783 3.1973 945.4457
v  -175.1478 3.1938 945.5073
v  -174.9174 3.1907 945.4457
v  -174.7487 3.1887 945.2769
v  -174.6870 3.1884 945.0464
v  -161.0589 8.7053 932.7308
v  -161.0695 3.8530 932.7265
v  -161.2731 3.8564 932.5230
v  -161.2481 8.7084 932.5419
v  -161.5511 3.8606 932.4485
v  -161.5066 8.7123 932.4722
v  -161.8291 3.8644 932.5230
v  -161.7649 8.7158 932.5414
v  -162.0326 3.8668 932.7265
v  -161.9539 8.7180 932.7308
v  -162.1071 3.8672 933.0046
v  -162.0232 8.7184 932.9894
v  -162.0326 3.8654 933.2825
v  -161.9539 8.7168 933.2478
v  -161.8291 3.8620 933.4861
v  -161.7649 8.7136 933.4370
v  -161.5511 3.8579 933.5605
v  -161.5065 8.7098 933.5061
v  -161.2731 3.8542 933.4861
v  -161.2481 8.7063 933.4366
v  -161.0696 3.8517 933.2825
v  -161.0589 8.7041 933.2478
v  -160.9951 3.8513 933.0046
v  -160.9896 8.7037 932.9894
v  -161.5089 9.1197 933.4482
v  -161.7390 9.1232 933.3868
v  -161.9074 9.1259 933.2181
v  -161.9690 9.1274 932.9879
v  -161.9074 9.1271 932.7578
v  -161.7390 9.1251 932.5889
v  -161.5089 9.1219 932.5275
v  -161.2787 9.1185 932.5894
v  -161.1102 9.1157 932.7578
v  -161.0485 9.1142 932.9879
v  -161.1102 9.1146 933.2181
v  -161.2787 9.1166 933.3861
v  -161.3229 3.1926 932.6062
v  -161.1542 3.1898 932.7748
v  -161.5533 3.1961 932.5443
v  -161.7838 3.1992 932.6062
v  -161.9525 3.2012 932.7748
v  -162.0142 3.2015 933.0051
v  -161.9525 3.2001 933.2355
v  -161.7838 3.1973 933.4043
v  -161.5533 3.1938 933.4661
v  -161.3229 3.1907 933.4043
v  -161.1542 3.1887 933.2355
v  -161.0924 3.1884 933.0051
v  -161.4805 2.6785 957.0037
v  -175.3828 2.6785 957.0037
v  -175.3828 2.6785 957.2748
v  -161.4805 2.6785 957.2748
v  -161.4805 2.4075 957.0037
v  -175.3828 2.4075 957.0037
v  -161.4805 2.4075 957.2748
v  -175.3828 2.4075 957.2748
v  -174.8741 0.5940 931.5333
v  -174.8741 0.5940 933.8885
v  -176.1878 0.5940 933.8886
v  -176.1878 0.5940 931.5333
v  -176.1878 1.5967 931.5333
v  -176.1878 1.5967 933.8886
v  -174.8741 1.5967 933.8885
v  -174.8741 1.5967 931.5333
v  -174.8741 0.7144 931.5333
v  -176.1878 0.7144 931.5333
v  -176.1878 1.4763 931.5333
v  -174.8741 1.4763 931.5333
v  -176.1878 1.4763 933.8886
v  -176.1878 0.7144 933.8886
v  -174.8741 1.4763 933.8885
v  -174.8741 0.7144 933.8885
v  -174.6842 1.5967 931.5333
v  -174.6842 1.5967 933.8886
v  -174.6842 1.4763 933.8886
v  -174.6842 1.4763 931.5333
v  -176.3778 1.5967 933.8885
v  -176.3778 1.5967 931.5333
v  -176.3778 1.4763 931.5333
v  -176.3778 1.4763 933.8885
v  -176.3778 0.7144 933.8885
v  -176.3778 0.7144 931.5333
v  -176.3778 0.5940 931.5333
v  -176.3778 0.5940 933.8885
v  -174.6842 0.5940 931.5333
v  -174.6842 0.7144 931.5333
v  -174.6842 0.7144 933.8886
v  -174.6842 0.5940 933.8886
v  -160.9478 0.5940 943.8990
v  -160.9478 0.5940 946.2543
v  -162.2615 0.5940 946.2543
v  -162.2615 0.5940 943.8990
v  -162.2615 1.5967 943.8990
v  -162.2615 1.5967 946.2543
v  -160.9478 1.5967 946.2543
v  -160.9478 1.5967 943.8990
v  -160.9478 0.7144 943.8990
v  -162.2615 0.7144 943.8990
v  -162.2615 1.4763 943.8990
v  -160.9478 1.4763 943.8990
v  -162.2615 1.4763 946.2543
v  -162.2615 0.7144 946.2543
v  -160.9478 1.4763 946.2543
v  -160.9478 0.7144 946.2543
v  -160.7578 1.5967 943.8990
v  -160.7579 1.5967 946.2544
v  -160.7579 1.4763 946.2544
v  -160.7578 1.4763 943.8990
v  -162.4514 1.5967 946.2543
v  -162.4514 1.5967 943.8990
v  -162.4514 1.4763 943.8990
v  -162.4514 1.4763 946.2543
v  -162.4514 0.7144 946.2543
v  -162.4514 0.7144 943.8990
v  -162.4514 0.5940 943.8990
v  -162.4514 0.5940 946.2543
v  -160.7578 0.5940 943.8990
v  -160.7578 0.7144 943.8990
v  -160.7579 0.7144 946.2544
v  -160.7579 0.5940 946.2544
v  -175.3958 2.3401 957.3843
v  -175.3750 1.5262 957.3636
v  -175.0884 1.5262 957.4824
v  -175.0884 2.3401 957.5117
v  -174.8018 1.5262 957.3636
v  -174.7811 2.3401 957.3843
v  -174.6831 1.5262 957.0770
v  -174.6538 2.3401 957.0770
v  -174.8018 1.5262 956.7906
v  -174.7811 2.3401 956.7699
v  -175.0884 1.5262 956.6718
v  -175.0884 2.3401 956.6425
v  -175.3750 1.5262 956.7906
v  -175.3958 2.3401 956.7699
v  -175.4938 1.5262 957.0770
v  -175.5231 2.3401 957.0770
v  -175.3645 3.3866 956.8010
v  -175.4203 2.7077 956.7452
v  -175.5578 2.7077 957.0770
v  -175.4788 3.3866 957.0770
v  -175.0884 3.3866 956.6866
v  -175.0884 2.7077 956.6078
v  -174.8124 3.3866 956.8010
v  -174.7566 2.7077 956.7452
v  -174.6980 3.3866 957.0770
v  -174.6191 2.7077 957.0770
v  -174.8124 3.3866 957.3531
v  -174.7566 2.7077 957.4089
v  -175.0884 3.3866 957.4675
v  -175.0884 2.7077 957.5464
v  -175.3645 3.3866 957.3531
v  -175.4203 2.7077 957.4089
v  -175.5730 2.3666 956.5925
v  -175.7738 2.3666 957.0770
v  -175.7738 2.6805 957.0770
v  -175.5730 2.6805 956.5925
v  -175.5730 2.6805 957.5618
v  -175.5730 2.3666 957.5618
v  -175.0884 2.6805 957.7625
v  -175.0884 2.3666 957.7625
v  -174.6039 2.6805 957.5618
v  -174.6039 2.3666 957.5618
v  -174.4031 2.6805 957.0770
v  -174.4031 2.3666 957.0770
v  -174.6039 2.6805 956.5925
v  -174.6039 2.3666 956.5925
v  -175.0884 2.6805 956.3918
v  -175.0884 2.3666 956.3918
v  -162.0810 0.7909 957.5503
v  -162.0810 -12.3434 957.5503
v  -161.6273 -12.3434 957.7382
v  -161.6273 0.7909 957.7382
v  -161.1736 -12.3434 957.5503
v  -161.1736 0.7909 957.5503
v  -160.9857 -12.3434 957.0965
v  -160.9857 0.7909 957.0965
v  -161.1736 -12.3434 956.6430
v  -161.1736 0.7909 956.6430
v  -161.6273 -12.3434 956.4550
v  -161.6273 0.7909 956.4550
v  -162.0810 -12.3434 956.6430
v  -162.0810 0.7909 956.6430
v  -162.2689 -12.3434 957.0965
v  -162.2689 0.7909 957.0965
v  -174.6534 8.7053 956.8133
v  -174.6641 3.8530 956.8091
v  -174.8676 3.8564 956.6055
v  -174.8426 8.7084 956.6243
v  -175.1456 3.8606 956.5309
v  -175.1011 8.7123 956.5547
v  -175.4236 3.8644 956.6055
v  -175.3595 8.7158 956.6239
v  -175.6271 3.8668 956.8091
v  -175.5485 8.7180 956.8133
v  -175.7016 3.8672 957.0870
v  -175.6177 8.7184 957.0719
v  -175.6271 3.8654 957.3650
v  -175.5485 8.7168 957.3302
v  -175.4236 3.8620 957.5687
v  -175.3594 8.7136 957.5195
v  -175.1456 3.8579 957.6431
v  -175.1010 8.7098 957.5886
v  -174.8676 3.8542 957.5687
v  -174.8426 8.7063 957.5191
v  -174.6641 3.8517 957.3650
v  -174.6534 8.7041 957.3302
v  -174.5896 3.8513 957.0870
v  -174.5841 8.7037 957.0719
v  -175.1034 9.1197 957.5307
v  -175.3335 9.1232 957.4692
v  -175.5019 9.1259 957.3006
v  -175.5636 9.1274 957.0703
v  -175.5019 9.1271 956.8401
v  -175.3335 9.1251 956.6713
v  -175.1034 9.1219 956.6099
v  -174.8732 9.1185 956.6721
v  -174.7047 9.1157 956.8401
v  -174.6430 9.1142 957.0703
v  -174.7047 9.1146 957.3006
v  -174.8732 9.1166 957.4686
v  -174.9174 3.1926 956.6886
v  -174.7487 3.1898 956.8573
v  -175.1479 3.1961 956.6268
v  -175.3783 3.1992 956.6886
v  -175.5470 3.2012 956.8573
v  -175.6087 3.2015 957.0878
v  -175.5470 3.2001 957.3181
v  -175.3783 3.1973 957.4869
v  -175.1478 3.1938 957.5487
v  -174.9174 3.1907 957.4869
v  -174.7487 3.1887 957.3181
v  -174.6870 3.1884 957.0878
v  -175.3958 2.3401 945.3431
v  -175.3750 1.5262 945.3223
v  -175.0884 1.5262 945.4412
v  -175.0884 2.3401 945.4705
v  -174.8018 1.5262 945.3223
v  -174.7811 2.3401 945.3431
v  -174.6831 1.5262 945.0358
v  -174.6538 2.3401 945.0358
v  -174.8018 1.5262 944.7494
v  -174.7811 2.3401 944.7286
v  -175.0884 1.5262 944.6306
v  -175.0884 2.3401 944.6013
v  -175.3750 1.5262 944.7494
v  -175.3958 2.3401 944.7286
v  -175.4938 1.5262 945.0358
v  -175.5231 2.3401 945.0358
v  -175.3645 3.3866 944.7597
v  -175.4202 2.7077 944.7040
v  -175.5578 2.7077 945.0358
v  -175.4788 3.3866 945.0358
v  -175.0884 3.3866 944.6454
v  -175.0884 2.7077 944.5665
v  -174.8124 3.3866 944.7597
v  -174.7566 2.7077 944.7040
v  -174.6980 3.3866 945.0358
v  -174.6191 2.7077 945.0358
v  -174.8124 3.3866 945.3120
v  -174.7566 2.7077 945.3677
v  -175.0884 3.3866 945.4263
v  -175.0884 2.7077 945.5052
v  -175.3645 3.3866 945.3120
v  -175.4203 2.7077 945.3677
v  -175.5730 2.3666 944.5513
v  -175.7738 2.3666 945.0358
v  -175.7738 2.6805 945.0358
v  -175.5730 2.6805 944.5513
v  -175.5730 2.6805 945.5205
v  -175.5730 2.3666 945.5205
v  -175.0884 2.6805 945.7212
v  -175.0884 2.3666 945.7212
v  -174.6039 2.6805 945.5205
v  -174.6039 2.3666 945.5205
v  -174.4031 2.6805 945.0358
v  -174.4031 2.3666 945.0358
v  -174.6038 2.6805 944.5513
v  -174.6038 2.3666 944.5513
v  -175.0884 2.6805 944.3506
v  -175.0884 2.3666 944.3506
v  -175.3948 1.1515 944.9880
v  -175.3948 1.1515 932.7801
v  -175.5865 1.3432 932.7801
v  -175.5865 1.3432 944.9880
v  -175.5865 0.9598 944.9880
v  -175.5865 0.9598 932.7801
v  -175.7782 1.1515 944.9880
v  -175.7782 1.1515 932.7801
v  -160.9939 16.4685 956.8133
v  -161.0046 11.4940 956.8091
v  -161.2081 11.4974 956.6055
v  -161.1831 16.4717 956.6243
v  -161.4861 11.5015 956.5309
v  -161.4416 16.4755 956.5548
v  -161.7641 11.5053 956.6055
v  -161.6999 16.4790 956.6239
v  -161.9676 11.5077 956.8091
v  -161.8890 16.4813 956.8133
v  -162.0421 11.5081 957.0870
v  -161.9582 16.4816 957.0719
v  -161.9676 11.5064 957.3650
v  -161.8890 16.4800 957.3302
v  -161.7641 11.5030 957.5687
v  -161.6999 16.4769 957.5195
v  -161.4861 11.4989 957.6431
v  -161.4415 16.4730 957.5886
v  -161.2081 11.4951 957.5687
v  -161.1831 16.4695 957.5191
v  -161.0046 11.4926 957.3650
v  -160.9939 16.4673 957.3302
v  -160.9301 11.4922 957.0870
v  -160.9246 16.4669 957.0719
v  -161.4439 16.8830 957.5307
v  -161.6740 16.8864 957.4692
v  -161.8424 16.8891 957.3006
v  -161.9041 16.8906 957.0703
v  -161.8424 16.8903 956.8401
v  -161.6740 16.8883 956.6713
v  -161.4439 16.8852 956.6099
v  -161.2137 16.8817 956.6721
v  -161.0452 16.8789 956.8401
v  -160.9835 16.8775 957.0704
v  -161.0452 16.8778 957.3006
v  -161.2137 16.8798 957.4686
v  -161.2579 10.8336 956.6886
v  -161.0892 10.8307 956.8573
v  -161.4884 10.8370 956.6268
v  -161.7188 10.8401 956.6886
v  -161.8875 10.8421 956.8573
v  -161.9492 10.8424 957.0878
v  -161.8875 10.8410 957.3181
v  -161.7188 10.8382 957.4869
v  -161.4883 10.8348 957.5487
v  -161.2579 10.8317 957.4869
v  -161.0892 10.8296 957.3181
v  -161.0275 10.8293 957.0878
v  -161.8074 9.8958 933.3019
v  -161.7866 9.0819 933.2811
v  -161.5000 9.0819 933.4000
v  -161.5000 9.8958 933.4291
v  -161.2134 9.0819 933.2811
v  -161.1926 9.8958 933.3019
v  -161.0946 9.0819 932.9946
v  -161.0653 9.8958 932.9946
v  -161.2134 9.0819 932.7081
v  -161.1926 9.8958 932.6873
v  -161.5000 9.0819 932.5892
v  -161.5000 9.8958 932.5601
v  -161.7866 9.0819 932.7081
v  -161.8074 9.8958 932.6873
v  -161.9053 9.0819 932.9946
v  -161.9347 9.8958 932.9946
v  -161.7760 10.9422 932.7185
v  -161.8318 10.2633 932.6628
v  -161.9693 10.2633 932.9946
v  -161.8904 10.9422 932.9946
v  -161.5000 10.9422 932.6042
v  -161.5000 10.2633 932.5253
v  -161.2239 10.9422 932.7185
v  -161.1682 10.2633 932.6628
v  -161.1096 10.9422 932.9946
v  -161.0307 10.2633 932.9946
v  -161.2239 10.9422 933.2706
v  -161.1682 10.2633 933.3265
v  -161.5000 10.9422 933.3850
v  -161.5000 10.2633 933.4639
v  -161.7760 10.9422 933.2706
v  -161.8318 10.2633 933.3265
v  -161.9846 9.9222 932.5100
v  -162.1853 9.9222 932.9946
v  -162.1853 10.2361 932.9946
v  -161.9846 10.2361 932.5100
v  -161.9846 10.2361 933.4792
v  -161.9846 9.9222 933.4792
v  -161.5000 10.2361 933.6799
v  -161.5000 9.9222 933.6799
v  -161.0154 10.2361 933.4792
v  -161.0154 9.9222 933.4792
v  -160.8147 10.2361 932.9946
v  -160.8147 9.9222 932.9946
v  -161.0154 10.2361 932.5100
v  -161.0154 9.9222 932.5100
v  -161.5000 10.2361 932.3093
v  -161.5000 9.9222 932.3093
v  -174.5884 16.4685 956.8133
v  -174.5991 11.4940 956.8091
v  -174.8026 11.4974 956.6055
v  -174.7776 16.4717 956.6243
v  -175.0806 11.5015 956.5309
v  -175.0361 16.4755 956.5547
v  -175.3586 11.5053 956.6055
v  -175.2944 16.4790 956.6239
v  -175.5621 11.5077 956.8091
v  -175.4835 16.4813 956.8133
v  -175.6366 11.5081 957.0870
v  -175.5527 16.4816 957.0719
v  -175.5621 11.5064 957.3650
v  -175.4835 16.4800 957.3302
v  -175.3586 11.5030 957.5687
v  -175.2944 16.4769 957.5195
v  -175.0806 11.4989 957.6431
v  -175.0360 16.4730 957.5886
v  -174.8026 11.4951 957.5687
v  -174.7776 16.4695 957.5191
v  -174.5991 11.4926 957.3650
v  -174.5884 16.4673 957.3302
v  -174.5246 11.4922 957.0870
v  -174.5191 16.4669 957.0719
v  -175.0384 16.8830 957.5307
v  -175.2685 16.8864 957.4692
v  -175.4369 16.8891 957.3006
v  -175.4986 16.8906 957.0703
v  -175.4369 16.8903 956.8401
v  -175.2685 16.8883 956.6713
v  -175.0385 16.8852 956.6099
v  -174.8082 16.8817 956.6721
v  -174.6397 16.8789 956.8401
v  -174.5780 16.8775 957.0703
v  -174.6397 16.8778 957.3006
v  -174.8082 16.8798 957.4686
v  -174.8524 10.8336 956.6886
v  -174.6837 10.8307 956.8573
v  -175.0829 10.8370 956.6268
v  -175.3133 10.8401 956.6886
v  -175.4820 10.8421 956.8573
v  -175.5437 10.8424 957.0878
v  -175.4820 10.8410 957.3181
v  -175.3133 10.8382 957.4869
v  -175.0828 10.8348 957.5487
v  -174.8524 10.8317 957.4869
v  -174.6837 10.8296 957.3181
v  -174.6220 10.8293 957.0878
v  -175.5597 0.7909 957.5503
v  -175.5597 -12.3434 957.5503
v  -175.1060 -12.3434 957.7382
v  -175.1060 0.7909 957.7382
v  -174.6524 -12.3434 957.5503
v  -174.6524 0.7909 957.5503
v  -174.4644 -12.3434 957.0965
v  -174.4644 0.7909 957.0965
v  -174.6524 -12.3434 956.6430
v  -174.6524 0.7909 956.6430
v  -175.1060 -12.3434 956.4550
v  -175.1060 0.7909 956.4550
v  -175.5597 -12.3434 956.6430
v  -175.5597 0.7909 956.6430
v  -175.7476 -12.3434 957.0965
v  -175.7476 0.7909 957.0965
v  -160.9478 0.5940 931.5333
v  -160.9478 0.5940 933.8885
v  -162.2615 0.5940 933.8886
v  -162.2615 0.5940 931.5333
v  -162.2615 1.5967 931.5333
v  -162.2615 1.5967 933.8886
v  -160.9478 1.5967 933.8885
v  -160.9478 1.5967 931.5333
v  -160.9478 0.7144 931.5333
v  -162.2615 0.7144 931.5333
v  -162.2615 1.4763 931.5333
v  -160.9478 1.4763 931.5333
v  -162.2615 1.4763 933.8886
v  -162.2615 0.7144 933.8886
v  -160.9478 1.4763 933.8885
v  -160.9478 0.7144 933.8885
v  -160.7578 1.5967 931.5333
v  -160.7578 1.5967 933.8886
v  -160.7578 1.4763 933.8886
v  -160.7578 1.4763 931.5333
v  -162.4514 1.5967 933.8885
v  -162.4514 1.5967 931.5333
v  -162.4514 1.4763 931.5333
v  -162.4514 1.4763 933.8885
v  -162.4514 0.7144 933.8885
v  -162.4514 0.7144 931.5333
v  -162.4514 0.5940 931.5333
v  -162.4514 0.5940 933.8885
v  -160.7578 0.5940 931.5333
v  -160.7578 0.7144 931.5333
v  -160.7578 0.7144 933.8886
v  -160.7578 0.5940 933.8886
v  -160.9478 0.5940 955.9299
v  -160.9478 0.5940 958.2852
v  -162.2615 0.5940 958.2852
v  -162.2615 0.5940 955.9299
v  -162.2615 1.5967 955.9299
v  -162.2615 1.5967 958.2852
v  -160.9478 1.5967 958.2852
v  -160.9478 1.5967 955.9299
v  -160.9478 0.7144 955.9299
v  -162.2615 0.7144 955.9299
v  -162.2615 1.4763 955.9299
v  -160.9478 1.4763 955.9299
v  -162.2615 1.4763 958.2852
v  -162.2615 0.7144 958.2852
v  -160.9478 1.4763 958.2852
v  -160.9478 0.7144 958.2852
v  -160.7579 1.5967 955.9299
v  -160.7579 1.5967 958.2852
v  -160.7579 1.4763 958.2852
v  -160.7579 1.4763 955.9299
v  -162.4514 1.5967 958.2852
v  -162.4514 1.5967 955.9299
v  -162.4514 1.4763 955.9299
v  -162.4514 1.4763 958.2852
v  -162.4514 0.7144 958.2852
v  -162.4514 0.7144 955.9299
v  -162.4514 0.5940 955.9299
v  -162.4514 0.5940 958.2852
v  -160.7579 0.5940 955.9299
v  -160.7579 0.7144 955.9299
v  -160.7579 0.7144 958.2852
v  -160.7579 0.5940 958.2852
v  -176.3516 0.7045 956.5062
v  -160.0290 0.7045 956.5062
v  -160.0290 0.7045 957.6776
v  -176.3516 0.7045 957.6776
v  -176.3516 1.5170 957.6776
v  -160.0290 1.5170 957.6776
v  -160.0290 1.5170 956.5062
v  -176.3516 1.5170 956.5062
v  -176.3516 0.8020 956.5062
v  -176.3516 0.8020 957.6776
v  -176.3516 1.4195 957.6776
v  -176.3516 1.4195 956.5062
v  -160.0290 1.4195 957.6776
v  -160.0290 0.8020 957.6776
v  -160.0290 1.4195 956.5062
v  -160.0290 0.8020 956.5062
v  -176.3516 1.5170 956.3367
v  -160.0290 1.5170 956.3367
v  -160.0290 1.4195 956.3367
v  -176.3516 1.4195 956.3367
v  -160.0290 1.5170 957.8471
v  -176.3516 1.5170 957.8471
v  -176.3516 1.4195 957.8471
v  -160.0290 1.4195 957.8471
v  -160.0290 0.8020 957.8471
v  -176.3516 0.8020 957.8471
v  -176.3516 0.7045 957.8471
v  -160.0290 0.7045 957.8471
v  -176.3516 0.7045 956.3367
v  -176.3516 0.8020 956.3367
v  -160.0290 0.8020 956.3367
v  -160.0290 0.7045 956.3367
v  -162.0810 0.7909 945.3920
v  -162.0810 -12.3434 945.3920
v  -161.6273 -12.3434 945.5798
v  -161.6273 0.7909 945.5798
v  -161.1736 -12.3434 945.3920
v  -161.1736 0.7909 945.3920
v  -160.9857 -12.3434 944.9382
v  -160.9857 0.7909 944.9382
v  -161.1736 -12.3434 944.4847
v  -161.1736 0.7909 944.4847
v  -161.6273 -12.3434 944.2966
v  -161.6273 0.7909 944.2966
v  -162.0809 -12.3434 944.4847
v  -162.0809 0.7909 944.4847
v  -162.2689 -12.3434 944.9382
v  -162.2689 0.7909 944.9382
v  -176.3515 0.7045 944.3478
v  -160.0290 0.7045 944.3478
v  -160.0290 0.7045 945.5192
v  -176.3516 0.7045 945.5192
v  -176.3516 1.5170 945.5192
v  -160.0290 1.5170 945.5192
v  -160.0290 1.5170 944.3478
v  -176.3515 1.5170 944.3478
v  -176.3515 0.8020 944.3478
v  -176.3516 0.8020 945.5192
v  -176.3516 1.4195 945.5192
v  -176.3515 1.4195 944.3478
v  -160.0290 1.4195 945.5192
v  -160.0290 0.8020 945.5192
v  -160.0290 1.4195 944.3478
v  -160.0290 0.8020 944.3478
v  -176.3515 1.5170 944.1784
v  -160.0290 1.5170 944.1784
v  -160.0290 1.4195 944.1784
v  -176.3515 1.4195 944.1784
v  -160.0290 1.5170 945.6887
v  -176.3516 1.5170 945.6887
v  -176.3516 1.4195 945.6887
v  -160.0290 1.4195 945.6887
v  -160.0290 0.8020 945.6887
v  -176.3516 0.8020 945.6887
v  -176.3516 0.7045 945.6887
v  -160.0290 0.7045 945.6887
v  -176.3515 0.7045 944.1784
v  -176.3515 0.8020 944.1784
v  -160.0290 0.8020 944.1784
v  -160.0290 0.7045 944.1784
v  -161.0589 8.7053 956.8133
v  -161.0696 3.8530 956.8091
v  -161.2731 3.8564 956.6055
v  -161.2481 8.7084 956.6243
v  -161.5511 3.8606 956.5309
v  -161.5066 8.7123 956.5548
v  -161.8291 3.8644 956.6055
v  -161.7649 8.7158 956.6239
v  -162.0326 3.8668 956.8091
v  -161.9540 8.7180 956.8133
v  -162.1071 3.8672 957.0870
v  -162.0232 8.7184 957.0719
v  -162.0326 3.8654 957.3650
v  -161.9539 8.7168 957.3302
v  -161.8291 3.8620 957.5687
v  -161.7649 8.7136 957.5195
v  -161.5511 3.8579 957.6431
v  -161.5065 8.7098 957.5886
v  -161.2731 3.8542 957.5687
v  -161.2481 8.7063 957.5191
v  -161.0696 3.8517 957.3650
v  -161.0589 8.7041 957.3302
v  -160.9951 3.8513 957.0870
v  -160.9896 8.7037 957.0719
v  -161.5089 9.1197 957.5307
v  -161.7390 9.1232 957.4692
v  -161.9074 9.1259 957.3006
v  -161.9690 9.1274 957.0703
v  -161.9074 9.1271 956.8401
v  -161.7390 9.1251 956.6713
v  -161.5089 9.1219 956.6099
v  -161.2787 9.1185 956.6721
v  -161.1102 9.1157 956.8401
v  -161.0485 9.1142 957.0704
v  -161.1102 9.1146 957.3006
v  -161.2787 9.1166 957.4686
v  -161.3229 3.1926 956.6886
v  -161.1542 3.1898 956.8573
v  -161.5534 3.1961 956.6268
v  -161.7838 3.1992 956.6886
v  -161.9525 3.2012 956.8573
v  -162.0142 3.2015 957.0878
v  -161.9525 3.2001 957.3181
v  -161.7838 3.1973 957.4869
v  -161.5533 3.1938 957.5487
v  -161.3229 3.1907 957.4869
v  -161.1542 3.1887 957.3181
v  -161.0925 3.1884 957.0878
v  -175.3948 1.1515 957.3632
v  -175.3948 1.1515 945.1552
v  -175.5865 1.3432 945.1552
v  -175.5865 1.3432 957.3632
v  -175.5865 0.9598 957.3632
v  -175.5865 0.9598 945.1552
v  -175.7782 1.1515 957.3632
v  -175.7782 1.1515 945.1552
v  -175.5597 0.7909 945.3920
v  -175.5597 -12.3434 945.3920
v  -175.1060 -12.3434 945.5798
v  -175.1060 0.7909 945.5798
v  -174.6524 -12.3434 945.3920
v  -174.6524 0.7909 945.3920
v  -174.4644 -12.3434 944.9382
v  -174.4644 0.7909 944.9382
v  -174.6523 -12.3434 944.4847
v  -174.6523 0.7909 944.4847
v  -175.1060 -12.3434 944.2966
v  -175.1060 0.7909 944.2966
v  -175.5597 -12.3434 944.4847
v  -175.5597 0.7909 944.4847
v  -175.7476 -12.3434 944.9382
v  -175.7476 0.7909 944.9382
v  -174.8741 0.5940 955.9299
v  -174.8741 0.5940 958.2852
v  -176.1878 0.5940 958.2852
v  -176.1878 0.5940 955.9299
v  -176.1878 1.5967 955.9299
v  -176.1878 1.5967 958.2852
v  -174.8741 1.5967 958.2852
v  -174.8741 1.5967 955.9299
v  -174.8741 0.7144 955.9299
v  -176.1878 0.7144 955.9299
v  -176.1878 1.4763 955.9299
v  -174.8741 1.4763 955.9299
v  -176.1878 1.4763 958.2852
v  -176.1878 0.7144 958.2852
v  -174.8741 1.4763 958.2852
v  -174.8741 0.7144 958.2852
v  -174.6842 1.5967 955.9299
v  -174.6842 1.5967 958.2852
v  -174.6842 1.4763 958.2852
v  -174.6842 1.4763 955.9299
v  -176.3778 1.5967 958.2852
v  -176.3778 1.5967 955.9299
v  -176.3778 1.4763 955.9299
v  -176.3778 1.4763 958.2852
v  -176.3778 0.7144 958.2852
v  -176.3778 0.7144 955.9299
v  -176.3778 0.5940 955.9299
v  -176.3778 0.5940 958.2852
v  -174.6842 0.5940 955.9299
v  -174.6842 0.7144 955.9299
v  -174.6842 0.7144 958.2852
v  -174.6842 0.5940 958.2852
v  -161.8074 9.8958 957.3843
v  -161.7866 9.0819 957.3636
v  -161.5000 9.0819 957.4824
v  -161.5000 9.8958 957.5117
v  -161.2134 9.0819 957.3636
v  -161.1926 9.8958 957.3843
v  -161.0946 9.0819 957.0770
v  -161.0653 9.8958 957.0770
v  -161.2134 9.0819 956.7906
v  -161.1926 9.8958 956.7699
v  -161.5000 9.0819 956.6718
v  -161.5000 9.8958 956.6425
v  -161.7866 9.0819 956.7906
v  -161.8074 9.8958 956.7699
v  -161.9054 9.0819 957.0770
v  -161.9347 9.8958 957.0770
v  -161.7760 10.9422 956.8010
v  -161.8318 10.2633 956.7452
v  -161.9693 10.2633 957.0770
v  -161.8904 10.9422 957.0770
v  -161.5000 10.9422 956.6866
v  -161.5000 10.2633 956.6078
v  -161.2240 10.9422 956.8010
v  -161.1682 10.2633 956.7452
v  -161.1096 10.9422 957.0770
v  -161.0307 10.2633 957.0770
v  -161.2240 10.9422 957.3531
v  -161.1682 10.2633 957.4089
v  -161.5000 10.9422 957.4675
v  -161.5000 10.2633 957.5465
v  -161.7760 10.9422 957.3531
v  -161.8318 10.2633 957.4089
v  -161.9846 9.9222 956.5925
v  -162.1853 9.9222 957.0770
v  -162.1853 10.2361 957.0770
v  -161.9846 10.2361 956.5925
v  -161.9846 10.2361 957.5618
v  -161.9846 9.9222 957.5618
v  -161.5000 10.2361 957.7625
v  -161.5000 9.9222 957.7625
v  -161.0154 10.2361 957.5618
v  -161.0154 9.9222 957.5618
v  -160.8147 10.2361 957.0770
v  -160.8147 9.9222 957.0770
v  -161.0154 10.2361 956.5925
v  -161.0154 9.9222 956.5925
v  -161.5000 10.2361 956.3918
v  -161.5000 9.9222 956.3918
v  -161.0589 8.7053 944.7720
v  -161.0695 3.8530 944.7678
v  -161.2731 3.8564 944.5642
v  -161.2481 8.7084 944.5833
v  -161.5511 3.8606 944.4897
v  -161.5066 8.7123 944.5135
v  -161.8291 3.8644 944.5642
v  -161.7649 8.7158 944.5826
v  -162.0326 3.8668 944.7678
v  -161.9539 8.7180 944.7720
v  -162.1071 3.8672 945.0458
v  -162.0232 8.7184 945.0307
v  -162.0326 3.8654 945.3239
v  -161.9539 8.7168 945.2890
v  -161.8291 3.8620 945.5273
v  -161.7649 8.7136 945.4783
v  -161.5511 3.8579 945.6019
v  -161.5065 8.7098 945.5473
v  -161.2731 3.8542 945.5273
v  -161.2481 8.7063 945.4779
v  -161.0696 3.8517 945.3239
v  -161.0589 8.7041 945.2890
v  -160.9951 3.8513 945.0458
v  -160.9896 8.7037 945.0307
v  -161.5089 9.1197 945.4895
v  -161.7390 9.1232 945.4280
v  -161.9074 9.1259 945.2593
v  -161.9690 9.1274 945.0291
v  -161.9074 9.1271 944.7990
v  -161.7390 9.1251 944.6299
v  -161.5089 9.1219 944.5687
v  -161.2787 9.1185 944.6307
v  -161.1102 9.1157 944.7990
v  -161.0485 9.1142 945.0291
v  -161.1102 9.1146 945.2593
v  -161.2787 9.1166 945.4274
v  -161.3229 3.1926 944.6474
v  -161.1542 3.1898 944.8161
v  -161.5533 3.1961 944.5854
v  -161.7838 3.1992 944.6474
v  -161.9525 3.2012 944.8161
v  -162.0142 3.2015 945.0464
v  -161.9525 3.2001 945.2769
v  -161.7838 3.1973 945.4457
v  -161.5533 3.1938 945.5073
v  -161.3229 3.1907 945.4457
v  -161.1542 3.1887 945.2769
v  -161.0925 3.1884 945.0464
v  -162.0809 0.7909 933.2336
v  -162.0809 -12.3434 933.2336
v  -161.6273 -12.3434 933.4215
v  -161.6273 0.7909 933.4215
v  -161.1736 -12.3434 933.2336
v  -161.1736 0.7909 933.2336
v  -160.9857 -12.3434 932.7799
v  -160.9857 0.7909 932.7799
v  -161.1736 -12.3434 932.3264
v  -161.1736 0.7909 932.3264
v  -161.6273 -12.3434 932.1382
v  -161.6273 0.7909 932.1382
v  -162.0809 -12.3434 932.3264
v  -162.0809 0.7909 932.3264
v  -162.2689 -12.3434 932.7799
v  -162.2689 0.7909 932.7799
v  -174.5884 16.4685 944.7720
v  -174.5990 11.4940 944.7678
v  -174.8026 11.4974 944.5642
v  -174.7776 16.4717 944.5833
v  -175.0806 11.5015 944.4897
v  -175.0361 16.4755 944.5135
v  -175.3586 11.5053 944.5642
v  -175.2944 16.4790 944.5826
v  -175.5621 11.5077 944.7678
v  -175.4835 16.4813 944.7720
v  -175.6366 11.5081 945.0458
v  -175.5527 16.4816 945.0306
v  -175.5621 11.5064 945.3238
v  -175.4835 16.4800 945.2890
v  -175.3586 11.5030 945.5273
v  -175.2944 16.4769 945.4783
v  -175.0806 11.4989 945.6019
v  -175.0360 16.4730 945.5473
v  -174.8026 11.4951 945.5273
v  -174.7776 16.4695 945.4779
v  -174.5991 11.4926 945.3238
v  -174.5884 16.4673 945.2890
v  -174.5246 11.4922 945.0458
v  -174.5191 16.4669 945.0307
v  -175.0384 16.8830 945.4895
v  -175.2685 16.8864 945.4280
v  -175.4369 16.8891 945.2593
v  -175.4986 16.8906 945.0291
v  -175.4369 16.8903 944.7990
v  -175.2685 16.8883 944.6299
v  -175.0384 16.8852 944.5687
v  -174.8082 16.8817 944.6307
v  -174.6397 16.8789 944.7990
v  -174.5780 16.8775 945.0291
v  -174.6397 16.8778 945.2593
v  -174.8082 16.8798 945.4274
v  -174.8524 10.8336 944.6474
v  -174.6837 10.8307 944.8161
v  -175.0828 10.8370 944.5854
v  -175.3133 10.8401 944.6474
v  -175.4820 10.8421 944.8161
v  -175.5437 10.8424 945.0464
v  -175.4820 10.8410 945.2769
v  -175.3133 10.8382 945.4457
v  -175.0828 10.8348 945.5073
v  -174.8524 10.8317 945.4457
v  -174.6837 10.8296 945.2769
v  -174.6220 10.8293 945.0464
v  -176.3515 0.7045 932.1895
v  -160.0290 0.7045 932.1895
v  -160.0290 0.7045 933.3610
v  -176.3515 0.7045 933.3610
v  -176.3515 1.5170 933.3610
v  -160.0290 1.5170 933.3610
v  -160.0290 1.5170 932.1895
v  -176.3515 1.5170 932.1895
v  -176.3515 0.8020 932.1895
v  -176.3515 0.8020 933.3610
v  -176.3515 1.4195 933.3610
v  -176.3515 1.4195 932.1895
v  -160.0290 1.4195 933.3610
v  -160.0290 0.8020 933.3610
v  -160.0290 1.4195 932.1895
v  -160.0290 0.8020 932.1895
v  -176.3515 1.5170 932.0201
v  -160.0290 1.5170 932.0201
v  -160.0290 1.4195 932.0201
v  -176.3515 1.4195 932.0201
v  -160.0290 1.5170 933.5304
v  -176.3515 1.5170 933.5304
v  -176.3515 1.4195 933.5304
v  -160.0290 1.4195 933.5304
v  -160.0290 0.8020 933.5304
v  -176.3515 0.8020 933.5304
v  -176.3515 0.7045 933.5304
v  -160.0290 0.7045 933.5304
v  -176.3515 0.7045 932.0201
v  -176.3515 0.8020 932.0201
v  -160.0290 0.8020 932.0201
v  -160.0290 0.7045 932.0201
v  -161.8074 2.3401 945.3431
v  -161.7866 1.5262 945.3223
v  -161.5000 1.5262 945.4412
v  -161.5000 2.3401 945.4705
v  -161.2134 1.5262 945.3223
v  -161.1926 2.3401 945.3431
v  -161.0946 1.5262 945.0358
v  -161.0653 2.3401 945.0358
v  -161.2134 1.5262 944.7494
v  -161.1926 2.3401 944.7286
v  -161.5000 1.5262 944.6306
v  -161.5000 2.3401 944.6013
v  -161.7866 1.5262 944.7494
v  -161.8074 2.3401 944.7286
v  -161.9054 1.5262 945.0358
v  -161.9347 2.3401 945.0358
v  -161.7760 3.3866 944.7598
v  -161.8318 2.7077 944.7040
v  -161.9693 2.7077 945.0358
v  -161.8904 3.3866 945.0358
v  -161.5000 3.3866 944.6454
v  -161.5000 2.7077 944.5665
v  -161.2239 3.3866 944.7598
v  -161.1682 2.7077 944.7040
v  -161.1096 3.3866 945.0358
v  -161.0307 2.7077 945.0358
v  -161.2240 3.3866 945.3120
v  -161.1682 2.7077 945.3677
v  -161.5000 3.3866 945.4263
v  -161.5000 2.7077 945.5052
v  -161.7760 3.3866 945.3120
v  -161.8318 2.7077 945.3677
v  -161.9846 2.3666 944.5513
v  -162.1853 2.3666 945.0358
v  -162.1853 2.6805 945.0358
v  -161.9846 2.6805 944.5513
v  -161.9846 2.6805 945.5205
v  -161.9846 2.3666 945.5205
v  -161.5000 2.6805 945.7212
v  -161.5000 2.3666 945.7212
v  -161.0154 2.6805 945.5205
v  -161.0154 2.3666 945.5205
v  -160.8147 2.6805 945.0358
v  -160.8147 2.3666 945.0358
v  -161.0154 2.6805 944.5513
v  -161.0154 2.3666 944.5513
v  -161.5000 2.6805 944.3506
v  -161.5000 2.3666 944.3506
# 1592 vertices

vt 0.6828 0.2814 0.0000
vt 0.6952 0.2821 0.0000
vt 0.6715 0.8103 0.0000
vt 0.6642 0.8077 0.0000
vt 0.7081 0.2823 0.0000
vt 0.6787 0.8137 0.0000
vt 0.7220 0.2814 0.0000
vt 0.6858 0.8180 0.0000
vt 0.5744 0.2710 0.0000
vt 0.5880 0.2743 0.0000
vt 0.6051 0.8082 0.0000
vt 0.5978 0.8111 0.0000
vt 0.6008 0.2761 0.0000
vt 0.6124 0.8060 0.0000
vt 0.6130 0.2771 0.0000
vt 0.6198 0.8046 0.0000
vt 0.6248 0.2778 0.0000
vt 0.6273 0.8038 0.0000
vt 0.6364 0.2784 0.0000
vt 0.6347 0.8035 0.0000
vt 0.6479 0.2790 0.0000
vt 0.6421 0.8037 0.0000
vt 0.6593 0.2797 0.0000
vt 0.6495 0.8045 0.0000
vt 0.6709 0.2806 0.0000
vt 0.6568 0.8058 0.0000
vt 0.6348 0.8318 0.0000
vt 0.6279 0.8320 0.0000
vt 0.6211 0.8327 0.0000
vt 0.6145 0.8341 0.0000
vt 0.6082 0.8362 0.0000
vt 0.6023 0.8397 0.0000
vt 0.6805 0.8451 0.0000
vt 0.6748 0.8408 0.0000
vt 0.6686 0.8377 0.0000
vt 0.6621 0.8355 0.0000
vt 0.6554 0.8338 0.0000
vt 0.6485 0.8327 0.0000
vt 0.6417 0.8320 0.0000
vt 0.6769 0.2367 0.0000
vt 0.6853 0.2362 0.0000
vt 0.6929 0.2351 0.0000
vt 0.6993 0.2326 0.0000
vt 0.5986 0.2309 0.0000
vt 0.6052 0.2331 0.0000
vt 0.6130 0.2342 0.0000
vt 0.6215 0.2348 0.0000
vt 0.6305 0.2353 0.0000
vt 0.6398 0.2357 0.0000
vt 0.6493 0.2361 0.0000
vt 0.6587 0.2364 0.0000
vt 0.6679 0.2366 0.0000
vt 0.6558 0.3725 0.0000
vt 0.6623 0.3719 0.0000
vt 0.6642 0.3888 0.0000
vt 0.6572 0.3895 0.0000
vt 0.6106 0.3719 0.0000
vt 0.6170 0.3725 0.0000
vt 0.6156 0.3895 0.0000
vt 0.6087 0.3888 0.0000
vt 0.6235 0.3730 0.0000
vt 0.6225 0.3900 0.0000
vt 0.6299 0.3732 0.0000
vt 0.6295 0.3902 0.0000
vt 0.6364 0.3733 0.0000
vt 0.6364 0.3903 0.0000
vt 0.6429 0.3732 0.0000
vt 0.6434 0.3902 0.0000
vt 0.6494 0.3730 0.0000
vt 0.6503 0.3900 0.0000
vt 0.9777 0.2900 0.0000
vt 0.9847 0.2926 0.0000
vt 0.9792 0.3057 0.0000
vt 0.9734 0.3036 0.0000
vt 0.9705 0.2880 0.0000
vt 0.9673 0.3020 0.0000
vt 0.9631 0.2867 0.0000
vt 0.9612 0.3009 0.0000
vt 0.9556 0.2860 0.0000
vt 0.9550 0.3003 0.0000
vt 0.9481 0.2860 0.0000
vt 0.9487 0.3003 0.0000
vt 0.9406 0.2867 0.0000
vt 0.9425 0.3009 0.0000
vt 0.9915 0.2958 0.0000
vt 0.9980 0.2996 0.0000
vt 0.9902 0.3116 0.0000
vt 0.9848 0.3084 0.0000
vt 0.9419 0.9654 0.0000
vt 0.9423 0.9787 0.0000
vt 0.9236 0.9797 0.0000
vt 0.9234 0.9662 0.0000
vt 0.9610 0.9643 0.0000
vt 0.9615 0.9772 0.0000
vt 0.9808 0.9609 0.0000
vt 0.9831 0.9763 0.0000
vt 0.8281 0.9779 0.0000
vt 0.8278 0.9622 0.0000
vt 0.8492 0.9641 0.0000
vt 0.8482 0.9770 0.0000
vt 0.8684 0.9649 0.0000
vt 0.8673 0.9782 0.0000
vt 0.8869 0.9657 0.0000
vt 0.8860 0.9792 0.0000
vt 0.9052 0.9663 0.0000
vt 0.9047 0.9799 0.0000
vt 0.9429 0.9864 0.0000
vt 0.9613 0.9857 0.0000
vt 0.9241 0.9888 0.0000
vt 0.9050 0.9884 0.0000
vt 0.8862 0.9877 0.0000
vt 0.8676 0.9866 0.0000
vt 0.8494 0.9854 0.0000
vt 0.8334 0.9866 0.0000
vt 0.9783 0.9860 0.0000
vt 0.9407 0.9557 0.0000
vt 0.9583 0.9549 0.0000
vt 0.9733 0.9517 0.0000
vt 0.8508 0.9541 0.0000
vt 0.8350 0.9517 0.0000
vt 0.8686 0.9550 0.0000
vt 0.8867 0.9558 0.0000
vt 0.9048 0.9563 0.0000
vt 0.9227 0.9562 0.0000
vt 0.6558 0.3725 0.0000
vt 0.6623 0.3719 0.0000
vt 0.6642 0.3888 0.0000
vt 0.6572 0.3895 0.0000
vt 0.6106 0.3719 0.0000
vt 0.6170 0.3725 0.0000
vt 0.6156 0.3895 0.0000
vt 0.6087 0.3888 0.0000
vt 0.6235 0.3730 0.0000
vt 0.6225 0.3900 0.0000
vt 0.6299 0.3732 0.0000
vt 0.6295 0.3902 0.0000
vt 0.6364 0.3733 0.0000
vt 0.6364 0.3903 0.0000
vt 0.6429 0.3732 0.0000
vt 0.6434 0.3902 0.0000
vt 0.6494 0.3730 0.0000
vt 0.6503 0.3900 0.0000
vt 0.9777 0.2900 0.0000
vt 0.9847 0.2926 0.0000
vt 0.9792 0.3057 0.0000
vt 0.9734 0.3036 0.0000
vt 0.9705 0.2880 0.0000
vt 0.9673 0.3020 0.0000
vt 0.9631 0.2867 0.0000
vt 0.9612 0.3009 0.0000
vt 0.9556 0.2860 0.0000
vt 0.9550 0.3003 0.0000
vt 0.9481 0.2860 0.0000
vt 0.9487 0.3003 0.0000
vt 0.9406 0.2867 0.0000
vt 0.9425 0.3009 0.0000
vt 0.9915 0.2958 0.0000
vt 0.9980 0.2996 0.0000
vt 0.9902 0.3116 0.0000
vt 0.9848 0.3084 0.0000
vt 0.9419 0.9654 0.0000
vt 0.9423 0.9787 0.0000
vt 0.9236 0.9797 0.0000
vt 0.9234 0.9662 0.0000
vt 0.9610 0.9643 0.0000
vt 0.9615 0.9772 0.0000
vt 0.9808 0.9609 0.0000
vt 0.9831 0.9763 0.0000
vt 0.8281 0.9779 0.0000
vt 0.8278 0.9622 0.0000
vt 0.8492 0.9641 0.0000
vt 0.8482 0.9770 0.0000
vt 0.8684 0.9649 0.0000
vt 0.8673 0.9782 0.0000
vt 0.8869 0.9657 0.0000
vt 0.8860 0.9792 0.0000
vt 0.9052 0.9663 0.0000
vt 0.9047 0.9799 0.0000
vt 0.9429 0.9864 0.0000
vt 0.9613 0.9857 0.0000
vt 0.9241 0.9888 0.0000
vt 0.9050 0.9884 0.0000
vt 0.8862 0.9877 0.0000
vt 0.8676 0.9866 0.0000
vt 0.8494 0.9854 0.0000
vt 0.8334 0.9866 0.0000
vt 0.9783 0.9860 0.0000
vt 0.9407 0.9557 0.0000
vt 0.9583 0.9549 0.0000
vt 0.9733 0.9517 0.0000
vt 0.8508 0.9541 0.0000
vt 0.8350 0.9517 0.0000
vt 0.8686 0.9550 0.0000
vt 0.8867 0.9558 0.0000
vt 0.9048 0.9563 0.0000
vt 0.9227 0.9562 0.0000
vt 0.6828 0.2814 0.0000
vt 0.6952 0.2821 0.0000
vt 0.6715 0.8103 0.0000
vt 0.6642 0.8077 0.0000
vt 0.7081 0.2823 0.0000
vt 0.6787 0.8137 0.0000
vt 0.7220 0.2814 0.0000
vt 0.6858 0.8180 0.0000
vt 0.5744 0.2710 0.0000
vt 0.5880 0.2743 0.0000
vt 0.6051 0.8082 0.0000
vt 0.5978 0.8111 0.0000
vt 0.6008 0.2761 0.0000
vt 0.6124 0.8060 0.0000
vt 0.6130 0.2771 0.0000
vt 0.6198 0.8046 0.0000
vt 0.6248 0.2778 0.0000
vt 0.6273 0.8038 0.0000
vt 0.6364 0.2784 0.0000
vt 0.6347 0.8035 0.0000
vt 0.6479 0.2790 0.0000
vt 0.6421 0.8037 0.0000
vt 0.6593 0.2797 0.0000
vt 0.6495 0.8045 0.0000
vt 0.6709 0.2806 0.0000
vt 0.6568 0.8058 0.0000
vt 0.6348 0.8318 0.0000
vt 0.6279 0.8320 0.0000
vt 0.6211 0.8327 0.0000
vt 0.6145 0.8341 0.0000
vt 0.6082 0.8362 0.0000
vt 0.6023 0.8397 0.0000
vt 0.6805 0.8451 0.0000
vt 0.6748 0.8408 0.0000
vt 0.6686 0.8377 0.0000
vt 0.6621 0.8355 0.0000
vt 0.6554 0.8338 0.0000
vt 0.6485 0.8327 0.0000
vt 0.6417 0.8320 0.0000
vt 0.6769 0.2367 0.0000
vt 0.6853 0.2362 0.0000
vt 0.6929 0.2351 0.0000
vt 0.6993 0.2326 0.0000
vt 0.5986 0.2309 0.0000
vt 0.6052 0.2331 0.0000
vt 0.6130 0.2342 0.0000
vt 0.6215 0.2348 0.0000
vt 0.6305 0.2353 0.0000
vt 0.6398 0.2357 0.0000
vt 0.6493 0.2361 0.0000
vt 0.6587 0.2364 0.0000
vt 0.6679 0.2366 0.0000
vt 0.6558 0.3725 0.0000
vt 0.6623 0.3719 0.0000
vt 0.6642 0.3888 0.0000
vt 0.6572 0.3895 0.0000
vt 0.6106 0.3719 0.0000
vt 0.6170 0.3725 0.0000
vt 0.6156 0.3895 0.0000
vt 0.6087 0.3888 0.0000
vt 0.6235 0.3730 0.0000
vt 0.6225 0.3900 0.0000
vt 0.6299 0.3732 0.0000
vt 0.6295 0.3902 0.0000
vt 0.6364 0.3733 0.0000
vt 0.6364 0.3903 0.0000
vt 0.6429 0.3732 0.0000
vt 0.6434 0.3902 0.0000
vt 0.6494 0.3730 0.0000
vt 0.6503 0.3900 0.0000
vt 0.9777 0.2900 0.0000
vt 0.9847 0.2926 0.0000
vt 0.9792 0.3057 0.0000
vt 0.9734 0.3036 0.0000
vt 0.9705 0.2880 0.0000
vt 0.9673 0.3020 0.0000
vt 0.9631 0.2867 0.0000
vt 0.9612 0.3009 0.0000
vt 0.9556 0.2860 0.0000
vt 0.9550 0.3003 0.0000
vt 0.9481 0.2860 0.0000
vt 0.9487 0.3003 0.0000
vt 0.9406 0.2867 0.0000
vt 0.9425 0.3009 0.0000
vt 0.9915 0.2958 0.0000
vt 0.9980 0.2996 0.0000
vt 0.9902 0.3116 0.0000
vt 0.9848 0.3084 0.0000
vt 0.9419 0.9654 0.0000
vt 0.9423 0.9787 0.0000
vt 0.9236 0.9797 0.0000
vt 0.9234 0.9662 0.0000
vt 0.9610 0.9643 0.0000
vt 0.9615 0.9772 0.0000
vt 0.9808 0.9609 0.0000
vt 0.9831 0.9763 0.0000
vt 0.8281 0.9779 0.0000
vt 0.8278 0.9622 0.0000
vt 0.8492 0.9641 0.0000
vt 0.8482 0.9770 0.0000
vt 0.8684 0.9649 0.0000
vt 0.8673 0.9782 0.0000
vt 0.8869 0.9657 0.0000
vt 0.8860 0.9792 0.0000
vt 0.9052 0.9663 0.0000
vt 0.9047 0.9799 0.0000
vt 0.9429 0.9864 0.0000
vt 0.9613 0.9857 0.0000
vt 0.9241 0.9888 0.0000
vt 0.9050 0.9884 0.0000
vt 0.8862 0.9877 0.0000
vt 0.8676 0.9866 0.0000
vt 0.8494 0.9854 0.0000
vt 0.8334 0.9866 0.0000
vt 0.9783 0.9860 0.0000
vt 0.9407 0.9557 0.0000
vt 0.9583 0.9549 0.0000
vt 0.9733 0.9517 0.0000
vt 0.8508 0.9541 0.0000
vt 0.8350 0.9517 0.0000
vt 0.8686 0.9550 0.0000
vt 0.8867 0.9558 0.0000
vt 0.9048 0.9563 0.0000
vt 0.9227 0.9562 0.0000
vt 0.6558 0.3725 0.0000
vt 0.6623 0.3719 0.0000
vt 0.6642 0.3888 0.0000
vt 0.6572 0.3895 0.0000
vt 0.6106 0.3719 0.0000
vt 0.6170 0.3725 0.0000
vt 0.6156 0.3895 0.0000
vt 0.6087 0.3888 0.0000
vt 0.6235 0.3730 0.0000
vt 0.6225 0.3900 0.0000
vt 0.6299 0.3732 0.0000
vt 0.6295 0.3902 0.0000
vt 0.6364 0.3733 0.0000
vt 0.6364 0.3903 0.0000
vt 0.6429 0.3732 0.0000
vt 0.6434 0.3902 0.0000
vt 0.6494 0.3730 0.0000
vt 0.6503 0.3900 0.0000
vt 0.9777 0.2900 0.0000
vt 0.9847 0.2926 0.0000
vt 0.9792 0.3057 0.0000
vt 0.9734 0.3036 0.0000
vt 0.9705 0.2880 0.0000
vt 0.9673 0.3020 0.0000
vt 0.9631 0.2867 0.0000
vt 0.9612 0.3009 0.0000
vt 0.9556 0.2860 0.0000
vt 0.9550 0.3003 0.0000
vt 0.9481 0.2860 0.0000
vt 0.9487 0.3003 0.0000
vt 0.9406 0.2867 0.0000
vt 0.9425 0.3009 0.0000
vt 0.9915 0.2958 0.0000
vt 0.9980 0.2996 0.0000
vt 0.9902 0.3116 0.0000
vt 0.9848 0.3084 0.0000
vt 0.9419 0.9654 0.0000
vt 0.9423 0.9787 0.0000
vt 0.9236 0.9797 0.0000
vt 0.9234 0.9662 0.0000
vt 0.9610 0.9643 0.0000
vt 0.9615 0.9772 0.0000
vt 0.9808 0.9609 0.0000
vt 0.9831 0.9763 0.0000
vt 0.8281 0.9779 0.0000
vt 0.8278 0.9622 0.0000
vt 0.8492 0.9641 0.0000
vt 0.8482 0.9770 0.0000
vt 0.8684 0.9649 0.0000
vt 0.8673 0.9782 0.0000
vt 0.8869 0.9657 0.0000
vt 0.8860 0.9792 0.0000
vt 0.9052 0.9663 0.0000
vt 0.9047 0.9799 0.0000
vt 0.9429 0.9864 0.0000
vt 0.9613 0.9857 0.0000
vt 0.9241 0.9888 0.0000
vt 0.9050 0.9884 0.0000
vt 0.8862 0.9877 0.0000
vt 0.8676 0.9866 0.0000
vt 0.8494 0.9854 0.0000
vt 0.8334 0.9866 0.0000
vt 0.9783 0.9860 0.0000
vt 0.9407 0.9557 0.0000
vt 0.9583 0.9549 0.0000
vt 0.9733 0.9517 0.0000
vt 0.8508 0.9541 0.0000
vt 0.8350 0.9517 0.0000
vt 0.8686 0.9550 0.0000
vt 0.8867 0.9558 0.0000
vt 0.9048 0.9563 0.0000
vt 0.9227 0.9562 0.0000
vt 0.6558 0.3725 0.0000
vt 0.6623 0.3719 0.0000
vt 0.6642 0.3888 0.0000
vt 0.6572 0.3895 0.0000
vt 0.6106 0.3719 0.0000
vt 0.6170 0.3725 0.0000
vt 0.6156 0.3895 0.0000
vt 0.6087 0.3888 0.0000
vt 0.6235 0.3730 0.0000
vt 0.6225 0.3900 0.0000
vt 0.6299 0.3732 0.0000
vt 0.6295 0.3902 0.0000
vt 0.6364 0.3733 0.0000
vt 0.6364 0.3903 0.0000
vt 0.6429 0.3732 0.0000
vt 0.6434 0.3902 0.0000
vt 0.6494 0.3730 0.0000
vt 0.6503 0.3900 0.0000
vt 0.9777 0.2900 0.0000
vt 0.9847 0.2926 0.0000
vt 0.9792 0.3057 0.0000
vt 0.9734 0.3036 0.0000
vt 0.9705 0.2880 0.0000
vt 0.9673 0.3020 0.0000
vt 0.9631 0.2867 0.0000
vt 0.9612 0.3009 0.0000
vt 0.9556 0.2860 0.0000
vt 0.9550 0.3003 0.0000
vt 0.9481 0.2860 0.0000
vt 0.9487 0.3003 0.0000
vt 0.9406 0.2867 0.0000
vt 0.9425 0.3009 0.0000
vt 0.9915 0.2958 0.0000
vt 0.9980 0.2996 0.0000
vt 0.9902 0.3116 0.0000
vt 0.9848 0.3084 0.0000
vt 0.9419 0.9654 0.0000
vt 0.9423 0.9787 0.0000
vt 0.9236 0.9797 0.0000
vt 0.9234 0.9662 0.0000
vt 0.9610 0.9643 0.0000
vt 0.9615 0.9772 0.0000
vt 0.9808 0.9609 0.0000
vt 0.9831 0.9763 0.0000
vt 0.8281 0.9779 0.0000
vt 0.8278 0.9622 0.0000
vt 0.8492 0.9641 0.0000
vt 0.8482 0.9770 0.0000
vt 0.8684 0.9649 0.0000
vt 0.8673 0.9782 0.0000
vt 0.8869 0.9657 0.0000
vt 0.8860 0.9792 0.0000
vt 0.9052 0.9663 0.0000
vt 0.9047 0.9799 0.0000
vt 0.9429 0.9864 0.0000
vt 0.9613 0.9857 0.0000
vt 0.9241 0.9888 0.0000
vt 0.9050 0.9884 0.0000
vt 0.8862 0.9877 0.0000
vt 0.8676 0.9866 0.0000
vt 0.8494 0.9854 0.0000
vt 0.8334 0.9866 0.0000
vt 0.9783 0.9860 0.0000
vt 0.9407 0.9557 0.0000
vt 0.9583 0.9549 0.0000
vt 0.9733 0.9517 0.0000
vt 0.8508 0.9541 0.0000
vt 0.8350 0.9517 0.0000
vt 0.8686 0.9550 0.0000
vt 0.8867 0.9558 0.0000
vt 0.9048 0.9563 0.0000
vt 0.9227 0.9562 0.0000
vt 0.5398 0.2714 0.0000
vt 0.5398 0.2469 0.0000
vt 0.7685 0.2469 0.0000
vt 0.7685 0.2714 0.0000
vt 0.5398 0.3270 0.0000
vt 0.5398 0.3025 0.0000
vt 0.7685 0.3025 0.0000
vt 0.7685 0.3270 0.0000
vt 0.9637 0.2156 0.0000
vt 0.9637 0.2027 0.0000
vt 0.9882 0.2027 0.0000
vt 0.9882 0.2156 0.0000
vt 0.7685 0.3361 0.0000
vt 0.7685 0.3490 0.0000
vt 0.5398 0.3490 0.0000
vt 0.5398 0.3361 0.0000
vt 0.9637 0.2326 0.0000
vt 0.9637 0.2197 0.0000
vt 0.9882 0.2197 0.0000
vt 0.9882 0.2326 0.0000
vt 0.5398 0.2934 0.0000
vt 0.5398 0.2805 0.0000
vt 0.7685 0.2805 0.0000
vt 0.7685 0.2934 0.0000
vt 0.5398 0.2990 0.0000
vt 0.5398 0.2969 0.0000
vt 0.7685 0.2969 0.0000
vt 0.7685 0.2990 0.0000
vt 0.9882 0.2007 0.0000
vt 0.9637 0.2007 0.0000
vt 0.7685 0.3305 0.0000
vt 0.7685 0.3326 0.0000
vt 0.5398 0.3326 0.0000
vt 0.5398 0.3305 0.0000
vt 0.9637 0.2346 0.0000
vt 0.9882 0.2346 0.0000
vt 0.7685 0.2414 0.0000
vt 0.7685 0.2434 0.0000
vt 0.5398 0.2434 0.0000
vt 0.5398 0.2414 0.0000
vt 0.9637 0.2176 0.0000
vt 0.9882 0.2176 0.0000
vt 0.7685 0.2770 0.0000
vt 0.5398 0.2770 0.0000
vt 0.5398 0.2749 0.0000
vt 0.7685 0.2749 0.0000
vt 0.9882 0.2176 0.0000
vt 0.9637 0.2176 0.0000
vt 0.9917 0.2326 0.0000
vt 0.9917 0.2346 0.0000
vt 0.9917 0.2007 0.0000
vt 0.9917 0.2027 0.0000
vt 0.9602 0.2027 0.0000
vt 0.9602 0.2007 0.0000
vt 0.9602 0.2346 0.0000
vt 0.9602 0.2326 0.0000
vt 0.9602 0.2176 0.0000
vt 0.9602 0.2156 0.0000
vt 0.9602 0.2197 0.0000
vt 0.9602 0.2176 0.0000
vt 0.5398 0.2378 0.0000
vt 0.7685 0.2378 0.0000
vt 0.9917 0.2176 0.0000
vt 0.9917 0.2197 0.0000
vt 0.9917 0.2156 0.0000
vt 0.9917 0.2176 0.0000
vt 0.6595 0.1965 0.0000
vt 0.6595 0.1760 0.0000
vt 0.9338 0.1760 0.0000
vt 0.9338 0.1965 0.0000
vt 0.6595 0.1350 0.0000
vt 0.9338 0.1350 0.0000
vt 0.6595 0.1555 0.0000
vt 0.9338 0.1555 0.0000
vt 0.6595 0.1965 0.0000
vt 0.6595 0.1760 0.0000
vt 0.9338 0.1760 0.0000
vt 0.9338 0.1965 0.0000
vt 0.6595 0.1350 0.0000
vt 0.9338 0.1350 0.0000
vt 0.6595 0.1555 0.0000
vt 0.9338 0.1555 0.0000
vt 0.9338 0.1657 0.0000
vt 0.9338 0.1760 0.0000
vt 0.6595 0.1760 0.0000
vt 0.6595 0.1657 0.0000
vt 0.9338 0.1862 0.0000
vt 0.6595 0.1862 0.0000
vt 0.9338 0.1965 0.0000
vt 0.6595 0.1965 0.0000
vt 0.9338 0.2067 0.0000
vt 0.6595 0.2067 0.0000
vt 0.9338 0.1247 0.0000
vt 0.9338 0.1350 0.0000
vt 0.6595 0.1350 0.0000
vt 0.6595 0.1247 0.0000
vt 0.9338 0.1452 0.0000
vt 0.6595 0.1452 0.0000
vt 0.9338 0.1555 0.0000
vt 0.6595 0.1555 0.0000
vt 0.6558 0.3725 0.0000
vt 0.6623 0.3719 0.0000
vt 0.6642 0.3888 0.0000
vt 0.6572 0.3895 0.0000
vt 0.6106 0.3719 0.0000
vt 0.6170 0.3725 0.0000
vt 0.6156 0.3895 0.0000
vt 0.6087 0.3888 0.0000
vt 0.6235 0.3730 0.0000
vt 0.6225 0.3900 0.0000
vt 0.6299 0.3732 0.0000
vt 0.6295 0.3902 0.0000
vt 0.6364 0.3733 0.0000
vt 0.6364 0.3903 0.0000
vt 0.6429 0.3732 0.0000
vt 0.6434 0.3902 0.0000
vt 0.6494 0.3730 0.0000
vt 0.6503 0.3900 0.0000
vt 0.9777 0.2900 0.0000
vt 0.9847 0.2926 0.0000
vt 0.9792 0.3057 0.0000
vt 0.9734 0.3036 0.0000
vt 0.9705 0.2880 0.0000
vt 0.9673 0.3020 0.0000
vt 0.9631 0.2867 0.0000
vt 0.9612 0.3009 0.0000
vt 0.9556 0.2860 0.0000
vt 0.9550 0.3003 0.0000
vt 0.9481 0.2860 0.0000
vt 0.9487 0.3003 0.0000
vt 0.9406 0.2867 0.0000
vt 0.9425 0.3009 0.0000
vt 0.9915 0.2958 0.0000
vt 0.9980 0.2996 0.0000
vt 0.9902 0.3116 0.0000
vt 0.9848 0.3084 0.0000
vt 0.9419 0.9654 0.0000
vt 0.9423 0.9787 0.0000
vt 0.9236 0.9797 0.0000
vt 0.9234 0.9662 0.0000
vt 0.9610 0.9643 0.0000
vt 0.9615 0.9772 0.0000
vt 0.9808 0.9609 0.0000
vt 0.9831 0.9763 0.0000
vt 0.8281 0.9779 0.0000
vt 0.8278 0.9622 0.0000
vt 0.8492 0.9641 0.0000
vt 0.8482 0.9770 0.0000
vt 0.8684 0.9649 0.0000
vt 0.8673 0.9782 0.0000
vt 0.8869 0.9657 0.0000
vt 0.8860 0.9792 0.0000
vt 0.9052 0.9663 0.0000
vt 0.9047 0.9799 0.0000
vt 0.9429 0.9864 0.0000
vt 0.9613 0.9857 0.0000
vt 0.9241 0.9888 0.0000
vt 0.9050 0.9884 0.0000
vt 0.8862 0.9877 0.0000
vt 0.8676 0.9866 0.0000
vt 0.8494 0.9854 0.0000
vt 0.8334 0.9866 0.0000
vt 0.9783 0.9860 0.0000
vt 0.9407 0.9557 0.0000
vt 0.9583 0.9549 0.0000
vt 0.9733 0.9517 0.0000
vt 0.8508 0.9541 0.0000
vt 0.8350 0.9517 0.0000
vt 0.8686 0.9550 0.0000
vt 0.8867 0.9558 0.0000
vt 0.9048 0.9563 0.0000
vt 0.9227 0.9562 0.0000
vt 0.6828 0.2814 0.0000
vt 0.6952 0.2821 0.0000
vt 0.6715 0.8103 0.0000
vt 0.6642 0.8077 0.0000
vt 0.7081 0.2823 0.0000
vt 0.6787 0.8137 0.0000
vt 0.7220 0.2814 0.0000
vt 0.6858 0.8180 0.0000
vt 0.5744 0.2710 0.0000
vt 0.5880 0.2743 0.0000
vt 0.6051 0.8082 0.0000
vt 0.5978 0.8111 0.0000
vt 0.6008 0.2761 0.0000
vt 0.6124 0.8060 0.0000
vt 0.6130 0.2771 0.0000
vt 0.6198 0.8046 0.0000
vt 0.6248 0.2778 0.0000
vt 0.6273 0.8038 0.0000
vt 0.6364 0.2784 0.0000
vt 0.6347 0.8035 0.0000
vt 0.6479 0.2790 0.0000
vt 0.6421 0.8037 0.0000
vt 0.6593 0.2797 0.0000
vt 0.6495 0.8045 0.0000
vt 0.6709 0.2806 0.0000
vt 0.6568 0.8058 0.0000
vt 0.6348 0.8318 0.0000
vt 0.6279 0.8320 0.0000
vt 0.6211 0.8327 0.0000
vt 0.6145 0.8341 0.0000
vt 0.6082 0.8362 0.0000
vt 0.6023 0.8397 0.0000
vt 0.6805 0.8451 0.0000
vt 0.6748 0.8408 0.0000
vt 0.6686 0.8377 0.0000
vt 0.6621 0.8355 0.0000
vt 0.6554 0.8338 0.0000
vt 0.6485 0.8327 0.0000
vt 0.6417 0.8320 0.0000
vt 0.6769 0.2367 0.0000
vt 0.6853 0.2362 0.0000
vt 0.6929 0.2351 0.0000
vt 0.6993 0.2326 0.0000
vt 0.5986 0.2309 0.0000
vt 0.6052 0.2331 0.0000
vt 0.6130 0.2342 0.0000
vt 0.6215 0.2348 0.0000
vt 0.6305 0.2353 0.0000
vt 0.6398 0.2357 0.0000
vt 0.6493 0.2361 0.0000
vt 0.6587 0.2364 0.0000
vt 0.6679 0.2366 0.0000
vt 0.6828 0.2814 0.0000
vt 0.6952 0.2821 0.0000
vt 0.6715 0.8103 0.0000
vt 0.6642 0.8077 0.0000
vt 0.7081 0.2823 0.0000
vt 0.6787 0.8137 0.0000
vt 0.7220 0.2814 0.0000
vt 0.6858 0.8180 0.0000
vt 0.5744 0.2710 0.0000
vt 0.5880 0.2743 0.0000
vt 0.6051 0.8082 0.0000
vt 0.5978 0.8111 0.0000
vt 0.6008 0.2761 0.0000
vt 0.6124 0.8060 0.0000
vt 0.6130 0.2771 0.0000
vt 0.6198 0.8046 0.0000
vt 0.6248 0.2778 0.0000
vt 0.6273 0.8038 0.0000
vt 0.6364 0.2784 0.0000
vt 0.6347 0.8035 0.0000
vt 0.6479 0.2790 0.0000
vt 0.6421 0.8037 0.0000
vt 0.6593 0.2797 0.0000
vt 0.6495 0.8045 0.0000
vt 0.6709 0.2806 0.0000
vt 0.6568 0.8058 0.0000
vt 0.6348 0.8318 0.0000
vt 0.6279 0.8320 0.0000
vt 0.6211 0.8327 0.0000
vt 0.6145 0.8341 0.0000
vt 0.6082 0.8362 0.0000
vt 0.6023 0.8397 0.0000
vt 0.6805 0.8451 0.0000
vt 0.6748 0.8408 0.0000
vt 0.6686 0.8377 0.0000
vt 0.6621 0.8355 0.0000
vt 0.6554 0.8338 0.0000
vt 0.6485 0.8327 0.0000
vt 0.6417 0.8320 0.0000
vt 0.6769 0.2367 0.0000
vt 0.6853 0.2362 0.0000
vt 0.6929 0.2351 0.0000
vt 0.6993 0.2326 0.0000
vt 0.5986 0.2309 0.0000
vt 0.6052 0.2331 0.0000
vt 0.6130 0.2342 0.0000
vt 0.6215 0.2348 0.0000
vt 0.6305 0.2353 0.0000
vt 0.6398 0.2357 0.0000
vt 0.6493 0.2361 0.0000
vt 0.6587 0.2364 0.0000
vt 0.6679 0.2366 0.0000
vt 0.6558 0.3725 0.0000
vt 0.6623 0.3719 0.0000
vt 0.6642 0.3888 0.0000
vt 0.6572 0.3895 0.0000
vt 0.6106 0.3719 0.0000
vt 0.6170 0.3725 0.0000
vt 0.6156 0.3895 0.0000
vt 0.6087 0.3888 0.0000
vt 0.6235 0.3730 0.0000
vt 0.6225 0.3900 0.0000
vt 0.6299 0.3732 0.0000
vt 0.6295 0.3902 0.0000
vt 0.6364 0.3733 0.0000
vt 0.6364 0.3903 0.0000
vt 0.6429 0.3732 0.0000
vt 0.6434 0.3902 0.0000
vt 0.6494 0.3730 0.0000
vt 0.6503 0.3900 0.0000
vt 0.9777 0.2900 0.0000
vt 0.9847 0.2926 0.0000
vt 0.9792 0.3057 0.0000
vt 0.9734 0.3036 0.0000
vt 0.9705 0.2880 0.0000
vt 0.9673 0.3020 0.0000
vt 0.9631 0.2867 0.0000
vt 0.9612 0.3009 0.0000
vt 0.9556 0.2860 0.0000
vt 0.9550 0.3003 0.0000
vt 0.9481 0.2860 0.0000
vt 0.9487 0.3003 0.0000
vt 0.9406 0.2867 0.0000
vt 0.9425 0.3009 0.0000
vt 0.9915 0.2958 0.0000
vt 0.9980 0.2996 0.0000
vt 0.9902 0.3116 0.0000
vt 0.9848 0.3084 0.0000
vt 0.9419 0.9654 0.0000
vt 0.9423 0.9787 0.0000
vt 0.9236 0.9797 0.0000
vt 0.9234 0.9662 0.0000
vt 0.9610 0.9643 0.0000
vt 0.9615 0.9772 0.0000
vt 0.9808 0.9609 0.0000
vt 0.9831 0.9763 0.0000
vt 0.8281 0.9779 0.0000
vt 0.8278 0.9622 0.0000
vt 0.8492 0.9641 0.0000
vt 0.8482 0.9770 0.0000
vt 0.8684 0.9649 0.0000
vt 0.8673 0.9782 0.0000
vt 0.8869 0.9657 0.0000
vt 0.8860 0.9792 0.0000
vt 0.9052 0.9663 0.0000
vt 0.9047 0.9799 0.0000
vt 0.9429 0.9864 0.0000
vt 0.9613 0.9857 0.0000
vt 0.9241 0.9888 0.0000
vt 0.9050 0.9884 0.0000
vt 0.8862 0.9877 0.0000
vt 0.8676 0.9866 0.0000
vt 0.8494 0.9854 0.0000
vt 0.8334 0.9866 0.0000
vt 0.9783 0.9860 0.0000
vt 0.9407 0.9557 0.0000
vt 0.9583 0.9549 0.0000
vt 0.9733 0.9517 0.0000
vt 0.8508 0.9541 0.0000
vt 0.8350 0.9517 0.0000
vt 0.8686 0.9550 0.0000
vt 0.8867 0.9558 0.0000
vt 0.9048 0.9563 0.0000
vt 0.9227 0.9562 0.0000
vt 0.6595 0.1862 0.0000
vt 0.6595 0.1657 0.0000
vt 0.9338 0.1657 0.0000
vt 0.9338 0.1862 0.0000
vt 0.6595 0.2067 0.0000
vt 0.9338 0.2067 0.0000
vt 0.6595 0.1452 0.0000
vt 0.6595 0.1247 0.0000
vt 0.9338 0.1247 0.0000
vt 0.9338 0.1452 0.0000
vt 0.6595 0.1862 0.0000
vt 0.6595 0.1657 0.0000
vt 0.9338 0.1657 0.0000
vt 0.9338 0.1862 0.0000
vt 0.6595 0.2067 0.0000
vt 0.9338 0.2067 0.0000
vt 0.6595 0.1452 0.0000
vt 0.6595 0.1247 0.0000
vt 0.9338 0.1247 0.0000
vt 0.9338 0.1452 0.0000
vt 0.6828 0.2814 0.0000
vt 0.6952 0.2821 0.0000
vt 0.6715 0.8103 0.0000
vt 0.6642 0.8077 0.0000
vt 0.7081 0.2823 0.0000
vt 0.6787 0.8137 0.0000
vt 0.7220 0.2814 0.0000
vt 0.6858 0.8180 0.0000
vt 0.5744 0.2710 0.0000
vt 0.5880 0.2743 0.0000
vt 0.6051 0.8082 0.0000
vt 0.5978 0.8111 0.0000
vt 0.6008 0.2761 0.0000
vt 0.6124 0.8060 0.0000
vt 0.6130 0.2771 0.0000
vt 0.6198 0.8046 0.0000
vt 0.6248 0.2778 0.0000
vt 0.6273 0.8038 0.0000
vt 0.6364 0.2784 0.0000
vt 0.6347 0.8035 0.0000
vt 0.6479 0.2790 0.0000
vt 0.6421 0.8037 0.0000
vt 0.6593 0.2797 0.0000
vt 0.6495 0.8045 0.0000
vt 0.6709 0.2806 0.0000
vt 0.6568 0.8058 0.0000
vt 0.6348 0.8318 0.0000
vt 0.6279 0.8320 0.0000
vt 0.6211 0.8327 0.0000
vt 0.6145 0.8341 0.0000
vt 0.6082 0.8362 0.0000
vt 0.6023 0.8397 0.0000
vt 0.6805 0.8451 0.0000
vt 0.6748 0.8408 0.0000
vt 0.6686 0.8377 0.0000
vt 0.6621 0.8355 0.0000
vt 0.6554 0.8338 0.0000
vt 0.6485 0.8327 0.0000
vt 0.6417 0.8320 0.0000
vt 0.6769 0.2367 0.0000
vt 0.6853 0.2362 0.0000
vt 0.6929 0.2351 0.0000
vt 0.6993 0.2326 0.0000
vt 0.5986 0.2309 0.0000
vt 0.6052 0.2331 0.0000
vt 0.6130 0.2342 0.0000
vt 0.6215 0.2348 0.0000
vt 0.6305 0.2353 0.0000
vt 0.6398 0.2357 0.0000
vt 0.6493 0.2361 0.0000
vt 0.6587 0.2364 0.0000
vt 0.6679 0.2366 0.0000
vt 0.6828 0.2814 0.0000
vt 0.6952 0.2821 0.0000
vt 0.6715 0.8103 0.0000
vt 0.6642 0.8077 0.0000
vt 0.7081 0.2823 0.0000
vt 0.6787 0.8137 0.0000
vt 0.7220 0.2814 0.0000
vt 0.6858 0.8180 0.0000
vt 0.5744 0.2710 0.0000
vt 0.5880 0.2743 0.0000
vt 0.6051 0.8082 0.0000
vt 0.5978 0.8111 0.0000
vt 0.6008 0.2761 0.0000
vt 0.6124 0.8060 0.0000
vt 0.6130 0.2771 0.0000
vt 0.6198 0.8046 0.0000
vt 0.6248 0.2778 0.0000
vt 0.6273 0.8038 0.0000
vt 0.6364 0.2784 0.0000
vt 0.6347 0.8035 0.0000
vt 0.6479 0.2790 0.0000
vt 0.6421 0.8037 0.0000
vt 0.6593 0.2797 0.0000
vt 0.6495 0.8045 0.0000
vt 0.6709 0.2806 0.0000
vt 0.6568 0.8058 0.0000
vt 0.6348 0.8318 0.0000
vt 0.6279 0.8320 0.0000
vt 0.6211 0.8327 0.0000
vt 0.6145 0.8341 0.0000
vt 0.6082 0.8362 0.0000
vt 0.6023 0.8397 0.0000
vt 0.6805 0.8451 0.0000
vt 0.6748 0.8408 0.0000
vt 0.6686 0.8377 0.0000
vt 0.6621 0.8355 0.0000
vt 0.6554 0.8338 0.0000
vt 0.6485 0.8327 0.0000
vt 0.6417 0.8320 0.0000
vt 0.6769 0.2367 0.0000
vt 0.6853 0.2362 0.0000
vt 0.6929 0.2351 0.0000
vt 0.6993 0.2326 0.0000
vt 0.5986 0.2309 0.0000
vt 0.6052 0.2331 0.0000
vt 0.6130 0.2342 0.0000
vt 0.6215 0.2348 0.0000
vt 0.6305 0.2353 0.0000
vt 0.6398 0.2357 0.0000
vt 0.6493 0.2361 0.0000
vt 0.6587 0.2364 0.0000
vt 0.6679 0.2366 0.0000
vt 0.6595 0.1862 0.0000
vt 0.6595 0.1657 0.0000
vt 0.9338 0.1657 0.0000
vt 0.9338 0.1862 0.0000
vt 0.6595 0.2067 0.0000
vt 0.9338 0.2067 0.0000
vt 0.6595 0.1452 0.0000
vt 0.6595 0.1247 0.0000
vt 0.9338 0.1247 0.0000
vt 0.9338 0.1452 0.0000
vt 0.5398 0.2714 0.0000
vt 0.5398 0.2469 0.0000
vt 0.7685 0.2469 0.0000
vt 0.7685 0.2714 0.0000
vt 0.5398 0.3270 0.0000
vt 0.5398 0.3025 0.0000
vt 0.7685 0.3025 0.0000
vt 0.7685 0.3270 0.0000
vt 0.9637 0.2156 0.0000
vt 0.9637 0.2027 0.0000
vt 0.9882 0.2027 0.0000
vt 0.9882 0.2156 0.0000
vt 0.7685 0.3361 0.0000
vt 0.7685 0.3490 0.0000
vt 0.5398 0.3490 0.0000
vt 0.5398 0.3361 0.0000
vt 0.9637 0.2326 0.0000
vt 0.9637 0.2197 0.0000
vt 0.9882 0.2197 0.0000
vt 0.9882 0.2326 0.0000
vt 0.5398 0.2934 0.0000
vt 0.5398 0.2805 0.0000
vt 0.7685 0.2805 0.0000
vt 0.7685 0.2934 0.0000
vt 0.5398 0.2990 0.0000
vt 0.5398 0.2969 0.0000
vt 0.7685 0.2969 0.0000
vt 0.7685 0.2990 0.0000
vt 0.9882 0.2007 0.0000
vt 0.9637 0.2007 0.0000
vt 0.7685 0.3305 0.0000
vt 0.7685 0.3326 0.0000
vt 0.5398 0.3326 0.0000
vt 0.5398 0.3305 0.0000
vt 0.9637 0.2346 0.0000
vt 0.9882 0.2346 0.0000
vt 0.7685 0.2414 0.0000
vt 0.7685 0.2434 0.0000
vt 0.5398 0.2434 0.0000
vt 0.5398 0.2414 0.0000
vt 0.9637 0.2176 0.0000
vt 0.9882 0.2176 0.0000
vt 0.7685 0.2770 0.0000
vt 0.5398 0.2770 0.0000
vt 0.5398 0.2749 0.0000
vt 0.7685 0.2749 0.0000
vt 0.9882 0.2176 0.0000
vt 0.9637 0.2176 0.0000
vt 0.9917 0.2326 0.0000
vt 0.9917 0.2346 0.0000
vt 0.9917 0.2007 0.0000
vt 0.9917 0.2027 0.0000
vt 0.9602 0.2027 0.0000
vt 0.9602 0.2007 0.0000
vt 0.9602 0.2346 0.0000
vt 0.9602 0.2326 0.0000
vt 0.9602 0.2176 0.0000
vt 0.9602 0.2156 0.0000
vt 0.9602 0.2197 0.0000
vt 0.9602 0.2176 0.0000
vt 0.5398 0.2378 0.0000
vt 0.7685 0.2378 0.0000
vt 0.9917 0.2176 0.0000
vt 0.9917 0.2197 0.0000
vt 0.9917 0.2156 0.0000
vt 0.9917 0.2176 0.0000
vt 0.5398 0.2714 0.0000
vt 0.5398 0.2469 0.0000
vt 0.7685 0.2469 0.0000
vt 0.7685 0.2714 0.0000
vt 0.5398 0.3270 0.0000
vt 0.5398 0.3025 0.0000
vt 0.7685 0.3025 0.0000
vt 0.7685 0.3270 0.0000
vt 0.9637 0.2156 0.0000
vt 0.9637 0.2027 0.0000
vt 0.9882 0.2027 0.0000
vt 0.9882 0.2156 0.0000
vt 0.7685 0.3361 0.0000
vt 0.7685 0.3490 0.0000
vt 0.5398 0.3490 0.0000
vt 0.5398 0.3361 0.0000
vt 0.9637 0.2326 0.0000
vt 0.9637 0.2197 0.0000
vt 0.9882 0.2197 0.0000
vt 0.9882 0.2326 0.0000
vt 0.5398 0.2934 0.0000
vt 0.5398 0.2805 0.0000
vt 0.7685 0.2805 0.0000
vt 0.7685 0.2934 0.0000
vt 0.5398 0.2990 0.0000
vt 0.5398 0.2969 0.0000
vt 0.7685 0.2969 0.0000
vt 0.7685 0.2990 0.0000
vt 0.9882 0.2007 0.0000
vt 0.9637 0.2007 0.0000
vt 0.7685 0.3305 0.0000
vt 0.7685 0.3326 0.0000
vt 0.5398 0.3326 0.0000
vt 0.5398 0.3305 0.0000
vt 0.9637 0.2346 0.0000
vt 0.9882 0.2346 0.0000
vt 0.7685 0.2414 0.0000
vt 0.7685 0.2434 0.0000
vt 0.5398 0.2434 0.0000
vt 0.5398 0.2414 0.0000
vt 0.9637 0.2176 0.0000
vt 0.9882 0.2176 0.0000
vt 0.7685 0.2770 0.0000
vt 0.5398 0.2770 0.0000
vt 0.5398 0.2749 0.0000
vt 0.7685 0.2749 0.0000
vt 0.9882 0.2176 0.0000
vt 0.9637 0.2176 0.0000
vt 0.9917 0.2326 0.0000
vt 0.9917 0.2346 0.0000
vt 0.9917 0.2007 0.0000
vt 0.9917 0.2027 0.0000
vt 0.9602 0.2027 0.0000
vt 0.9602 0.2007 0.0000
vt 0.9602 0.2346 0.0000
vt 0.9602 0.2326 0.0000
vt 0.9602 0.2176 0.0000
vt 0.9602 0.2156 0.0000
vt 0.9602 0.2197 0.0000
vt 0.9602 0.2176 0.0000
vt 0.5398 0.2378 0.0000
vt 0.7685 0.2378 0.0000
vt 0.9917 0.2176 0.0000
vt 0.9917 0.2197 0.0000
vt 0.9917 0.2156 0.0000
vt 0.9917 0.2176 0.0000
vt 0.6558 0.3725 0.0000
vt 0.6623 0.3719 0.0000
vt 0.6642 0.3888 0.0000
vt 0.6572 0.3895 0.0000
vt 0.6106 0.3719 0.0000
vt 0.6170 0.3725 0.0000
vt 0.6156 0.3895 0.0000
vt 0.6087 0.3888 0.0000
vt 0.6235 0.3730 0.0000
vt 0.6225 0.3900 0.0000
vt 0.6299 0.3732 0.0000
vt 0.6295 0.3902 0.0000
vt 0.6364 0.3733 0.0000
vt 0.6364 0.3903 0.0000
vt 0.6429 0.3732 0.0000
vt 0.6434 0.3902 0.0000
vt 0.6494 0.3730 0.0000
vt 0.6503 0.3900 0.0000
vt 0.9777 0.2900 0.0000
vt 0.9847 0.2926 0.0000
vt 0.9792 0.3057 0.0000
vt 0.9734 0.3036 0.0000
vt 0.9705 0.2880 0.0000
vt 0.9673 0.3020 0.0000
vt 0.9631 0.2867 0.0000
vt 0.9612 0.3009 0.0000
vt 0.9556 0.2860 0.0000
vt 0.9550 0.3003 0.0000
vt 0.9481 0.2860 0.0000
vt 0.9487 0.3003 0.0000
vt 0.9406 0.2867 0.0000
vt 0.9425 0.3009 0.0000
vt 0.9915 0.2958 0.0000
vt 0.9980 0.2996 0.0000
vt 0.9902 0.3116 0.0000
vt 0.9848 0.3084 0.0000
vt 0.9419 0.9654 0.0000
vt 0.9423 0.9787 0.0000
vt 0.9236 0.9797 0.0000
vt 0.9234 0.9662 0.0000
vt 0.9610 0.9643 0.0000
vt 0.9615 0.9772 0.0000
vt 0.9808 0.9609 0.0000
vt 0.9831 0.9763 0.0000
vt 0.8281 0.9779 0.0000
vt 0.8278 0.9622 0.0000
vt 0.8492 0.9641 0.0000
vt 0.8482 0.9770 0.0000
vt 0.8684 0.9649 0.0000
vt 0.8673 0.9782 0.0000
vt 0.8869 0.9657 0.0000
vt 0.8860 0.9792 0.0000
vt 0.9052 0.9663 0.0000
vt 0.9047 0.9799 0.0000
vt 0.9429 0.9864 0.0000
vt 0.9613 0.9857 0.0000
vt 0.9241 0.9888 0.0000
vt 0.9050 0.9884 0.0000
vt 0.8862 0.9877 0.0000
vt 0.8676 0.9866 0.0000
vt 0.8494 0.9854 0.0000
vt 0.8334 0.9866 0.0000
vt 0.9783 0.9860 0.0000
vt 0.9407 0.9557 0.0000
vt 0.9583 0.9549 0.0000
vt 0.9733 0.9517 0.0000
vt 0.8508 0.9541 0.0000
vt 0.8350 0.9517 0.0000
vt 0.8686 0.9550 0.0000
vt 0.8867 0.9558 0.0000
vt 0.9048 0.9563 0.0000
vt 0.9227 0.9562 0.0000
vt 0.9338 0.1657 0.0000
vt 0.9338 0.1760 0.0000
vt 0.6595 0.1760 0.0000
vt 0.6595 0.1657 0.0000
vt 0.9338 0.1862 0.0000
vt 0.6595 0.1862 0.0000
vt 0.9338 0.1965 0.0000
vt 0.6595 0.1965 0.0000
vt 0.9338 0.2067 0.0000
vt 0.6595 0.2067 0.0000
vt 0.9338 0.1247 0.0000
vt 0.9338 0.1350 0.0000
vt 0.6595 0.1350 0.0000
vt 0.6595 0.1247 0.0000
vt 0.9338 0.1452 0.0000
vt 0.6595 0.1452 0.0000
vt 0.9338 0.1555 0.0000
vt 0.6595 0.1555 0.0000
vt 0.6828 0.2814 0.0000
vt 0.6952 0.2821 0.0000
vt 0.6715 0.8103 0.0000
vt 0.6642 0.8077 0.0000
vt 0.7081 0.2823 0.0000
vt 0.6787 0.8137 0.0000
vt 0.7220 0.2814 0.0000
vt 0.6858 0.8180 0.0000
vt 0.5744 0.2710 0.0000
vt 0.5880 0.2743 0.0000
vt 0.6051 0.8082 0.0000
vt 0.5978 0.8111 0.0000
vt 0.6008 0.2761 0.0000
vt 0.6124 0.8060 0.0000
vt 0.6130 0.2771 0.0000
vt 0.6198 0.8046 0.0000
vt 0.6248 0.2778 0.0000
vt 0.6273 0.8038 0.0000
vt 0.6364 0.2784 0.0000
vt 0.6347 0.8035 0.0000
vt 0.6479 0.2790 0.0000
vt 0.6421 0.8037 0.0000
vt 0.6593 0.2797 0.0000
vt 0.6495 0.8045 0.0000
vt 0.6709 0.2806 0.0000
vt 0.6568 0.8058 0.0000
vt 0.6348 0.8318 0.0000
vt 0.6279 0.8320 0.0000
vt 0.6211 0.8327 0.0000
vt 0.6145 0.8341 0.0000
vt 0.6082 0.8362 0.0000
vt 0.6023 0.8397 0.0000
vt 0.6805 0.8451 0.0000
vt 0.6748 0.8408 0.0000
vt 0.6686 0.8377 0.0000
vt 0.6621 0.8355 0.0000
vt 0.6554 0.8338 0.0000
vt 0.6485 0.8327 0.0000
vt 0.6417 0.8320 0.0000
vt 0.6769 0.2367 0.0000
vt 0.6853 0.2362 0.0000
vt 0.6929 0.2351 0.0000
vt 0.6993 0.2326 0.0000
vt 0.5986 0.2309 0.0000
vt 0.6052 0.2331 0.0000
vt 0.6130 0.2342 0.0000
vt 0.6215 0.2348 0.0000
vt 0.6305 0.2353 0.0000
vt 0.6398 0.2357 0.0000
vt 0.6493 0.2361 0.0000
vt 0.6587 0.2364 0.0000
vt 0.6679 0.2366 0.0000
vt 0.6558 0.3725 0.0000
vt 0.6623 0.3719 0.0000
vt 0.6642 0.3888 0.0000
vt 0.6572 0.3895 0.0000
vt 0.6106 0.3719 0.0000
vt 0.6170 0.3725 0.0000
vt 0.6156 0.3895 0.0000
vt 0.6087 0.3888 0.0000
vt 0.6235 0.3730 0.0000
vt 0.6225 0.3900 0.0000
vt 0.6299 0.3732 0.0000
vt 0.6295 0.3902 0.0000
vt 0.6364 0.3733 0.0000
vt 0.6364 0.3903 0.0000
vt 0.6429 0.3732 0.0000
vt 0.6434 0.3902 0.0000
vt 0.6494 0.3730 0.0000
vt 0.6503 0.3900 0.0000
vt 0.9777 0.2900 0.0000
vt 0.9847 0.2926 0.0000
vt 0.9792 0.3057 0.0000
vt 0.9734 0.3036 0.0000
vt 0.9705 0.2880 0.0000
vt 0.9673 0.3020 0.0000
vt 0.9631 0.2867 0.0000
vt 0.9612 0.3009 0.0000
vt 0.9556 0.2860 0.0000
vt 0.9550 0.3003 0.0000
vt 0.9481 0.2860 0.0000
vt 0.9487 0.3003 0.0000
vt 0.9406 0.2867 0.0000
vt 0.9425 0.3009 0.0000
vt 0.9915 0.2958 0.0000
vt 0.9980 0.2996 0.0000
vt 0.9902 0.3116 0.0000
vt 0.9848 0.3084 0.0000
vt 0.9419 0.9654 0.0000
vt 0.9423 0.9787 0.0000
vt 0.9236 0.9797 0.0000
vt 0.9234 0.9662 0.0000
vt 0.9610 0.9643 0.0000
vt 0.9615 0.9772 0.0000
vt 0.9808 0.9609 0.0000
vt 0.9831 0.9763 0.0000
vt 0.8281 0.9779 0.0000
vt 0.8278 0.9622 0.0000
vt 0.8492 0.9641 0.0000
vt 0.8482 0.9770 0.0000
vt 0.8684 0.9649 0.0000
vt 0.8673 0.9782 0.0000
vt 0.8869 0.9657 0.0000
vt 0.8860 0.9792 0.0000
vt 0.9052 0.9663 0.0000
vt 0.9047 0.9799 0.0000
vt 0.9429 0.9864 0.0000
vt 0.9613 0.9857 0.0000
vt 0.9241 0.9888 0.0000
vt 0.9050 0.9884 0.0000
vt 0.8862 0.9877 0.0000
vt 0.8676 0.9866 0.0000
vt 0.8494 0.9854 0.0000
vt 0.8334 0.9866 0.0000
vt 0.9783 0.9860 0.0000
vt 0.9407 0.9557 0.0000
vt 0.9583 0.9549 0.0000
vt 0.9733 0.9517 0.0000
vt 0.8508 0.9541 0.0000
vt 0.8350 0.9517 0.0000
vt 0.8686 0.9550 0.0000
vt 0.8867 0.9558 0.0000
vt 0.9048 0.9563 0.0000
vt 0.9227 0.9562 0.0000
vt 0.6595 0.1965 0.0000
vt 0.6595 0.1760 0.0000
vt 0.9338 0.1760 0.0000
vt 0.9338 0.1965 0.0000
vt 0.6595 0.1350 0.0000
vt 0.9338 0.1350 0.0000
vt 0.6595 0.1555 0.0000
vt 0.9338 0.1555 0.0000
vt 0.6828 0.2814 0.0000
vt 0.6952 0.2821 0.0000
vt 0.6715 0.8103 0.0000
vt 0.6642 0.8077 0.0000
vt 0.7081 0.2823 0.0000
vt 0.6787 0.8137 0.0000
vt 0.7220 0.2814 0.0000
vt 0.6858 0.8180 0.0000
vt 0.5744 0.2710 0.0000
vt 0.5880 0.2743 0.0000
vt 0.6051 0.8082 0.0000
vt 0.5978 0.8111 0.0000
vt 0.6008 0.2761 0.0000
vt 0.6124 0.8060 0.0000
vt 0.6130 0.2771 0.0000
vt 0.6198 0.8046 0.0000
vt 0.6248 0.2778 0.0000
vt 0.6273 0.8038 0.0000
vt 0.6364 0.2784 0.0000
vt 0.6347 0.8035 0.0000
vt 0.6479 0.2790 0.0000
vt 0.6421 0.8037 0.0000
vt 0.6593 0.2797 0.0000
vt 0.6495 0.8045 0.0000
vt 0.6709 0.2806 0.0000
vt 0.6568 0.8058 0.0000
vt 0.6348 0.8318 0.0000
vt 0.6279 0.8320 0.0000
vt 0.6211 0.8327 0.0000
vt 0.6145 0.8341 0.0000
vt 0.6082 0.8362 0.0000
vt 0.6023 0.8397 0.0000
vt 0.6805 0.8451 0.0000
vt 0.6748 0.8408 0.0000
vt 0.6686 0.8377 0.0000
vt 0.6621 0.8355 0.0000
vt 0.6554 0.8338 0.0000
vt 0.6485 0.8327 0.0000
vt 0.6417 0.8320 0.0000
vt 0.6769 0.2367 0.0000
vt 0.6853 0.2362 0.0000
vt 0.6929 0.2351 0.0000
vt 0.6993 0.2326 0.0000
vt 0.5986 0.2309 0.0000
vt 0.6052 0.2331 0.0000
vt 0.6130 0.2342 0.0000
vt 0.6215 0.2348 0.0000
vt 0.6305 0.2353 0.0000
vt 0.6398 0.2357 0.0000
vt 0.6493 0.2361 0.0000
vt 0.6587 0.2364 0.0000
vt 0.6679 0.2366 0.0000
vt 0.6558 0.3725 0.0000
vt 0.6623 0.3719 0.0000
vt 0.6642 0.3888 0.0000
vt 0.6572 0.3895 0.0000
vt 0.6106 0.3719 0.0000
vt 0.6170 0.3725 0.0000
vt 0.6156 0.3895 0.0000
vt 0.6087 0.3888 0.0000
vt 0.6235 0.3730 0.0000
vt 0.6225 0.3900 0.0000
vt 0.6299 0.3732 0.0000
vt 0.6295 0.3902 0.0000
vt 0.6364 0.3733 0.0000
vt 0.6364 0.3903 0.0000
vt 0.6429 0.3732 0.0000
vt 0.6434 0.3902 0.0000
vt 0.6494 0.3730 0.0000
vt 0.6503 0.3900 0.0000
vt 0.9777 0.2900 0.0000
vt 0.9847 0.2926 0.0000
vt 0.9792 0.3057 0.0000
vt 0.9734 0.3036 0.0000
vt 0.9705 0.2880 0.0000
vt 0.9673 0.3020 0.0000
vt 0.9631 0.2867 0.0000
vt 0.9612 0.3009 0.0000
vt 0.9556 0.2860 0.0000
vt 0.9550 0.3003 0.0000
vt 0.9481 0.2860 0.0000
vt 0.9487 0.3003 0.0000
vt 0.9406 0.2867 0.0000
vt 0.9425 0.3009 0.0000
vt 0.9915 0.2958 0.0000
vt 0.9980 0.2996 0.0000
vt 0.9902 0.3116 0.0000
vt 0.9848 0.3084 0.0000
vt 0.9419 0.9654 0.0000
vt 0.9423 0.9787 0.0000
vt 0.9236 0.9797 0.0000
vt 0.9234 0.9662 0.0000
vt 0.9610 0.9643 0.0000
vt 0.9615 0.9772 0.0000
vt 0.9808 0.9609 0.0000
vt 0.9831 0.9763 0.0000
vt 0.8281 0.9779 0.0000
vt 0.8278 0.9622 0.0000
vt 0.8492 0.9641 0.0000
vt 0.8482 0.9770 0.0000
vt 0.8684 0.9649 0.0000
vt 0.8673 0.9782 0.0000
vt 0.8869 0.9657 0.0000
vt 0.8860 0.9792 0.0000
vt 0.9052 0.9663 0.0000
vt 0.9047 0.9799 0.0000
vt 0.9429 0.9864 0.0000
vt 0.9613 0.9857 0.0000
vt 0.9241 0.9888 0.0000
vt 0.9050 0.9884 0.0000
vt 0.8862 0.9877 0.0000
vt 0.8676 0.9866 0.0000
vt 0.8494 0.9854 0.0000
vt 0.8334 0.9866 0.0000
vt 0.9783 0.9860 0.0000
vt 0.9407 0.9557 0.0000
vt 0.9583 0.9549 0.0000
vt 0.9733 0.9517 0.0000
vt 0.8508 0.9541 0.0000
vt 0.8350 0.9517 0.0000
vt 0.8686 0.9550 0.0000
vt 0.8867 0.9558 0.0000
vt 0.9048 0.9563 0.0000
vt 0.9227 0.9562 0.0000
vt 0.6828 0.2814 0.0000
vt 0.6952 0.2821 0.0000
vt 0.6715 0.8103 0.0000
vt 0.6642 0.8077 0.0000
vt 0.7081 0.2823 0.0000
vt 0.6787 0.8137 0.0000
vt 0.7220 0.2814 0.0000
vt 0.6858 0.8180 0.0000
vt 0.5744 0.2710 0.0000
vt 0.5880 0.2743 0.0000
vt 0.6051 0.8082 0.0000
vt 0.5978 0.8111 0.0000
vt 0.6008 0.2761 0.0000
vt 0.6124 0.8060 0.0000
vt 0.6130 0.2771 0.0000
vt 0.6198 0.8046 0.0000
vt 0.6248 0.2778 0.0000
vt 0.6273 0.8038 0.0000
vt 0.6364 0.2784 0.0000
vt 0.6347 0.8035 0.0000
vt 0.6479 0.2790 0.0000
vt 0.6421 0.8037 0.0000
vt 0.6593 0.2797 0.0000
vt 0.6495 0.8045 0.0000
vt 0.6709 0.2806 0.0000
vt 0.6568 0.8058 0.0000
vt 0.6348 0.8318 0.0000
vt 0.6279 0.8320 0.0000
vt 0.6211 0.8327 0.0000
vt 0.6145 0.8341 0.0000
vt 0.6082 0.8362 0.0000
vt 0.6023 0.8397 0.0000
vt 0.6805 0.8451 0.0000
vt 0.6748 0.8408 0.0000
vt 0.6686 0.8377 0.0000
vt 0.6621 0.8355 0.0000
vt 0.6554 0.8338 0.0000
vt 0.6485 0.8327 0.0000
vt 0.6417 0.8320 0.0000
vt 0.6769 0.2367 0.0000
vt 0.6853 0.2362 0.0000
vt 0.6929 0.2351 0.0000
vt 0.6993 0.2326 0.0000
vt 0.5986 0.2309 0.0000
vt 0.6052 0.2331 0.0000
vt 0.6130 0.2342 0.0000
vt 0.6215 0.2348 0.0000
vt 0.6305 0.2353 0.0000
vt 0.6398 0.2357 0.0000
vt 0.6493 0.2361 0.0000
vt 0.6587 0.2364 0.0000
vt 0.6679 0.2366 0.0000
vt 0.9338 0.1657 0.0000
vt 0.9338 0.1760 0.0000
vt 0.6595 0.1760 0.0000
vt 0.6595 0.1657 0.0000
vt 0.9338 0.1862 0.0000
vt 0.6595 0.1862 0.0000
vt 0.9338 0.1965 0.0000
vt 0.6595 0.1965 0.0000
vt 0.9338 0.2067 0.0000
vt 0.6595 0.2067 0.0000
vt 0.9338 0.1247 0.0000
vt 0.9338 0.1350 0.0000
vt 0.6595 0.1350 0.0000
vt 0.6595 0.1247 0.0000
vt 0.9338 0.1452 0.0000
vt 0.6595 0.1452 0.0000
vt 0.9338 0.1555 0.0000
vt 0.6595 0.1555 0.0000
vt 0.5398 0.2714 0.0000
vt 0.5398 0.2469 0.0000
vt 0.7685 0.2469 0.0000
vt 0.7685 0.2714 0.0000
vt 0.5398 0.3270 0.0000
vt 0.5398 0.3025 0.0000
vt 0.7685 0.3025 0.0000
vt 0.7685 0.3270 0.0000
vt 0.9637 0.2156 0.0000
vt 0.9637 0.2027 0.0000
vt 0.9882 0.2027 0.0000
vt 0.9882 0.2156 0.0000
vt 0.7685 0.3361 0.0000
vt 0.7685 0.3490 0.0000
vt 0.5398 0.3490 0.0000
vt 0.5398 0.3361 0.0000
vt 0.9637 0.2326 0.0000
vt 0.9637 0.2197 0.0000
vt 0.9882 0.2197 0.0000
vt 0.9882 0.2326 0.0000
vt 0.5398 0.2934 0.0000
vt 0.5398 0.2805 0.0000
vt 0.7685 0.2805 0.0000
vt 0.7685 0.2934 0.0000
vt 0.5398 0.2990 0.0000
vt 0.5398 0.2969 0.0000
vt 0.7685 0.2969 0.0000
vt 0.7685 0.2990 0.0000
vt 0.9882 0.2007 0.0000
vt 0.9637 0.2007 0.0000
vt 0.7685 0.3305 0.0000
vt 0.7685 0.3326 0.0000
vt 0.5398 0.3326 0.0000
vt 0.5398 0.3305 0.0000
vt 0.9637 0.2346 0.0000
vt 0.9882 0.2346 0.0000
vt 0.7685 0.2414 0.0000
vt 0.7685 0.2434 0.0000
vt 0.5398 0.2434 0.0000
vt 0.5398 0.2414 0.0000
vt 0.9637 0.2176 0.0000
vt 0.9882 0.2176 0.0000
vt 0.7685 0.2770 0.0000
vt 0.5398 0.2770 0.0000
vt 0.5398 0.2749 0.0000
vt 0.7685 0.2749 0.0000
vt 0.9882 0.2176 0.0000
vt 0.9637 0.2176 0.0000
vt 0.9917 0.2326 0.0000
vt 0.9917 0.2346 0.0000
vt 0.9917 0.2007 0.0000
vt 0.9917 0.2027 0.0000
vt 0.9602 0.2027 0.0000
vt 0.9602 0.2007 0.0000
vt 0.9602 0.2346 0.0000
vt 0.9602 0.2326 0.0000
vt 0.9602 0.2176 0.0000
vt 0.9602 0.2156 0.0000
vt 0.9602 0.2197 0.0000
vt 0.9602 0.2176 0.0000
vt 0.5398 0.2378 0.0000
vt 0.7685 0.2378 0.0000
vt 0.9917 0.2176 0.0000
vt 0.9917 0.2197 0.0000
vt 0.9917 0.2156 0.0000
vt 0.9917 0.2176 0.0000
vt 0.5398 0.2714 0.0000
vt 0.5398 0.2469 0.0000
vt 0.7685 0.2469 0.0000
vt 0.7685 0.2714 0.0000
vt 0.5398 0.3270 0.0000
vt 0.5398 0.3025 0.0000
vt 0.7685 0.3025 0.0000
vt 0.7685 0.3270 0.0000
vt 0.9637 0.2156 0.0000
vt 0.9637 0.2027 0.0000
vt 0.9882 0.2027 0.0000
vt 0.9882 0.2156 0.0000
vt 0.7685 0.3361 0.0000
vt 0.7685 0.3490 0.0000
vt 0.5398 0.3490 0.0000
vt 0.5398 0.3361 0.0000
vt 0.9637 0.2326 0.0000
vt 0.9637 0.2197 0.0000
vt 0.9882 0.2197 0.0000
vt 0.9882 0.2326 0.0000
vt 0.5398 0.2934 0.0000
vt 0.5398 0.2805 0.0000
vt 0.7685 0.2805 0.0000
vt 0.7685 0.2934 0.0000
vt 0.5398 0.2990 0.0000
vt 0.5398 0.2969 0.0000
vt 0.7685 0.2969 0.0000
vt 0.7685 0.2990 0.0000
vt 0.9882 0.2007 0.0000
vt 0.9637 0.2007 0.0000
vt 0.7685 0.3305 0.0000
vt 0.7685 0.3326 0.0000
vt 0.5398 0.3326 0.0000
vt 0.5398 0.3305 0.0000
vt 0.9637 0.2346 0.0000
vt 0.9882 0.2346 0.0000
vt 0.7685 0.2414 0.0000
vt 0.7685 0.2434 0.0000
vt 0.5398 0.2434 0.0000
vt 0.5398 0.2414 0.0000
vt 0.9637 0.2176 0.0000
vt 0.9882 0.2176 0.0000
vt 0.7685 0.2770 0.0000
vt 0.5398 0.2770 0.0000
vt 0.5398 0.2749 0.0000
vt 0.7685 0.2749 0.0000
vt 0.9882 0.2176 0.0000
vt 0.9637 0.2176 0.0000
vt 0.9917 0.2326 0.0000
vt 0.9917 0.2346 0.0000
vt 0.9917 0.2007 0.0000
vt 0.9917 0.2027 0.0000
vt 0.9602 0.2027 0.0000
vt 0.9602 0.2007 0.0000
vt 0.9602 0.2346 0.0000
vt 0.9602 0.2326 0.0000
vt 0.9602 0.2176 0.0000
vt 0.9602 0.2156 0.0000
vt 0.9602 0.2197 0.0000
vt 0.9602 0.2176 0.0000
vt 0.5398 0.2378 0.0000
vt 0.7685 0.2378 0.0000
vt 0.9917 0.2176 0.0000
vt 0.9917 0.2197 0.0000
vt 0.9917 0.2156 0.0000
vt 0.9917 0.2176 0.0000
vt 0.4837 0.2714 0.0000
vt 0.4837 0.2469 0.0000
vt 0.8246 0.2469 0.0000
vt 0.8246 0.2714 0.0000
vt 0.4837 0.3270 0.0000
vt 0.4837 0.3025 0.0000
vt 0.8246 0.3025 0.0000
vt 0.8246 0.3270 0.0000
vt 0.9637 0.2156 0.0000
vt 0.9637 0.2027 0.0000
vt 0.9882 0.2027 0.0000
vt 0.9882 0.2156 0.0000
vt 0.8246 0.3361 0.0000
vt 0.8246 0.3490 0.0000
vt 0.4837 0.3490 0.0000
vt 0.4837 0.3361 0.0000
vt 0.9637 0.2326 0.0000
vt 0.9637 0.2197 0.0000
vt 0.9882 0.2197 0.0000
vt 0.9882 0.2326 0.0000
vt 0.4837 0.2934 0.0000
vt 0.4837 0.2805 0.0000
vt 0.8246 0.2805 0.0000
vt 0.8246 0.2934 0.0000
vt 0.4837 0.2990 0.0000
vt 0.4837 0.2969 0.0000
vt 0.8246 0.2969 0.0000
vt 0.8246 0.2990 0.0000
vt 0.9882 0.2007 0.0000
vt 0.9637 0.2007 0.0000
vt 0.8246 0.3305 0.0000
vt 0.8246 0.3326 0.0000
vt 0.4837 0.3326 0.0000
vt 0.4837 0.3305 0.0000
vt 0.9637 0.2346 0.0000
vt 0.9882 0.2346 0.0000
vt 0.8246 0.2414 0.0000
vt 0.8246 0.2434 0.0000
vt 0.4837 0.2434 0.0000
vt 0.4837 0.2414 0.0000
vt 0.9637 0.2176 0.0000
vt 0.9882 0.2176 0.0000
vt 0.8246 0.2770 0.0000
vt 0.4837 0.2770 0.0000
vt 0.4837 0.2749 0.0000
vt 0.8246 0.2749 0.0000
vt 0.9882 0.2176 0.0000
vt 0.9637 0.2176 0.0000
vt 0.9917 0.2326 0.0000
vt 0.9917 0.2346 0.0000
vt 0.9917 0.2007 0.0000
vt 0.9917 0.2027 0.0000
vt 0.9602 0.2027 0.0000
vt 0.9602 0.2007 0.0000
vt 0.9602 0.2346 0.0000
vt 0.9602 0.2326 0.0000
vt 0.9602 0.2176 0.0000
vt 0.9602 0.2156 0.0000
vt 0.9602 0.2197 0.0000
vt 0.9602 0.2176 0.0000
vt 0.4837 0.2378 0.0000
vt 0.8246 0.2378 0.0000
vt 0.9917 0.2176 0.0000
vt 0.9917 0.2197 0.0000
vt 0.9917 0.2156 0.0000
vt 0.9917 0.2176 0.0000
vt 0.9338 0.1657 0.0000
vt 0.9338 0.1760 0.0000
vt 0.6595 0.1760 0.0000
vt 0.6595 0.1657 0.0000
vt 0.9338 0.1862 0.0000
vt 0.6595 0.1862 0.0000
vt 0.9338 0.1965 0.0000
vt 0.6595 0.1965 0.0000
vt 0.9338 0.2067 0.0000
vt 0.6595 0.2067 0.0000
vt 0.9338 0.1247 0.0000
vt 0.9338 0.1350 0.0000
vt 0.6595 0.1350 0.0000
vt 0.6595 0.1247 0.0000
vt 0.9338 0.1452 0.0000
vt 0.6595 0.1452 0.0000
vt 0.9338 0.1555 0.0000
vt 0.6595 0.1555 0.0000
vt 0.4837 0.2714 0.0000
vt 0.4837 0.2469 0.0000
vt 0.8246 0.2469 0.0000
vt 0.8246 0.2714 0.0000
vt 0.4837 0.3270 0.0000
vt 0.4837 0.3025 0.0000
vt 0.8246 0.3025 0.0000
vt 0.8246 0.3270 0.0000
vt 0.9637 0.2156 0.0000
vt 0.9637 0.2027 0.0000
vt 0.9882 0.2027 0.0000
vt 0.9882 0.2156 0.0000
vt 0.8246 0.3361 0.0000
vt 0.8246 0.3490 0.0000
vt 0.4837 0.3490 0.0000
vt 0.4837 0.3361 0.0000
vt 0.9637 0.2326 0.0000
vt 0.9637 0.2197 0.0000
vt 0.9882 0.2197 0.0000
vt 0.9882 0.2326 0.0000
vt 0.4837 0.2934 0.0000
vt 0.4837 0.2805 0.0000
vt 0.8246 0.2805 0.0000
vt 0.8246 0.2934 0.0000
vt 0.4837 0.2990 0.0000
vt 0.4837 0.2969 0.0000
vt 0.8246 0.2969 0.0000
vt 0.8246 0.2990 0.0000
vt 0.9882 0.2007 0.0000
vt 0.9637 0.2007 0.0000
vt 0.8246 0.3305 0.0000
vt 0.8246 0.3326 0.0000
vt 0.4837 0.3326 0.0000
vt 0.4837 0.3305 0.0000
vt 0.9637 0.2346 0.0000
vt 0.9882 0.2346 0.0000
vt 0.8246 0.2414 0.0000
vt 0.8246 0.2434 0.0000
vt 0.4837 0.2434 0.0000
vt 0.4837 0.2414 0.0000
vt 0.9637 0.2176 0.0000
vt 0.9882 0.2176 0.0000
vt 0.8246 0.2770 0.0000
vt 0.4837 0.2770 0.0000
vt 0.4837 0.2749 0.0000
vt 0.8246 0.2749 0.0000
vt 0.9882 0.2176 0.0000
vt 0.9637 0.2176 0.0000
vt 0.9917 0.2326 0.0000
vt 0.9917 0.2346 0.0000
vt 0.9917 0.2007 0.0000
vt 0.9917 0.2027 0.0000
vt 0.9602 0.2027 0.0000
vt 0.9602 0.2007 0.0000
vt 0.9602 0.2346 0.0000
vt 0.9602 0.2326 0.0000
vt 0.9602 0.2176 0.0000
vt 0.9602 0.2156 0.0000
vt 0.9602 0.2197 0.0000
vt 0.9602 0.2176 0.0000
vt 0.4837 0.2378 0.0000
vt 0.8246 0.2378 0.0000
vt 0.9917 0.2176 0.0000
vt 0.9917 0.2197 0.0000
vt 0.9917 0.2156 0.0000
vt 0.9917 0.2176 0.0000
vt 0.6828 0.2814 0.0000
vt 0.6952 0.2821 0.0000
vt 0.6715 0.8103 0.0000
vt 0.6642 0.8077 0.0000
vt 0.7081 0.2823 0.0000
vt 0.6787 0.8137 0.0000
vt 0.7220 0.2814 0.0000
vt 0.6858 0.8180 0.0000
vt 0.5744 0.2710 0.0000
vt 0.5880 0.2743 0.0000
vt 0.6051 0.8082 0.0000
vt 0.5978 0.8111 0.0000
vt 0.6008 0.2761 0.0000
vt 0.6124 0.8060 0.0000
vt 0.6130 0.2771 0.0000
vt 0.6198 0.8046 0.0000
vt 0.6248 0.2778 0.0000
vt 0.6273 0.8038 0.0000
vt 0.6364 0.2784 0.0000
vt 0.6347 0.8035 0.0000
vt 0.6479 0.2790 0.0000
vt 0.6421 0.8037 0.0000
vt 0.6593 0.2797 0.0000
vt 0.6495 0.8045 0.0000
vt 0.6709 0.2806 0.0000
vt 0.6568 0.8058 0.0000
vt 0.6348 0.8318 0.0000
vt 0.6279 0.8320 0.0000
vt 0.6211 0.8327 0.0000
vt 0.6145 0.8341 0.0000
vt 0.6082 0.8362 0.0000
vt 0.6023 0.8397 0.0000
vt 0.6805 0.8451 0.0000
vt 0.6748 0.8408 0.0000
vt 0.6686 0.8377 0.0000
vt 0.6621 0.8355 0.0000
vt 0.6554 0.8338 0.0000
vt 0.6485 0.8327 0.0000
vt 0.6417 0.8320 0.0000
vt 0.6769 0.2367 0.0000
vt 0.6853 0.2362 0.0000
vt 0.6929 0.2351 0.0000
vt 0.6993 0.2326 0.0000
vt 0.5986 0.2309 0.0000
vt 0.6052 0.2331 0.0000
vt 0.6130 0.2342 0.0000
vt 0.6215 0.2348 0.0000
vt 0.6305 0.2353 0.0000
vt 0.6398 0.2357 0.0000
vt 0.6493 0.2361 0.0000
vt 0.6587 0.2364 0.0000
vt 0.6679 0.2366 0.0000
vt 0.6595 0.1965 0.0000
vt 0.6595 0.1760 0.0000
vt 0.9338 0.1760 0.0000
vt 0.9338 0.1965 0.0000
vt 0.6595 0.1350 0.0000
vt 0.9338 0.1350 0.0000
vt 0.6595 0.1555 0.0000
vt 0.9338 0.1555 0.0000
vt 0.9338 0.1657 0.0000
vt 0.9338 0.1760 0.0000
vt 0.6595 0.1760 0.0000
vt 0.6595 0.1657 0.0000
vt 0.9338 0.1862 0.0000
vt 0.6595 0.1862 0.0000
vt 0.9338 0.1965 0.0000
vt 0.6595 0.1965 0.0000
vt 0.9338 0.2067 0.0000
vt 0.6595 0.2067 0.0000
vt 0.9338 0.1247 0.0000
vt 0.9338 0.1350 0.0000
vt 0.6595 0.1350 0.0000
vt 0.6595 0.1247 0.0000
vt 0.9338 0.1452 0.0000
vt 0.6595 0.1452 0.0000
vt 0.9338 0.1555 0.0000
vt 0.6595 0.1555 0.0000
vt 0.5398 0.2714 0.0000
vt 0.5398 0.2469 0.0000
vt 0.7685 0.2469 0.0000
vt 0.7685 0.2714 0.0000
vt 0.5398 0.3270 0.0000
vt 0.5398 0.3025 0.0000
vt 0.7685 0.3025 0.0000
vt 0.7685 0.3270 0.0000
vt 0.9637 0.2156 0.0000
vt 0.9637 0.2027 0.0000
vt 0.9882 0.2027 0.0000
vt 0.9882 0.2156 0.0000
vt 0.7685 0.3361 0.0000
vt 0.7685 0.3490 0.0000
vt 0.5398 0.3490 0.0000
vt 0.5398 0.3361 0.0000
vt 0.9637 0.2326 0.0000
vt 0.9637 0.2197 0.0000
vt 0.9882 0.2197 0.0000
vt 0.9882 0.2326 0.0000
vt 0.5398 0.2934 0.0000
vt 0.5398 0.2805 0.0000
vt 0.7685 0.2805 0.0000
vt 0.7685 0.2934 0.0000
vt 0.5398 0.2990 0.0000
vt 0.5398 0.2969 0.0000
vt 0.7685 0.2969 0.0000
vt 0.7685 0.2990 0.0000
vt 0.9882 0.2007 0.0000
vt 0.9637 0.2007 0.0000
vt 0.7685 0.3305 0.0000
vt 0.7685 0.3326 0.0000
vt 0.5398 0.3326 0.0000
vt 0.5398 0.3305 0.0000
vt 0.9637 0.2346 0.0000
vt 0.9882 0.2346 0.0000
vt 0.7685 0.2414 0.0000
vt 0.7685 0.2434 0.0000
vt 0.5398 0.2434 0.0000
vt 0.5398 0.2414 0.0000
vt 0.9637 0.2176 0.0000
vt 0.9882 0.2176 0.0000
vt 0.7685 0.2770 0.0000
vt 0.5398 0.2770 0.0000
vt 0.5398 0.2749 0.0000
vt 0.7685 0.2749 0.0000
vt 0.9882 0.2176 0.0000
vt 0.9637 0.2176 0.0000
vt 0.9917 0.2326 0.0000
vt 0.9917 0.2346 0.0000
vt 0.9917 0.2007 0.0000
vt 0.9917 0.2027 0.0000
vt 0.9602 0.2027 0.0000
vt 0.9602 0.2007 0.0000
vt 0.9602 0.2346 0.0000
vt 0.9602 0.2326 0.0000
vt 0.9602 0.2176 0.0000
vt 0.9602 0.2156 0.0000
vt 0.9602 0.2197 0.0000
vt 0.9602 0.2176 0.0000
vt 0.5398 0.2378 0.0000
vt 0.7685 0.2378 0.0000
vt 0.9917 0.2176 0.0000
vt 0.9917 0.2197 0.0000
vt 0.9917 0.2156 0.0000
vt 0.9917 0.2176 0.0000
vt 0.6558 0.3725 0.0000
vt 0.6623 0.3719 0.0000
vt 0.6642 0.3888 0.0000
vt 0.6572 0.3895 0.0000
vt 0.6106 0.3719 0.0000
vt 0.6170 0.3725 0.0000
vt 0.6156 0.3895 0.0000
vt 0.6087 0.3888 0.0000
vt 0.6235 0.3730 0.0000
vt 0.6225 0.3900 0.0000
vt 0.6299 0.3732 0.0000
vt 0.6295 0.3902 0.0000
vt 0.6364 0.3733 0.0000
vt 0.6364 0.3903 0.0000
vt 0.6429 0.3732 0.0000
vt 0.6434 0.3902 0.0000
vt 0.6494 0.3730 0.0000
vt 0.6503 0.3900 0.0000
vt 0.9777 0.2900 0.0000
vt 0.9847 0.2926 0.0000
vt 0.9792 0.3057 0.0000
vt 0.9734 0.3036 0.0000
vt 0.9705 0.2880 0.0000
vt 0.9673 0.3020 0.0000
vt 0.9631 0.2867 0.0000
vt 0.9612 0.3009 0.0000
vt 0.9556 0.2860 0.0000
vt 0.9550 0.3003 0.0000
vt 0.9481 0.2860 0.0000
vt 0.9487 0.3003 0.0000
vt 0.9406 0.2867 0.0000
vt 0.9425 0.3009 0.0000
vt 0.9915 0.2958 0.0000
vt 0.9980 0.2996 0.0000
vt 0.9902 0.3116 0.0000
vt 0.9848 0.3084 0.0000
vt 0.9419 0.9654 0.0000
vt 0.9423 0.9787 0.0000
vt 0.9236 0.9797 0.0000
vt 0.9234 0.9662 0.0000
vt 0.9610 0.9643 0.0000
vt 0.9615 0.9772 0.0000
vt 0.9808 0.9609 0.0000
vt 0.9831 0.9763 0.0000
vt 0.8281 0.9779 0.0000
vt 0.8278 0.9622 0.0000
vt 0.8492 0.9641 0.0000
vt 0.8482 0.9770 0.0000
vt 0.8684 0.9649 0.0000
vt 0.8673 0.9782 0.0000
vt 0.8869 0.9657 0.0000
vt 0.8860 0.9792 0.0000
vt 0.9052 0.9663 0.0000
vt 0.9047 0.9799 0.0000
vt 0.9429 0.9864 0.0000
vt 0.9613 0.9857 0.0000
vt 0.9241 0.9888 0.0000
vt 0.9050 0.9884 0.0000
vt 0.8862 0.9877 0.0000
vt 0.8676 0.9866 0.0000
vt 0.8494 0.9854 0.0000
vt 0.8334 0.9866 0.0000
vt 0.9783 0.9860 0.0000
vt 0.9407 0.9557 0.0000
vt 0.9583 0.9549 0.0000
vt 0.9733 0.9517 0.0000
vt 0.8508 0.9541 0.0000
vt 0.8350 0.9517 0.0000
vt 0.8686 0.9550 0.0000
vt 0.8867 0.9558 0.0000
vt 0.9048 0.9563 0.0000
vt 0.9227 0.9562 0.0000
vt 0.6828 0.2814 0.0000
vt 0.6952 0.2821 0.0000
vt 0.6715 0.8103 0.0000
vt 0.6642 0.8077 0.0000
vt 0.7081 0.2823 0.0000
vt 0.6787 0.8137 0.0000
vt 0.7220 0.2814 0.0000
vt 0.6858 0.8180 0.0000
vt 0.5744 0.2710 0.0000
vt 0.5880 0.2743 0.0000
vt 0.6051 0.8082 0.0000
vt 0.5978 0.8111 0.0000
vt 0.6008 0.2761 0.0000
vt 0.6124 0.8060 0.0000
vt 0.6130 0.2771 0.0000
vt 0.6198 0.8046 0.0000
vt 0.6248 0.2778 0.0000
vt 0.6273 0.8038 0.0000
vt 0.6364 0.2784 0.0000
vt 0.6347 0.8035 0.0000
vt 0.6479 0.2790 0.0000
vt 0.6421 0.8037 0.0000
vt 0.6593 0.2797 0.0000
vt 0.6495 0.8045 0.0000
vt 0.6709 0.2806 0.0000
vt 0.6568 0.8058 0.0000
vt 0.6348 0.8318 0.0000
vt 0.6279 0.8320 0.0000
vt 0.6211 0.8327 0.0000
vt 0.6145 0.8341 0.0000
vt 0.6082 0.8362 0.0000
vt 0.6023 0.8397 0.0000
vt 0.6805 0.8451 0.0000
vt 0.6748 0.8408 0.0000
vt 0.6686 0.8377 0.0000
vt 0.6621 0.8355 0.0000
vt 0.6554 0.8338 0.0000
vt 0.6485 0.8327 0.0000
vt 0.6417 0.8320 0.0000
vt 0.6769 0.2367 0.0000
vt 0.6853 0.2362 0.0000
vt 0.6929 0.2351 0.0000
vt 0.6993 0.2326 0.0000
vt 0.5986 0.2309 0.0000
vt 0.6052 0.2331 0.0000
vt 0.6130 0.2342 0.0000
vt 0.6215 0.2348 0.0000
vt 0.6305 0.2353 0.0000
vt 0.6398 0.2357 0.0000
vt 0.6493 0.2361 0.0000
vt 0.6587 0.2364 0.0000
vt 0.6679 0.2366 0.0000
vt 0.9338 0.1657 0.0000
vt 0.9338 0.1760 0.0000
vt 0.6595 0.1760 0.0000
vt 0.6595 0.1657 0.0000
vt 0.9338 0.1862 0.0000
vt 0.6595 0.1862 0.0000
vt 0.9338 0.1965 0.0000
vt 0.6595 0.1965 0.0000
vt 0.9338 0.2067 0.0000
vt 0.6595 0.2067 0.0000
vt 0.9338 0.1247 0.0000
vt 0.9338 0.1350 0.0000
vt 0.6595 0.1350 0.0000
vt 0.6595 0.1247 0.0000
vt 0.9338 0.1452 0.0000
vt 0.6595 0.1452 0.0000
vt 0.9338 0.1555 0.0000
vt 0.6595 0.1555 0.0000
vt 0.6828 0.2814 0.0000
vt 0.6952 0.2821 0.0000
vt 0.6715 0.8103 0.0000
vt 0.6642 0.8077 0.0000
vt 0.7081 0.2823 0.0000
vt 0.6787 0.8137 0.0000
vt 0.7220 0.2814 0.0000
vt 0.6858 0.8180 0.0000
vt 0.5744 0.2710 0.0000
vt 0.5880 0.2743 0.0000
vt 0.6051 0.8082 0.0000
vt 0.5978 0.8111 0.0000
vt 0.6008 0.2761 0.0000
vt 0.6124 0.8060 0.0000
vt 0.6130 0.2771 0.0000
vt 0.6198 0.8046 0.0000
vt 0.6248 0.2778 0.0000
vt 0.6273 0.8038 0.0000
vt 0.6364 0.2784 0.0000
vt 0.6347 0.8035 0.0000
vt 0.6479 0.2790 0.0000
vt 0.6421 0.8037 0.0000
vt 0.6593 0.2797 0.0000
vt 0.6495 0.8045 0.0000
vt 0.6709 0.2806 0.0000
vt 0.6568 0.8058 0.0000
vt 0.6348 0.8318 0.0000
vt 0.6279 0.8320 0.0000
vt 0.6211 0.8327 0.0000
vt 0.6145 0.8341 0.0000
vt 0.6082 0.8362 0.0000
vt 0.6023 0.8397 0.0000
vt 0.6805 0.8451 0.0000
vt 0.6748 0.8408 0.0000
vt 0.6686 0.8377 0.0000
vt 0.6621 0.8355 0.0000
vt 0.6554 0.8338 0.0000
vt 0.6485 0.8327 0.0000
vt 0.6417 0.8320 0.0000
vt 0.6769 0.2367 0.0000
vt 0.6853 0.2362 0.0000
vt 0.6929 0.2351 0.0000
vt 0.6993 0.2326 0.0000
vt 0.5986 0.2309 0.0000
vt 0.6052 0.2331 0.0000
vt 0.6130 0.2342 0.0000
vt 0.6215 0.2348 0.0000
vt 0.6305 0.2353 0.0000
vt 0.6398 0.2357 0.0000
vt 0.6493 0.2361 0.0000
vt 0.6587 0.2364 0.0000
vt 0.6679 0.2366 0.0000
vt 0.4837 0.2714 0.0000
vt 0.4837 0.2469 0.0000
vt 0.8246 0.2469 0.0000
vt 0.8246 0.2714 0.0000
vt 0.4837 0.3270 0.0000
vt 0.4837 0.3025 0.0000
vt 0.8246 0.3025 0.0000
vt 0.8246 0.3270 0.0000
vt 0.9637 0.2156 0.0000
vt 0.9637 0.2027 0.0000
vt 0.9882 0.2027 0.0000
vt 0.9882 0.2156 0.0000
vt 0.8246 0.3361 0.0000
vt 0.8246 0.3490 0.0000
vt 0.4837 0.3490 0.0000
vt 0.4837 0.3361 0.0000
vt 0.9637 0.2326 0.0000
vt 0.9637 0.2197 0.0000
vt 0.9882 0.2197 0.0000
vt 0.9882 0.2326 0.0000
vt 0.4837 0.2934 0.0000
vt 0.4837 0.2805 0.0000
vt 0.8246 0.2805 0.0000
vt 0.8246 0.2934 0.0000
vt 0.4837 0.2990 0.0000
vt 0.4837 0.2969 0.0000
vt 0.8246 0.2969 0.0000
vt 0.8246 0.2990 0.0000
vt 0.9882 0.2007 0.0000
vt 0.9637 0.2007 0.0000
vt 0.8246 0.3305 0.0000
vt 0.8246 0.3326 0.0000
vt 0.4837 0.3326 0.0000
vt 0.4837 0.3305 0.0000
vt 0.9637 0.2346 0.0000
vt 0.9882 0.2346 0.0000
vt 0.8246 0.2414 0.0000
vt 0.8246 0.2434 0.0000
vt 0.4837 0.2434 0.0000
vt 0.4837 0.2414 0.0000
vt 0.9637 0.2176 0.0000
vt 0.9882 0.2176 0.0000
vt 0.8246 0.2770 0.0000
vt 0.4837 0.2770 0.0000
vt 0.4837 0.2749 0.0000
vt 0.8246 0.2749 0.0000
vt 0.9882 0.2176 0.0000
vt 0.9637 0.2176 0.0000
vt 0.9917 0.2326 0.0000
vt 0.9917 0.2346 0.0000
vt 0.9917 0.2007 0.0000
vt 0.9917 0.2027 0.0000
vt 0.9602 0.2027 0.0000
vt 0.9602 0.2007 0.0000
vt 0.9602 0.2346 0.0000
vt 0.9602 0.2326 0.0000
vt 0.9602 0.2176 0.0000
vt 0.9602 0.2156 0.0000
vt 0.9602 0.2197 0.0000
vt 0.9602 0.2176 0.0000
vt 0.4837 0.2378 0.0000
vt 0.8246 0.2378 0.0000
vt 0.9917 0.2176 0.0000
vt 0.9917 0.2197 0.0000
vt 0.9917 0.2156 0.0000
vt 0.9917 0.2176 0.0000
vt 0.6558 0.3725 0.0000
vt 0.6623 0.3719 0.0000
vt 0.6642 0.3888 0.0000
vt 0.6572 0.3895 0.0000
vt 0.6106 0.3719 0.0000
vt 0.6170 0.3725 0.0000
vt 0.6156 0.3895 0.0000
vt 0.6087 0.3888 0.0000
vt 0.6235 0.3730 0.0000
vt 0.6225 0.3900 0.0000
vt 0.6299 0.3732 0.0000
vt 0.6295 0.3902 0.0000
vt 0.6364 0.3733 0.0000
vt 0.6364 0.3903 0.0000
vt 0.6429 0.3732 0.0000
vt 0.6434 0.3902 0.0000
vt 0.6494 0.3730 0.0000
vt 0.6503 0.3900 0.0000
vt 0.9777 0.2900 0.0000
vt 0.9847 0.2926 0.0000
vt 0.9792 0.3057 0.0000
vt 0.9734 0.3036 0.0000
vt 0.9705 0.2880 0.0000
vt 0.9673 0.3020 0.0000
vt 0.9631 0.2867 0.0000
vt 0.9612 0.3009 0.0000
vt 0.9556 0.2860 0.0000
vt 0.9550 0.3003 0.0000
vt 0.9481 0.2860 0.0000
vt 0.9487 0.3003 0.0000
vt 0.9406 0.2867 0.0000
vt 0.9425 0.3009 0.0000
vt 0.9915 0.2958 0.0000
vt 0.9980 0.2996 0.0000
vt 0.9902 0.3116 0.0000
vt 0.9848 0.3084 0.0000
vt 0.9419 0.9654 0.0000
vt 0.9423 0.9787 0.0000
vt 0.9236 0.9797 0.0000
vt 0.9234 0.9662 0.0000
vt 0.9610 0.9643 0.0000
vt 0.9615 0.9772 0.0000
vt 0.9808 0.9609 0.0000
vt 0.9831 0.9763 0.0000
vt 0.8281 0.9779 0.0000
vt 0.8278 0.9622 0.0000
vt 0.8492 0.9641 0.0000
vt 0.8482 0.9770 0.0000
vt 0.8684 0.9649 0.0000
vt 0.8673 0.9782 0.0000
vt 0.8869 0.9657 0.0000
vt 0.8860 0.9792 0.0000
vt 0.9052 0.9663 0.0000
vt 0.9047 0.9799 0.0000
vt 0.9429 0.9864 0.0000
vt 0.9613 0.9857 0.0000
vt 0.9241 0.9888 0.0000
vt 0.9050 0.9884 0.0000
vt 0.8862 0.9877 0.0000
vt 0.8676 0.9866 0.0000
vt 0.8494 0.9854 0.0000
vt 0.8334 0.9866 0.0000
vt 0.9783 0.9860 0.0000
vt 0.9407 0.9557 0.0000
vt 0.9583 0.9549 0.0000
vt 0.9733 0.9517 0.0000
vt 0.8508 0.9541 0.0000
vt 0.8350 0.9517 0.0000
vt 0.8686 0.9550 0.0000
vt 0.8867 0.9558 0.0000
vt 0.9048 0.9563 0.0000
vt 0.9227 0.9562 0.0000
# 2252 texture coords

g µ¶Õ¢_020
usemtl _µ¶Õ¢_1set2
f 1/4 2/1 3/2 4/3 
f 4/3 3/2 5/5 6/6 
f 6/6 5/5 7/7 8/8 
f 8/12 7/9 9/10 10/11 
f 10/11 9/10 11/13 12/14 
f 12/14 11/13 13/15 14/16 
f 14/16 13/15 15/17 16/18 
f 16/18 15/17 17/19 18/20 
f 18/20 17/19 19/21 20/22 
f 20/22 19/21 21/23 22/24 
f 22/24 21/23 23/25 24/26 
f 24/26 23/25 2/1 1/4 
f 25/27 26/28 16/18 18/20 
f 26/28 27/29 14/16 16/18 
f 27/29 28/30 12/14 14/16 
f 29/31 10/11 12/14 28/30 
f 30/32 8/12 10/11 29/31 
f 31/34 6/6 8/8 30/33 
f 32/35 4/3 6/6 31/34 
f 33/36 1/4 4/3 32/35 
f 34/37 24/26 1/4 33/36 
f 35/38 22/24 24/26 34/37 
f 35/38 36/39 20/22 22/24 
f 36/39 25/27 18/20 20/22 
f 37/41 3/2 2/1 38/40 
f 39/42 5/5 3/2 37/41 
f 40/43 7/7 5/5 39/42 
f 41/45 9/10 7/9 40/44 
f 42/46 11/13 9/10 41/45 
f 43/47 13/15 11/13 42/46 
f 43/47 44/48 15/17 13/15 
f 44/48 45/49 17/19 15/17 
f 45/49 46/50 19/21 17/19 
f 47/51 21/23 19/21 46/50 
f 48/52 23/25 21/23 47/51 
f 38/40 2/1 23/25 48/52 
f 27/29 26/28 25/27 36/39 35/38 34/37 33/36 32/35 31/34 30/32 29/31 28/30 
usemtl _µ¶Õ¢_1set4
f 49/56 50/53 51/54 52/55 
f 52/60 51/57 53/58 54/59 
f 54/59 53/58 55/61 56/62 
f 56/62 55/61 57/63 58/64 
f 58/64 57/63 59/65 60/66 
f 60/66 59/65 61/67 62/68 
f 62/68 61/67 63/69 64/70 
f 64/70 63/69 50/53 49/56 
f 65/74 66/71 67/72 68/73 
f 69/76 70/75 66/71 65/74 
f 71/78 72/77 70/75 69/76 
f 73/80 74/79 72/77 71/78 
f 75/82 76/81 74/79 73/80 
f 77/84 78/83 76/81 75/82 
f 79/88 80/85 78/86 77/87 
f 68/73 67/72 80/85 79/88 
f 81/92 82/89 83/90 84/91 
f 85/94 83/90 82/89 86/93 
f 87/96 85/94 86/93 88/95 
f 89/100 87/97 88/98 90/99 
f 91/102 89/100 90/99 92/101 
f 93/104 91/102 92/101 94/103 
f 95/106 93/104 94/103 96/105 
f 84/91 95/106 96/105 81/92 
f 80/108 67/107 83/90 85/94 
f 66/109 84/91 83/90 67/107 
f 95/106 84/91 66/109 70/110 
f 93/104 95/106 70/110 72/111 
f 91/102 93/104 72/111 74/112 
f 89/100 91/102 74/112 76/113 
f 87/97 89/100 76/113 78/114 
f 85/94 87/96 78/115 80/108 
f 86/93 82/89 64/116 49/117 
f 49/117 52/118 88/95 86/93 
f 52/120 54/119 90/99 88/98 
f 54/119 56/121 92/101 90/99 
f 56/121 58/122 94/103 92/101 
f 58/122 60/123 96/105 94/103 
f 60/123 62/124 81/92 96/105 
f 62/124 64/116 82/89 81/92 
f 97/128 98/125 99/126 100/127 
f 100/132 99/129 101/130 102/131 
f 102/131 101/130 103/133 104/134 
f 104/134 103/133 105/135 106/136 
f 106/136 105/135 107/137 108/138 
f 108/138 107/137 109/139 110/140 
f 110/140 109/139 111/141 112/142 
f 112/142 111/141 98/125 97/128 
f 113/146 114/143 115/144 116/145 
f 117/148 118/147 114/143 113/146 
f 119/150 120/149 118/147 117/148 
f 121/152 122/151 120/149 119/150 
f 123/154 124/153 122/151 121/152 
f 125/156 126/155 124/153 123/154 
f 127/160 128/157 126/158 125/159 
f 116/145 115/144 128/157 127/160 
f 129/164 130/161 131/162 132/163 
f 133/166 131/162 130/161 134/165 
f 135/168 133/166 134/165 136/167 
f 137/172 135/169 136/170 138/171 
f 139/174 137/172 138/171 140/173 
f 141/176 139/174 140/173 142/175 
f 143/178 141/176 142/175 144/177 
f 132/163 143/178 144/177 129/164 
f 128/180 115/179 131/162 133/166 
f 114/181 132/163 131/162 115/179 
f 143/178 132/163 114/181 118/182 
f 141/176 143/178 118/182 120/183 
f 139/174 141/176 120/183 122/184 
f 137/172 139/174 122/184 124/185 
f 135/169 137/172 124/185 126/186 
f 133/166 135/168 126/187 128/180 
f 134/165 130/161 112/188 97/189 
f 97/189 100/190 136/167 134/165 
f 100/192 102/191 138/171 136/170 
f 102/191 104/193 140/173 138/171 
f 104/193 106/194 142/175 140/173 
f 106/194 108/195 144/177 142/175 
f 108/195 110/196 129/164 144/177 
f 110/196 112/188 130/161 129/164 
usemtl _µ¶Õ¢_1set2
f 145/200 146/197 147/198 148/199 
f 148/199 147/198 149/201 150/202 
f 150/202 149/201 151/203 152/204 
f 152/208 151/205 153/206 154/207 
f 154/207 153/206 155/209 156/210 
f 156/210 155/209 157/211 158/212 
f 158/212 157/211 159/213 160/214 
f 160/214 159/213 161/215 162/216 
f 162/216 161/215 163/217 164/218 
f 164/218 163/217 165/219 166/220 
f 166/220 165/219 167/221 168/222 
f 168/222 167/221 146/197 145/200 
f 169/223 170/224 160/214 162/216 
f 170/224 171/225 158/212 160/214 
f 171/225 172/226 156/210 158/212 
f 173/227 154/207 156/210 172/226 
f 174/228 152/208 154/207 173/227 
f 175/230 150/202 152/204 174/229 
f 176/231 148/199 150/202 175/230 
f 177/232 145/200 148/199 176/231 
f 178/233 168/222 145/200 177/232 
f 179/234 166/220 168/222 178/233 
f 179/234 180/235 164/218 166/220 
f 180/235 169/223 162/216 164/218 
f 181/237 147/198 146/197 182/236 
f 183/238 149/201 147/198 181/237 
f 184/239 151/203 149/201 183/238 
f 185/241 153/206 151/205 184/240 
f 186/242 155/209 153/206 185/241 
f 187/243 157/211 155/209 186/242 
f 187/243 188/244 159/213 157/211 
f 188/244 189/245 161/215 159/213 
f 189/245 190/246 163/217 161/215 
f 191/247 165/219 163/217 190/246 
f 192/248 167/221 165/219 191/247 
f 182/236 146/197 167/221 192/248 
f 171/225 170/224 169/223 180/235 179/234 178/233 177/232 176/231 175/230 174/228 173/227 172/226 
usemtl _µ¶Õ¢_1set4
f 193/252 194/249 195/250 196/251 
f 196/256 195/253 197/254 198/255 
f 198/255 197/254 199/257 200/258 
f 200/258 199/257 201/259 202/260 
f 202/260 201/259 203/261 204/262 
f 204/262 203/261 205/263 206/264 
f 206/264 205/263 207/265 208/266 
f 208/266 207/265 194/249 193/252 
f 209/270 210/267 211/268 212/269 
f 213/272 214/271 210/267 209/270 
f 215/274 216/273 214/271 213/272 
f 217/276 218/275 216/273 215/274 
f 219/278 220/277 218/275 217/276 
f 221/280 222/279 220/277 219/278 
f 223/284 224/281 222/282 221/283 
f 212/269 211/268 224/281 223/284 
f 225/288 226/285 227/286 228/287 
f 229/290 227/286 226/285 230/289 
f 231/292 229/290 230/289 232/291 
f 233/296 231/293 232/294 234/295 
f 235/298 233/296 234/295 236/297 
f 237/300 235/298 236/297 238/299 
f 239/302 237/300 238/299 240/301 
f 228/287 239/302 240/301 225/288 
f 224/304 211/303 227/286 229/290 
f 210/305 228/287 227/286 211/303 
f 239/302 228/287 210/305 214/306 
f 237/300 239/302 214/306 216/307 
f 235/298 237/300 216/307 218/308 
f 233/296 235/298 218/308 220/309 
f 231/293 233/296 220/309 222/310 
f 229/290 231/292 222/311 224/304 
f 230/289 226/285 208/312 193/313 
f 193/313 196/314 232/291 230/289 
f 196/316 198/315 234/295 232/294 
f 198/315 200/317 236/297 234/295 
f 200/317 202/318 238/299 236/297 
f 202/318 204/319 240/301 238/299 
f 204/319 206/320 225/288 240/301 
f 206/320 208/312 226/285 225/288 
f 241/324 242/321 243/322 244/323 
f 244/328 243/325 245/326 246/327 
f 246/327 245/326 247/329 248/330 
f 248/330 247/329 249/331 250/332 
f 250/332 249/331 251/333 252/334 
f 252/334 251/333 253/335 254/336 
f 254/336 253/335 255/337 256/338 
f 256/338 255/337 242/321 241/324 
f 257/342 258/339 259/340 260/341 
f 261/344 262/343 258/339 257/342 
f 263/346 264/345 262/343 261/344 
f 265/348 266/347 264/345 263/346 
f 267/350 268/349 266/347 265/348 
f 269/352 270/351 268/349 267/350 
f 271/356 272/353 270/354 269/355 
f 260/341 259/340 272/353 271/356 
f 273/360 274/357 275/358 276/359 
f 277/362 275/358 274/357 278/361 
f 279/364 277/362 278/361 280/363 
f 281/368 279/365 280/366 282/367 
f 283/370 281/368 282/367 284/369 
f 285/372 283/370 284/369 286/371 
f 287/374 285/372 286/371 288/373 
f 276/359 287/374 288/373 273/360 
f 272/376 259/375 275/358 277/362 
f 258/377 276/359 275/358 259/375 
f 287/374 276/359 258/377 262/378 
f 285/372 287/374 262/378 264/379 
f 283/370 285/372 264/379 266/380 
f 281/368 283/370 266/380 268/381 
f 279/365 281/368 268/381 270/382 
f 277/362 279/364 270/383 272/376 
f 278/361 274/357 256/384 241/385 
f 241/385 244/386 280/363 278/361 
f 244/388 246/387 282/367 280/366 
f 246/387 248/389 284/369 282/367 
f 248/389 250/390 286/371 284/369 
f 250/390 252/391 288/373 286/371 
f 252/391 254/392 273/360 288/373 
f 254/392 256/384 274/357 273/360 
f 289/396 290/393 291/394 292/395 
f 292/400 291/397 293/398 294/399 
f 294/399 293/398 295/401 296/402 
f 296/402 295/401 297/403 298/404 
f 298/404 297/403 299/405 300/406 
f 300/406 299/405 301/407 302/408 
f 302/408 301/407 303/409 304/410 
f 304/410 303/409 290/393 289/396 
f 305/414 306/411 307/412 308/413 
f 309/416 310/415 306/411 305/414 
f 311/418 312/417 310/415 309/416 
f 313/420 314/419 312/417 311/418 
f 315/422 316/421 314/419 313/420 
f 317/424 318/423 316/421 315/422 
f 319/428 320/425 318/426 317/427 
f 308/413 307/412 320/425 319/428 
f 321/432 322/429 323/430 324/431 
f 325/434 323/430 322/429 326/433 
f 327/436 325/434 326/433 328/435 
f 329/440 327/437 328/438 330/439 
f 331/442 329/440 330/439 332/441 
f 333/444 331/442 332/441 334/443 
f 335/446 333/444 334/443 336/445 
f 324/431 335/446 336/445 321/432 
f 320/448 307/447 323/430 325/434 
f 306/449 324/431 323/430 307/447 
f 335/446 324/431 306/449 310/450 
f 333/444 335/446 310/450 312/451 
f 331/442 333/444 312/451 314/452 
f 329/440 331/442 314/452 316/453 
f 327/437 329/440 316/453 318/454 
f 325/434 327/436 318/455 320/448 
f 326/433 322/429 304/456 289/457 
f 289/457 292/458 328/435 326/433 
f 292/460 294/459 330/439 328/438 
f 294/459 296/461 332/441 330/439 
f 296/461 298/462 334/443 332/441 
f 298/462 300/463 336/445 334/443 
f 300/463 302/464 321/432 336/445 
f 302/464 304/456 322/429 321/432 
f 337/468 338/465 339/466 340/467 
f 341/472 342/469 343/470 344/471 
f 345/476 346/473 347/474 348/475 
f 349/480 347/477 346/478 350/479 
f 351/484 349/481 350/482 352/483 
f 348/488 351/485 352/486 345/487 
f 353/492 354/489 355/490 356/491 
f 341/494 344/493 348/475 347/474 
f 357/498 358/495 359/496 360/497 
f 343/500 342/499 349/481 351/484 
f 361/504 362/501 363/502 364/503 
f 338/506 352/483 350/482 339/505 
f 365/510 366/507 367/508 368/509 
f 340/512 346/473 345/476 337/511 
f 354/514 343/500 351/484 355/513 
f 355/490 351/485 348/488 356/491 
f 356/516 348/475 344/493 353/515 
f 353/492 344/471 343/470 354/489 
f 358/518 341/494 347/474 359/517 
f 359/496 347/477 349/480 360/497 
f 360/520 349/481 342/499 357/519 
f 357/498 342/469 341/472 358/495 
f 362/522 346/473 340/512 363/521 
f 363/502 340/467 339/466 364/503 
f 364/524 339/505 350/482 361/523 
f 361/504 350/525 346/526 362/501 
f 366/507 345/487 352/486 367/508 
f 367/528 352/483 338/506 368/527 
f 368/509 338/465 337/468 365/510 
f 365/530 337/511 345/476 366/529 
f 369/534 370/531 371/532 372/533 
f 373/536 374/535 370/531 369/534 
f 375/538 376/537 374/535 373/536 
f 372/533 371/532 376/537 375/538 
f 377/542 378/539 379/540 380/541 
f 381/544 382/543 378/539 377/542 
f 383/546 384/545 382/543 381/544 
f 380/541 379/540 384/545 383/546 
f 385/550 386/547 387/548 388/549 
f 388/549 387/548 389/551 390/552 
f 390/552 389/551 391/553 392/554 
f 392/554 391/553 393/555 394/556 
f 394/560 393/557 395/558 396/559 
f 396/559 395/558 397/561 398/562 
f 398/562 397/561 399/563 400/564 
f 400/564 399/563 386/547 385/550 
f 401/568 402/565 403/566 404/567 
f 404/572 403/569 405/570 406/571 
f 406/571 405/570 407/573 408/574 
f 408/574 407/573 409/575 410/576 
f 410/576 409/575 411/577 412/578 
f 412/578 411/577 413/579 414/580 
f 414/580 413/579 415/581 416/582 
f 416/582 415/581 402/565 401/568 
f 417/586 418/583 419/584 420/585 
f 421/588 422/587 418/583 417/586 
f 423/590 424/589 422/587 421/588 
f 425/592 426/591 424/589 423/590 
f 427/594 428/593 426/591 425/592 
f 429/596 430/595 428/593 427/594 
f 431/600 432/597 430/598 429/599 
f 420/585 419/584 432/597 431/600 
f 433/604 434/601 435/602 436/603 
f 437/606 435/602 434/601 438/605 
f 439/608 437/606 438/605 440/607 
f 441/612 439/609 440/610 442/611 
f 443/614 441/612 442/611 444/613 
f 445/616 443/614 444/613 446/615 
f 447/618 445/616 446/615 448/617 
f 436/603 447/618 448/617 433/604 
f 432/620 419/619 435/602 437/606 
f 418/621 436/603 435/602 419/619 
f 447/618 436/603 418/621 422/622 
f 445/616 447/618 422/622 424/623 
f 443/614 445/616 424/623 426/624 
f 441/612 443/614 426/624 428/625 
f 439/609 441/612 428/625 430/626 
f 437/606 439/608 430/627 432/620 
f 438/605 434/601 416/628 401/629 
f 401/629 404/630 440/607 438/605 
f 404/632 406/631 442/611 440/610 
f 406/631 408/633 444/613 442/611 
f 408/633 410/634 446/615 444/613 
f 410/634 412/635 448/617 446/615 
f 412/635 414/636 433/604 448/617 
f 414/636 416/628 434/601 433/604 
usemtl _µ¶Õ¢_1set2
f 449/640 450/637 451/638 452/639 
f 452/639 451/638 453/641 454/642 
f 454/642 453/641 455/643 456/644 
f 456/648 455/645 457/646 458/647 
f 458/647 457/646 459/649 460/650 
f 460/650 459/649 461/651 462/652 
f 462/652 461/651 463/653 464/654 
f 464/654 463/653 465/655 466/656 
f 466/656 465/655 467/657 468/658 
f 468/658 467/657 469/659 470/660 
f 470/660 469/659 471/661 472/662 
f 472/662 471/661 450/637 449/640 
f 473/663 474/664 464/654 466/656 
f 474/664 475/665 462/652 464/654 
f 475/665 476/666 460/650 462/652 
f 477/667 458/647 460/650 476/666 
f 478/668 456/648 458/647 477/667 
f 479/670 454/642 456/644 478/669 
f 480/671 452/639 454/642 479/670 
f 481/672 449/640 452/639 480/671 
f 482/673 472/662 449/640 481/672 
f 483/674 470/660 472/662 482/673 
f 483/674 484/675 468/658 470/660 
f 484/675 473/663 466/656 468/658 
f 485/677 451/638 450/637 486/676 
f 487/678 453/641 451/638 485/677 
f 488/679 455/643 453/641 487/678 
f 489/681 457/646 455/645 488/680 
f 490/682 459/649 457/646 489/681 
f 491/683 461/651 459/649 490/682 
f 491/683 492/684 463/653 461/651 
f 492/684 493/685 465/655 463/653 
f 493/685 494/686 467/657 465/655 
f 495/687 469/659 467/657 494/686 
f 496/688 471/661 469/659 495/687 
f 486/676 450/637 471/661 496/688 
f 475/665 474/664 473/663 484/675 483/674 482/673 481/672 480/671 479/670 478/668 477/667 476/666 
f 497/692 498/689 499/690 500/691 
f 500/691 499/690 501/693 502/694 
f 502/694 501/693 503/695 504/696 
f 504/700 503/697 505/698 506/699 
f 506/699 505/698 507/701 508/702 
f 508/702 507/701 509/703 510/704 
f 510/704 509/703 511/705 512/706 
f 512/706 511/705 513/707 514/708 
f 514/708 513/707 515/709 516/710 
f 516/710 515/709 517/711 518/712 
f 518/712 517/711 519/713 520/714 
f 520/714 519/713 498/689 497/692 
f 521/715 522/716 512/706 514/708 
f 522/716 523/717 510/704 512/706 
f 523/717 524/718 508/702 510/704 
f 525/719 506/699 508/702 524/718 
f 526/720 504/700 506/699 525/719 
f 527/722 502/694 504/696 526/721 
f 528/723 500/691 502/694 527/722 
f 529/724 497/692 500/691 528/723 
f 530/725 520/714 497/692 529/724 
f 531/726 518/712 520/714 530/725 
f 531/726 532/727 516/710 518/712 
f 532/727 521/715 514/708 516/710 
f 533/729 499/690 498/689 534/728 
f 535/730 501/693 499/690 533/729 
f 536/731 503/695 501/693 535/730 
f 537/733 505/698 503/697 536/732 
f 538/734 507/701 505/698 537/733 
f 539/735 509/703 507/701 538/734 
f 539/735 540/736 511/705 509/703 
f 540/736 541/737 513/707 511/705 
f 541/737 542/738 515/709 513/707 
f 543/739 517/711 515/709 542/738 
f 544/740 519/713 517/711 543/739 
f 534/728 498/689 519/713 544/740 
f 523/717 522/716 521/715 532/727 531/726 530/725 529/724 528/723 527/722 526/720 525/719 524/718 
usemtl _µ¶Õ¢_1set4
f 545/744 546/741 547/742 548/743 
f 548/748 547/745 549/746 550/747 
f 550/747 549/746 551/749 552/750 
f 552/750 551/749 553/751 554/752 
f 554/752 553/751 555/753 556/754 
f 556/754 555/753 557/755 558/756 
f 558/756 557/755 559/757 560/758 
f 560/758 559/757 546/741 545/744 
f 561/762 562/759 563/760 564/761 
f 565/764 566/763 562/759 561/762 
f 567/766 568/765 566/763 565/764 
f 569/768 570/767 568/765 567/766 
f 571/770 572/769 570/767 569/768 
f 573/772 574/771 572/769 571/770 
f 575/776 576/773 574/774 573/775 
f 564/761 563/760 576/773 575/776 
f 577/780 578/777 579/778 580/779 
f 581/782 579/778 578/777 582/781 
f 583/784 581/782 582/781 584/783 
f 585/788 583/785 584/786 586/787 
f 587/790 585/788 586/787 588/789 
f 589/792 587/790 588/789 590/791 
f 591/794 589/792 590/791 592/793 
f 580/779 591/794 592/793 577/780 
f 576/796 563/795 579/778 581/782 
f 562/797 580/779 579/778 563/795 
f 591/794 580/779 562/797 566/798 
f 589/792 591/794 566/798 568/799 
f 587/790 589/792 568/799 570/800 
f 585/788 587/790 570/800 572/801 
f 583/785 585/788 572/801 574/802 
f 581/782 583/784 574/803 576/796 
f 582/781 578/777 560/804 545/805 
f 545/805 548/806 584/783 582/781 
f 548/808 550/807 586/787 584/786 
f 550/807 552/809 588/789 586/787 
f 552/809 554/810 590/791 588/789 
f 554/810 556/811 592/793 590/791 
f 556/811 558/812 577/780 592/793 
f 558/812 560/804 578/777 577/780 
f 593/816 594/813 595/814 596/815 
f 597/818 598/817 594/813 593/816 
f 599/822 600/819 598/820 597/821 
f 596/815 595/814 600/819 599/822 
f 601/826 602/823 603/824 604/825 
f 605/828 606/827 602/823 601/826 
f 607/832 608/829 606/830 605/831 
f 604/825 603/824 608/829 607/832 
usemtl _µ¶Õ¢_1set2
f 609/836 610/833 611/834 612/835 
f 612/835 611/834 613/837 614/838 
f 614/838 613/837 615/839 616/840 
f 616/844 615/841 617/842 618/843 
f 618/843 617/842 619/845 620/846 
f 620/846 619/845 621/847 622/848 
f 622/848 621/847 623/849 624/850 
f 624/850 623/849 625/851 626/852 
f 626/852 625/851 627/853 628/854 
f 628/854 627/853 629/855 630/856 
f 630/856 629/855 631/857 632/858 
f 632/858 631/857 610/833 609/836 
f 633/859 634/860 624/850 626/852 
f 634/860 635/861 622/848 624/850 
f 635/861 636/862 620/846 622/848 
f 637/863 618/843 620/846 636/862 
f 638/864 616/844 618/843 637/863 
f 639/866 614/838 616/840 638/865 
f 640/867 612/835 614/838 639/866 
f 641/868 609/836 612/835 640/867 
f 642/869 632/858 609/836 641/868 
f 643/870 630/856 632/858 642/869 
f 643/870 644/871 628/854 630/856 
f 644/871 633/859 626/852 628/854 
f 645/873 611/834 610/833 646/872 
f 647/874 613/837 611/834 645/873 
f 648/875 615/839 613/837 647/874 
f 649/877 617/842 615/841 648/876 
f 650/878 619/845 617/842 649/877 
f 651/879 621/847 619/845 650/878 
f 651/879 652/880 623/849 621/847 
f 652/880 653/881 625/851 623/849 
f 653/881 654/882 627/853 625/851 
f 655/883 629/855 627/853 654/882 
f 656/884 631/857 629/855 655/883 
f 646/872 610/833 631/857 656/884 
f 635/861 634/860 633/859 644/871 643/870 642/869 641/868 640/867 639/866 638/864 637/863 636/862 
f 657/888 658/885 659/886 660/887 
f 660/887 659/886 661/889 662/890 
f 662/890 661/889 663/891 664/892 
f 664/896 663/893 665/894 666/895 
f 666/895 665/894 667/897 668/898 
f 668/898 667/897 669/899 670/900 
f 670/900 669/899 671/901 672/902 
f 672/902 671/901 673/903 674/904 
f 674/904 673/903 675/905 676/906 
f 676/906 675/905 677/907 678/908 
f 678/908 677/907 679/909 680/910 
f 680/910 679/909 658/885 657/888 
f 681/911 682/912 672/902 674/904 
f 682/912 683/913 670/900 672/902 
f 683/913 684/914 668/898 670/900 
f 685/915 666/895 668/898 684/914 
f 686/916 664/896 666/895 685/915 
f 687/918 662/890 664/892 686/917 
f 688/919 660/887 662/890 687/918 
f 689/920 657/888 660/887 688/919 
f 690/921 680/910 657/888 689/920 
f 691/922 678/908 680/910 690/921 
f 691/922 692/923 676/906 678/908 
f 692/923 681/911 674/904 676/906 
f 693/925 659/886 658/885 694/924 
f 695/926 661/889 659/886 693/925 
f 696/927 663/891 661/889 695/926 
f 697/929 665/894 663/893 696/928 
f 698/930 667/897 665/894 697/929 
f 699/931 669/899 667/897 698/930 
f 699/931 700/932 671/901 669/899 
f 700/932 701/933 673/903 671/901 
f 701/933 702/934 675/905 673/903 
f 703/935 677/907 675/905 702/934 
f 704/936 679/909 677/907 703/935 
f 694/924 658/885 679/909 704/936 
f 683/913 682/912 681/911 692/923 691/922 690/921 689/920 688/919 687/918 686/916 685/915 684/914 
usemtl _µ¶Õ¢_1set4
f 705/940 706/937 707/938 708/939 
f 709/942 710/941 706/937 705/940 
f 711/946 712/943 710/944 709/945 
f 708/939 707/938 712/943 711/946 
f 713/950 714/947 715/948 716/949 
f 717/954 718/951 719/952 720/953 
f 721/958 722/955 723/956 724/957 
f 725/962 723/959 722/960 726/961 
f 727/966 725/963 726/964 728/965 
f 724/970 727/967 728/968 721/969 
f 729/974 730/971 731/972 732/973 
f 717/976 720/975 724/957 723/956 
f 733/980 734/977 735/978 736/979 
f 719/982 718/981 725/963 727/966 
f 737/986 738/983 739/984 740/985 
f 714/988 728/965 726/964 715/987 
f 741/992 742/989 743/990 744/991 
f 716/994 722/955 721/958 713/993 
f 730/996 719/982 727/966 731/995 
f 731/972 727/967 724/970 732/973 
f 732/998 724/957 720/975 729/997 
f 729/974 720/953 719/952 730/971 
f 734/1000 717/976 723/956 735/999 
f 735/978 723/959 725/962 736/979 
f 736/1002 725/963 718/981 733/1001 
f 733/980 718/951 717/954 734/977 
f 738/1004 722/955 716/994 739/1003 
f 739/984 716/949 715/948 740/985 
f 740/1006 715/987 726/964 737/1005 
f 737/986 726/1007 722/1008 738/983 
f 742/989 721/969 728/968 743/990 
f 743/1010 728/965 714/988 744/1009 
f 744/991 714/947 713/950 741/992 
f 741/1012 713/993 721/958 742/1011 
f 745/1016 746/1013 747/1014 748/1015 
f 749/1020 750/1017 751/1018 752/1019 
f 753/1024 754/1021 755/1022 756/1023 
f 757/1028 755/1025 754/1026 758/1027 
f 759/1032 757/1029 758/1030 760/1031 
f 756/1036 759/1033 760/1034 753/1035 
f 761/1040 762/1037 763/1038 764/1039 
f 749/1042 752/1041 756/1023 755/1022 
f 765/1046 766/1043 767/1044 768/1045 
f 751/1048 750/1047 757/1029 759/1032 
f 769/1052 770/1049 771/1050 772/1051 
f 746/1054 760/1031 758/1030 747/1053 
f 773/1058 774/1055 775/1056 776/1057 
f 748/1060 754/1021 753/1024 745/1059 
f 762/1062 751/1048 759/1032 763/1061 
f 763/1038 759/1033 756/1036 764/1039 
f 764/1064 756/1023 752/1041 761/1063 
f 761/1040 752/1019 751/1018 762/1037 
f 766/1066 749/1042 755/1022 767/1065 
f 767/1044 755/1025 757/1028 768/1045 
f 768/1068 757/1029 750/1047 765/1067 
f 765/1046 750/1017 749/1020 766/1043 
f 770/1070 754/1021 748/1060 771/1069 
f 771/1050 748/1015 747/1014 772/1051 
f 772/1072 747/1053 758/1030 769/1071 
f 769/1052 758/1073 754/1074 770/1049 
f 774/1055 753/1035 760/1034 775/1056 
f 775/1076 760/1031 746/1054 776/1075 
f 776/1057 746/1013 745/1016 773/1058 
f 773/1078 745/1059 753/1024 774/1077 
f 777/1082 778/1079 779/1080 780/1081 
f 780/1086 779/1083 781/1084 782/1085 
f 782/1085 781/1084 783/1087 784/1088 
f 784/1088 783/1087 785/1089 786/1090 
f 786/1090 785/1089 787/1091 788/1092 
f 788/1092 787/1091 789/1093 790/1094 
f 790/1094 789/1093 791/1095 792/1096 
f 792/1096 791/1095 778/1079 777/1082 
f 793/1100 794/1097 795/1098 796/1099 
f 797/1102 798/1101 794/1097 793/1100 
f 799/1104 800/1103 798/1101 797/1102 
f 801/1106 802/1105 800/1103 799/1104 
f 803/1108 804/1107 802/1105 801/1106 
f 805/1110 806/1109 804/1107 803/1108 
f 807/1114 808/1111 806/1112 805/1113 
f 796/1099 795/1098 808/1111 807/1114 
f 809/1118 810/1115 811/1116 812/1117 
f 813/1120 811/1116 810/1115 814/1119 
f 815/1122 813/1120 814/1119 816/1121 
f 817/1126 815/1123 816/1124 818/1125 
f 819/1128 817/1126 818/1125 820/1127 
f 821/1130 819/1128 820/1127 822/1129 
f 823/1132 821/1130 822/1129 824/1131 
f 812/1117 823/1132 824/1131 809/1118 
f 808/1134 795/1133 811/1116 813/1120 
f 794/1135 812/1117 811/1116 795/1133 
f 823/1132 812/1117 794/1135 798/1136 
f 821/1130 823/1132 798/1136 800/1137 
f 819/1128 821/1130 800/1137 802/1138 
f 817/1126 819/1128 802/1138 804/1139 
f 815/1123 817/1126 804/1139 806/1140 
f 813/1120 815/1122 806/1141 808/1134 
f 814/1119 810/1115 792/1142 777/1143 
f 777/1143 780/1144 816/1121 814/1119 
f 780/1146 782/1145 818/1125 816/1124 
f 782/1145 784/1147 820/1127 818/1125 
f 784/1147 786/1148 822/1129 820/1127 
f 786/1148 788/1149 824/1131 822/1129 
f 788/1149 790/1150 809/1118 824/1131 
f 790/1150 792/1142 810/1115 809/1118 
f 825/1154 826/1151 827/1152 828/1153 
f 828/1153 827/1152 829/1155 830/1156 
f 830/1156 829/1155 831/1157 832/1158 
f 832/1158 831/1157 833/1159 834/1160 
f 834/1164 833/1161 835/1162 836/1163 
f 836/1163 835/1162 837/1165 838/1166 
f 838/1166 837/1165 839/1167 840/1168 
f 840/1168 839/1167 826/1151 825/1154 
usemtl _µ¶Õ¢_1set2
f 841/1172 842/1169 843/1170 844/1171 
f 844/1171 843/1170 845/1173 846/1174 
f 846/1174 845/1173 847/1175 848/1176 
f 848/1180 847/1177 849/1178 850/1179 
f 850/1179 849/1178 851/1181 852/1182 
f 852/1182 851/1181 853/1183 854/1184 
f 854/1184 853/1183 855/1185 856/1186 
f 856/1186 855/1185 857/1187 858/1188 
f 858/1188 857/1187 859/1189 860/1190 
f 860/1190 859/1189 861/1191 862/1192 
f 862/1192 861/1191 863/1193 864/1194 
f 864/1194 863/1193 842/1169 841/1172 
f 865/1195 866/1196 856/1186 858/1188 
f 866/1196 867/1197 854/1184 856/1186 
f 867/1197 868/1198 852/1182 854/1184 
f 869/1199 850/1179 852/1182 868/1198 
f 870/1200 848/1180 850/1179 869/1199 
f 871/1202 846/1174 848/1176 870/1201 
f 872/1203 844/1171 846/1174 871/1202 
f 873/1204 841/1172 844/1171 872/1203 
f 874/1205 864/1194 841/1172 873/1204 
f 875/1206 862/1192 864/1194 874/1205 
f 875/1206 876/1207 860/1190 862/1192 
f 876/1207 865/1195 858/1188 860/1190 
f 877/1209 843/1170 842/1169 878/1208 
f 879/1210 845/1173 843/1170 877/1209 
f 880/1211 847/1175 845/1173 879/1210 
f 881/1213 849/1178 847/1177 880/1212 
f 882/1214 851/1181 849/1178 881/1213 
f 883/1215 853/1183 851/1181 882/1214 
f 883/1215 884/1216 855/1185 853/1183 
f 884/1216 885/1217 857/1187 855/1185 
f 885/1217 886/1218 859/1189 857/1187 
f 887/1219 861/1191 859/1189 886/1218 
f 888/1220 863/1193 861/1191 887/1219 
f 878/1208 842/1169 863/1193 888/1220 
f 867/1197 866/1196 865/1195 876/1207 875/1206 874/1205 873/1204 872/1203 871/1202 870/1200 869/1199 868/1198 
usemtl _µ¶Õ¢_1set4
f 889/1224 890/1221 891/1222 892/1223 
f 892/1228 891/1225 893/1226 894/1227 
f 894/1227 893/1226 895/1229 896/1230 
f 896/1230 895/1229 897/1231 898/1232 
f 898/1232 897/1231 899/1233 900/1234 
f 900/1234 899/1233 901/1235 902/1236 
f 902/1236 901/1235 903/1237 904/1238 
f 904/1238 903/1237 890/1221 889/1224 
f 905/1242 906/1239 907/1240 908/1241 
f 909/1244 910/1243 906/1239 905/1242 
f 911/1246 912/1245 910/1243 909/1244 
f 913/1248 914/1247 912/1245 911/1246 
f 915/1250 916/1249 914/1247 913/1248 
f 917/1252 918/1251 916/1249 915/1250 
f 919/1256 920/1253 918/1254 917/1255 
f 908/1241 907/1240 920/1253 919/1256 
f 921/1260 922/1257 923/1258 924/1259 
f 925/1262 923/1258 922/1257 926/1261 
f 927/1264 925/1262 926/1261 928/1263 
f 929/1268 927/1265 928/1266 930/1267 
f 931/1270 929/1268 930/1267 932/1269 
f 933/1272 931/1270 932/1269 934/1271 
f 935/1274 933/1272 934/1271 936/1273 
f 924/1259 935/1274 936/1273 921/1260 
f 920/1276 907/1275 923/1258 925/1262 
f 906/1277 924/1259 923/1258 907/1275 
f 935/1274 924/1259 906/1277 910/1278 
f 933/1272 935/1274 910/1278 912/1279 
f 931/1270 933/1272 912/1279 914/1280 
f 929/1268 931/1270 914/1280 916/1281 
f 927/1265 929/1268 916/1281 918/1282 
f 925/1262 927/1264 918/1283 920/1276 
f 926/1261 922/1257 904/1284 889/1285 
f 889/1285 892/1286 928/1263 926/1261 
f 892/1288 894/1287 930/1267 928/1266 
f 894/1287 896/1289 932/1269 930/1267 
f 896/1289 898/1290 934/1271 932/1269 
f 898/1290 900/1291 936/1273 934/1271 
f 900/1291 902/1292 921/1260 936/1273 
f 902/1292 904/1284 922/1257 921/1260 
f 937/1296 938/1293 939/1294 940/1295 
f 941/1298 942/1297 938/1293 937/1296 
f 943/1300 944/1299 942/1297 941/1298 
f 940/1295 939/1294 944/1299 943/1300 
usemtl _µ¶Õ¢_1set2
f 945/1304 946/1301 947/1302 948/1303 
f 948/1303 947/1302 949/1305 950/1306 
f 950/1306 949/1305 951/1307 952/1308 
f 952/1312 951/1309 953/1310 954/1311 
f 954/1311 953/1310 955/1313 956/1314 
f 956/1314 955/1313 957/1315 958/1316 
f 958/1316 957/1315 959/1317 960/1318 
f 960/1318 959/1317 961/1319 962/1320 
f 962/1320 961/1319 963/1321 964/1322 
f 964/1322 963/1321 965/1323 966/1324 
f 966/1324 965/1323 967/1325 968/1326 
f 968/1326 967/1325 946/1301 945/1304 
f 969/1327 970/1328 960/1318 962/1320 
f 970/1328 971/1329 958/1316 960/1318 
f 971/1329 972/1330 956/1314 958/1316 
f 973/1331 954/1311 956/1314 972/1330 
f 974/1332 952/1312 954/1311 973/1331 
f 975/1334 950/1306 952/1308 974/1333 
f 976/1335 948/1303 950/1306 975/1334 
f 977/1336 945/1304 948/1303 976/1335 
f 978/1337 968/1326 945/1304 977/1336 
f 979/1338 966/1324 968/1326 978/1337 
f 979/1338 980/1339 964/1322 966/1324 
f 980/1339 969/1327 962/1320 964/1322 
f 981/1341 947/1302 946/1301 982/1340 
f 983/1342 949/1305 947/1302 981/1341 
f 984/1343 951/1307 949/1305 983/1342 
f 985/1345 953/1310 951/1309 984/1344 
f 986/1346 955/1313 953/1310 985/1345 
f 987/1347 957/1315 955/1313 986/1346 
f 987/1347 988/1348 959/1317 957/1315 
f 988/1348 989/1349 961/1319 959/1317 
f 989/1349 990/1350 963/1321 961/1319 
f 991/1351 965/1323 963/1321 990/1350 
f 992/1352 967/1325 965/1323 991/1351 
f 982/1340 946/1301 967/1325 992/1352 
f 971/1329 970/1328 969/1327 980/1339 979/1338 978/1337 977/1336 976/1335 975/1334 974/1332 973/1331 972/1330 
usemtl _µ¶Õ¢_1set4
f 993/1356 994/1353 995/1354 996/1355 
f 996/1360 995/1357 997/1358 998/1359 
f 998/1359 997/1358 999/1361 1000/1362 
f 1000/1362 999/1361 1001/1363 1002/1364 
f 1002/1364 1001/1363 1003/1365 1004/1366 
f 1004/1366 1003/1365 1005/1367 1006/1368 
f 1006/1368 1005/1367 1007/1369 1008/1370 
f 1008/1370 1007/1369 994/1353 993/1356 
f 1009/1374 1010/1371 1011/1372 1012/1373 
f 1013/1376 1014/1375 1010/1371 1009/1374 
f 1015/1378 1016/1377 1014/1375 1013/1376 
f 1017/1380 1018/1379 1016/1377 1015/1378 
f 1019/1382 1020/1381 1018/1379 1017/1380 
f 1021/1384 1022/1383 1020/1381 1019/1382 
f 1023/1388 1024/1385 1022/1386 1021/1387 
f 1012/1373 1011/1372 1024/1385 1023/1388 
f 1025/1392 1026/1389 1027/1390 1028/1391 
f 1029/1394 1027/1390 1026/1389 1030/1393 
f 1031/1396 1029/1394 1030/1393 1032/1395 
f 1033/1400 1031/1397 1032/1398 1034/1399 
f 1035/1402 1033/1400 1034/1399 1036/1401 
f 1037/1404 1035/1402 1036/1401 1038/1403 
f 1039/1406 1037/1404 1038/1403 1040/1405 
f 1028/1391 1039/1406 1040/1405 1025/1392 
f 1024/1408 1011/1407 1027/1390 1029/1394 
f 1010/1409 1028/1391 1027/1390 1011/1407 
f 1039/1406 1028/1391 1010/1409 1014/1410 
f 1037/1404 1039/1406 1014/1410 1016/1411 
f 1035/1402 1037/1404 1016/1411 1018/1412 
f 1033/1400 1035/1402 1018/1412 1020/1413 
f 1031/1397 1033/1400 1020/1413 1022/1414 
f 1029/1394 1031/1396 1022/1415 1024/1408 
f 1030/1393 1026/1389 1008/1416 993/1417 
f 993/1417 996/1418 1032/1395 1030/1393 
f 996/1420 998/1419 1034/1399 1032/1398 
f 998/1419 1000/1421 1036/1401 1034/1399 
f 1000/1421 1002/1422 1038/1403 1036/1401 
f 1002/1422 1004/1423 1040/1405 1038/1403 
f 1004/1423 1006/1424 1025/1392 1040/1405 
f 1006/1424 1008/1416 1026/1389 1025/1392 
usemtl _µ¶Õ¢_1set2
f 1041/1428 1042/1425 1043/1426 1044/1427 
f 1044/1427 1043/1426 1045/1429 1046/1430 
f 1046/1430 1045/1429 1047/1431 1048/1432 
f 1048/1436 1047/1433 1049/1434 1050/1435 
f 1050/1435 1049/1434 1051/1437 1052/1438 
f 1052/1438 1051/1437 1053/1439 1054/1440 
f 1054/1440 1053/1439 1055/1441 1056/1442 
f 1056/1442 1055/1441 1057/1443 1058/1444 
f 1058/1444 1057/1443 1059/1445 1060/1446 
f 1060/1446 1059/1445 1061/1447 1062/1448 
f 1062/1448 1061/1447 1063/1449 1064/1450 
f 1064/1450 1063/1449 1042/1425 1041/1428 
f 1065/1451 1066/1452 1056/1442 1058/1444 
f 1066/1452 1067/1453 1054/1440 1056/1442 
f 1067/1453 1068/1454 1052/1438 1054/1440 
f 1069/1455 1050/1435 1052/1438 1068/1454 
f 1070/1456 1048/1436 1050/1435 1069/1455 
f 1071/1458 1046/1430 1048/1432 1070/1457 
f 1072/1459 1044/1427 1046/1430 1071/1458 
f 1073/1460 1041/1428 1044/1427 1072/1459 
f 1074/1461 1064/1450 1041/1428 1073/1460 
f 1075/1462 1062/1448 1064/1450 1074/1461 
f 1075/1462 1076/1463 1060/1446 1062/1448 
f 1076/1463 1065/1451 1058/1444 1060/1446 
f 1077/1465 1043/1426 1042/1425 1078/1464 
f 1079/1466 1045/1429 1043/1426 1077/1465 
f 1080/1467 1047/1431 1045/1429 1079/1466 
f 1081/1469 1049/1434 1047/1433 1080/1468 
f 1082/1470 1051/1437 1049/1434 1081/1469 
f 1083/1471 1053/1439 1051/1437 1082/1470 
f 1083/1471 1084/1472 1055/1441 1053/1439 
f 1084/1472 1085/1473 1057/1443 1055/1441 
f 1085/1473 1086/1474 1059/1445 1057/1443 
f 1087/1475 1061/1447 1059/1445 1086/1474 
f 1088/1476 1063/1449 1061/1447 1087/1475 
f 1078/1464 1042/1425 1063/1449 1088/1476 
f 1067/1453 1066/1452 1065/1451 1076/1463 1075/1462 1074/1461 1073/1460 1072/1459 1071/1458 1070/1456 1069/1455 1068/1454 
usemtl _µ¶Õ¢_1set4
f 1089/1480 1090/1477 1091/1478 1092/1479 
f 1092/1479 1091/1478 1093/1481 1094/1482 
f 1094/1482 1093/1481 1095/1483 1096/1484 
f 1096/1484 1095/1483 1097/1485 1098/1486 
f 1098/1490 1097/1487 1099/1488 1100/1489 
f 1100/1489 1099/1488 1101/1491 1102/1492 
f 1102/1492 1101/1491 1103/1493 1104/1494 
f 1104/1494 1103/1493 1090/1477 1089/1480 
f 1105/1498 1106/1495 1107/1496 1108/1497 
f 1109/1502 1110/1499 1111/1500 1112/1501 
f 1113/1506 1114/1503 1115/1504 1116/1505 
f 1117/1510 1115/1507 1114/1508 1118/1509 
f 1119/1514 1117/1511 1118/1512 1120/1513 
f 1116/1518 1119/1515 1120/1516 1113/1517 
f 1121/1522 1122/1519 1123/1520 1124/1521 
f 1109/1524 1112/1523 1116/1505 1115/1504 
f 1125/1528 1126/1525 1127/1526 1128/1527 
f 1111/1530 1110/1529 1117/1511 1119/1514 
f 1129/1534 1130/1531 1131/1532 1132/1533 
f 1106/1536 1120/1513 1118/1512 1107/1535 
f 1133/1540 1134/1537 1135/1538 1136/1539 
f 1108/1542 1114/1503 1113/1506 1105/1541 
f 1122/1544 1111/1530 1119/1514 1123/1543 
f 1123/1520 1119/1515 1116/1518 1124/1521 
f 1124/1546 1116/1505 1112/1523 1121/1545 
f 1121/1522 1112/1501 1111/1500 1122/1519 
f 1126/1548 1109/1524 1115/1504 1127/1547 
f 1127/1526 1115/1507 1117/1510 1128/1527 
f 1128/1550 1117/1511 1110/1529 1125/1549 
f 1125/1528 1110/1499 1109/1502 1126/1525 
f 1130/1552 1114/1503 1108/1542 1131/1551 
f 1131/1532 1108/1497 1107/1496 1132/1533 
f 1132/1554 1107/1535 1118/1512 1129/1553 
f 1129/1534 1118/1555 1114/1556 1130/1531 
f 1134/1537 1113/1517 1120/1516 1135/1538 
f 1135/1558 1120/1513 1106/1536 1136/1557 
f 1136/1539 1106/1495 1105/1498 1133/1540 
f 1133/1560 1105/1541 1113/1506 1134/1559 
f 1137/1564 1138/1561 1139/1562 1140/1563 
f 1141/1568 1142/1565 1143/1566 1144/1567 
f 1145/1572 1146/1569 1147/1570 1148/1571 
f 1149/1576 1147/1573 1146/1574 1150/1575 
f 1151/1580 1149/1577 1150/1578 1152/1579 
f 1148/1584 1151/1581 1152/1582 1145/1583 
f 1153/1588 1154/1585 1155/1586 1156/1587 
f 1141/1590 1144/1589 1148/1571 1147/1570 
f 1157/1594 1158/1591 1159/1592 1160/1593 
f 1143/1596 1142/1595 1149/1577 1151/1580 
f 1161/1600 1162/1597 1163/1598 1164/1599 
f 1138/1602 1152/1579 1150/1578 1139/1601 
f 1165/1606 1166/1603 1167/1604 1168/1605 
f 1140/1608 1146/1569 1145/1572 1137/1607 
f 1154/1610 1143/1596 1151/1580 1155/1609 
f 1155/1586 1151/1581 1148/1584 1156/1587 
f 1156/1612 1148/1571 1144/1589 1153/1611 
f 1153/1588 1144/1567 1143/1566 1154/1585 
f 1158/1614 1141/1590 1147/1570 1159/1613 
f 1159/1592 1147/1573 1149/1576 1160/1593 
f 1160/1616 1149/1577 1142/1595 1157/1615 
f 1157/1594 1142/1565 1141/1568 1158/1591 
f 1162/1618 1146/1569 1140/1608 1163/1617 
f 1163/1598 1140/1563 1139/1562 1164/1599 
f 1164/1620 1139/1601 1150/1578 1161/1619 
f 1161/1600 1150/1621 1146/1622 1162/1597 
f 1166/1603 1145/1583 1152/1582 1167/1604 
f 1167/1624 1152/1579 1138/1602 1168/1623 
f 1168/1605 1138/1561 1137/1564 1165/1606 
f 1165/1626 1137/1607 1145/1572 1166/1625 
f 1169/1630 1170/1627 1171/1628 1172/1629 
f 1173/1634 1174/1631 1175/1632 1176/1633 
f 1177/1638 1178/1635 1179/1636 1180/1637 
f 1181/1642 1179/1639 1178/1640 1182/1641 
f 1183/1646 1181/1643 1182/1644 1184/1645 
f 1180/1650 1183/1647 1184/1648 1177/1649 
f 1185/1654 1186/1651 1187/1652 1188/1653 
f 1173/1656 1176/1655 1180/1637 1179/1636 
f 1189/1660 1190/1657 1191/1658 1192/1659 
f 1175/1662 1174/1661 1181/1643 1183/1646 
f 1193/1666 1194/1663 1195/1664 1196/1665 
f 1170/1668 1184/1645 1182/1644 1171/1667 
f 1197/1672 1198/1669 1199/1670 1200/1671 
f 1172/1674 1178/1635 1177/1638 1169/1673 
f 1186/1676 1175/1662 1183/1646 1187/1675 
f 1187/1652 1183/1647 1180/1650 1188/1653 
f 1188/1678 1180/1637 1176/1655 1185/1677 
f 1185/1654 1176/1633 1175/1632 1186/1651 
f 1190/1680 1173/1656 1179/1636 1191/1679 
f 1191/1658 1179/1639 1181/1642 1192/1659 
f 1192/1682 1181/1643 1174/1661 1189/1681 
f 1189/1660 1174/1631 1173/1634 1190/1657 
f 1194/1684 1178/1635 1172/1674 1195/1683 
f 1195/1664 1172/1629 1171/1628 1196/1665 
f 1196/1686 1171/1667 1182/1644 1193/1685 
f 1193/1666 1182/1687 1178/1688 1194/1663 
f 1198/1669 1177/1649 1184/1648 1199/1670 
f 1199/1690 1184/1645 1170/1668 1200/1689 
f 1200/1671 1170/1627 1169/1630 1197/1672 
f 1197/1692 1169/1673 1177/1638 1198/1691 
f 1201/1696 1202/1693 1203/1694 1204/1695 
f 1204/1695 1203/1694 1205/1697 1206/1698 
f 1206/1698 1205/1697 1207/1699 1208/1700 
f 1208/1700 1207/1699 1209/1701 1210/1702 
f 1210/1706 1209/1703 1211/1704 1212/1705 
f 1212/1705 1211/1704 1213/1707 1214/1708 
f 1214/1708 1213/1707 1215/1709 1216/1710 
f 1216/1710 1215/1709 1202/1693 1201/1696 
f 1217/1714 1218/1711 1219/1712 1220/1713 
f 1221/1718 1222/1715 1223/1716 1224/1717 
f 1225/1722 1226/1719 1227/1720 1228/1721 
f 1229/1726 1227/1723 1226/1724 1230/1725 
f 1231/1730 1229/1727 1230/1728 1232/1729 
f 1228/1734 1231/1731 1232/1732 1225/1733 
f 1233/1738 1234/1735 1235/1736 1236/1737 
f 1221/1740 1224/1739 1228/1721 1227/1720 
f 1237/1744 1238/1741 1239/1742 1240/1743 
f 1223/1746 1222/1745 1229/1727 1231/1730 
f 1241/1750 1242/1747 1243/1748 1244/1749 
f 1218/1752 1232/1729 1230/1728 1219/1751 
f 1245/1756 1246/1753 1247/1754 1248/1755 
f 1220/1758 1226/1719 1225/1722 1217/1757 
f 1234/1760 1223/1746 1231/1730 1235/1759 
f 1235/1736 1231/1731 1228/1734 1236/1737 
f 1236/1762 1228/1721 1224/1739 1233/1761 
f 1233/1738 1224/1717 1223/1716 1234/1735 
f 1238/1764 1221/1740 1227/1720 1239/1763 
f 1239/1742 1227/1723 1229/1726 1240/1743 
f 1240/1766 1229/1727 1222/1745 1237/1765 
f 1237/1744 1222/1715 1221/1718 1238/1741 
f 1242/1768 1226/1719 1220/1758 1243/1767 
f 1243/1748 1220/1713 1219/1712 1244/1749 
f 1244/1770 1219/1751 1230/1728 1241/1769 
f 1241/1750 1230/1771 1226/1772 1242/1747 
f 1246/1753 1225/1733 1232/1732 1247/1754 
f 1247/1774 1232/1729 1218/1752 1248/1773 
f 1248/1755 1218/1711 1217/1714 1245/1756 
f 1245/1776 1217/1757 1225/1722 1246/1775 
usemtl _µ¶Õ¢_1set2
f 1249/1780 1250/1777 1251/1778 1252/1779 
f 1252/1779 1251/1778 1253/1781 1254/1782 
f 1254/1782 1253/1781 1255/1783 1256/1784 
f 1256/1788 1255/1785 1257/1786 1258/1787 
f 1258/1787 1257/1786 1259/1789 1260/1790 
f 1260/1790 1259/1789 1261/1791 1262/1792 
f 1262/1792 1261/1791 1263/1793 1264/1794 
f 1264/1794 1263/1793 1265/1795 1266/1796 
f 1266/1796 1265/1795 1267/1797 1268/1798 
f 1268/1798 1267/1797 1269/1799 1270/1800 
f 1270/1800 1269/1799 1271/1801 1272/1802 
f 1272/1802 1271/1801 1250/1777 1249/1780 
f 1273/1803 1274/1804 1264/1794 1266/1796 
f 1274/1804 1275/1805 1262/1792 1264/1794 
f 1275/1805 1276/1806 1260/1790 1262/1792 
f 1277/1807 1258/1787 1260/1790 1276/1806 
f 1278/1808 1256/1788 1258/1787 1277/1807 
f 1279/1810 1254/1782 1256/1784 1278/1809 
f 1280/1811 1252/1779 1254/1782 1279/1810 
f 1281/1812 1249/1780 1252/1779 1280/1811 
f 1282/1813 1272/1802 1249/1780 1281/1812 
f 1283/1814 1270/1800 1272/1802 1282/1813 
f 1283/1814 1284/1815 1268/1798 1270/1800 
f 1284/1815 1273/1803 1266/1796 1268/1798 
f 1285/1817 1251/1778 1250/1777 1286/1816 
f 1287/1818 1253/1781 1251/1778 1285/1817 
f 1288/1819 1255/1783 1253/1781 1287/1818 
f 1289/1821 1257/1786 1255/1785 1288/1820 
f 1290/1822 1259/1789 1257/1786 1289/1821 
f 1291/1823 1261/1791 1259/1789 1290/1822 
f 1291/1823 1292/1824 1263/1793 1261/1791 
f 1292/1824 1293/1825 1265/1795 1263/1793 
f 1293/1825 1294/1826 1267/1797 1265/1795 
f 1295/1827 1269/1799 1267/1797 1294/1826 
f 1296/1828 1271/1801 1269/1799 1295/1827 
f 1286/1816 1250/1777 1271/1801 1296/1828 
f 1275/1805 1274/1804 1273/1803 1284/1815 1283/1814 1282/1813 1281/1812 1280/1811 1279/1810 1278/1808 1277/1807 1276/1806 
usemtl _µ¶Õ¢_1set4
f 1297/1832 1298/1829 1299/1830 1300/1831 
f 1301/1834 1302/1833 1298/1829 1297/1832 
f 1303/1836 1304/1835 1302/1833 1301/1834 
f 1300/1831 1299/1830 1304/1835 1303/1836 
f 1305/1840 1306/1837 1307/1838 1308/1839 
f 1308/1839 1307/1838 1309/1841 1310/1842 
f 1310/1842 1309/1841 1311/1843 1312/1844 
f 1312/1844 1311/1843 1313/1845 1314/1846 
f 1314/1850 1313/1847 1315/1848 1316/1849 
f 1316/1849 1315/1848 1317/1851 1318/1852 
f 1318/1852 1317/1851 1319/1853 1320/1854 
f 1320/1854 1319/1853 1306/1837 1305/1840 
f 1321/1858 1322/1855 1323/1856 1324/1857 
f 1325/1862 1326/1859 1327/1860 1328/1861 
f 1329/1866 1330/1863 1331/1864 1332/1865 
f 1333/1870 1331/1867 1330/1868 1334/1869 
f 1335/1874 1333/1871 1334/1872 1336/1873 
f 1332/1878 1335/1875 1336/1876 1329/1877 
f 1337/1882 1338/1879 1339/1880 1340/1881 
f 1325/1884 1328/1883 1332/1865 1331/1864 
f 1341/1888 1342/1885 1343/1886 1344/1887 
f 1327/1890 1326/1889 1333/1871 1335/1874 
f 1345/1894 1346/1891 1347/1892 1348/1893 
f 1322/1896 1336/1873 1334/1872 1323/1895 
f 1349/1900 1350/1897 1351/1898 1352/1899 
f 1324/1902 1330/1863 1329/1866 1321/1901 
f 1338/1904 1327/1890 1335/1874 1339/1903 
f 1339/1880 1335/1875 1332/1878 1340/1881 
f 1340/1906 1332/1865 1328/1883 1337/1905 
f 1337/1882 1328/1861 1327/1860 1338/1879 
f 1342/1908 1325/1884 1331/1864 1343/1907 
f 1343/1886 1331/1867 1333/1870 1344/1887 
f 1344/1910 1333/1871 1326/1889 1341/1909 
f 1341/1888 1326/1859 1325/1862 1342/1885 
f 1346/1912 1330/1863 1324/1902 1347/1911 
f 1347/1892 1324/1857 1323/1856 1348/1893 
f 1348/1914 1323/1895 1334/1872 1345/1913 
f 1345/1894 1334/1915 1330/1916 1346/1891 
f 1350/1897 1329/1877 1336/1876 1351/1898 
f 1351/1918 1336/1873 1322/1896 1352/1917 
f 1352/1899 1322/1855 1321/1858 1349/1900 
f 1349/1920 1321/1901 1329/1866 1350/1919 
f 1353/1924 1354/1921 1355/1922 1356/1923 
f 1356/1928 1355/1925 1357/1926 1358/1927 
f 1358/1927 1357/1926 1359/1929 1360/1930 
f 1360/1930 1359/1929 1361/1931 1362/1932 
f 1362/1932 1361/1931 1363/1933 1364/1934 
f 1364/1934 1363/1933 1365/1935 1366/1936 
f 1366/1936 1365/1935 1367/1937 1368/1938 
f 1368/1938 1367/1937 1354/1921 1353/1924 
f 1369/1942 1370/1939 1371/1940 1372/1941 
f 1373/1944 1374/1943 1370/1939 1369/1942 
f 1375/1946 1376/1945 1374/1943 1373/1944 
f 1377/1948 1378/1947 1376/1945 1375/1946 
f 1379/1950 1380/1949 1378/1947 1377/1948 
f 1381/1952 1382/1951 1380/1949 1379/1950 
f 1383/1956 1384/1953 1382/1954 1381/1955 
f 1372/1941 1371/1940 1384/1953 1383/1956 
f 1385/1960 1386/1957 1387/1958 1388/1959 
f 1389/1962 1387/1958 1386/1957 1390/1961 
f 1391/1964 1389/1962 1390/1961 1392/1963 
f 1393/1968 1391/1965 1392/1966 1394/1967 
f 1395/1970 1393/1968 1394/1967 1396/1969 
f 1397/1972 1395/1970 1396/1969 1398/1971 
f 1399/1974 1397/1972 1398/1971 1400/1973 
f 1388/1959 1399/1974 1400/1973 1385/1960 
f 1384/1976 1371/1975 1387/1958 1389/1962 
f 1370/1977 1388/1959 1387/1958 1371/1975 
f 1399/1974 1388/1959 1370/1977 1374/1978 
f 1397/1972 1399/1974 1374/1978 1376/1979 
f 1395/1970 1397/1972 1376/1979 1378/1980 
f 1393/1968 1395/1970 1378/1980 1380/1981 
f 1391/1965 1393/1968 1380/1981 1382/1982 
f 1389/1962 1391/1964 1382/1983 1384/1976 
f 1390/1961 1386/1957 1368/1984 1353/1985 
f 1353/1985 1356/1986 1392/1963 1390/1961 
f 1356/1988 1358/1987 1394/1967 1392/1966 
f 1358/1987 1360/1989 1396/1969 1394/1967 
f 1360/1989 1362/1990 1398/1971 1396/1969 
f 1362/1990 1364/1991 1400/1973 1398/1971 
f 1364/1991 1366/1992 1385/1960 1400/1973 
f 1366/1992 1368/1984 1386/1957 1385/1960 
usemtl _µ¶Õ¢_1set2
f 1401/1996 1402/1993 1403/1994 1404/1995 
f 1404/1995 1403/1994 1405/1997 1406/1998 
f 1406/1998 1405/1997 1407/1999 1408/2000 
f 1408/2004 1407/2001 1409/2002 1410/2003 
f 1410/2003 1409/2002 1411/2005 1412/2006 
f 1412/2006 1411/2005 1413/2007 1414/2008 
f 1414/2008 1413/2007 1415/2009 1416/2010 
f 1416/2010 1415/2009 1417/2011 1418/2012 
f 1418/2012 1417/2011 1419/2013 1420/2014 
f 1420/2014 1419/2013 1421/2015 1422/2016 
f 1422/2016 1421/2015 1423/2017 1424/2018 
f 1424/2018 1423/2017 1402/1993 1401/1996 
f 1425/2019 1426/2020 1416/2010 1418/2012 
f 1426/2020 1427/2021 1414/2008 1416/2010 
f 1427/2021 1428/2022 1412/2006 1414/2008 
f 1429/2023 1410/2003 1412/2006 1428/2022 
f 1430/2024 1408/2004 1410/2003 1429/2023 
f 1431/2026 1406/1998 1408/2000 1430/2025 
f 1432/2027 1404/1995 1406/1998 1431/2026 
f 1433/2028 1401/1996 1404/1995 1432/2027 
f 1434/2029 1424/2018 1401/1996 1433/2028 
f 1435/2030 1422/2016 1424/2018 1434/2029 
f 1435/2030 1436/2031 1420/2014 1422/2016 
f 1436/2031 1425/2019 1418/2012 1420/2014 
f 1437/2033 1403/1994 1402/1993 1438/2032 
f 1439/2034 1405/1997 1403/1994 1437/2033 
f 1440/2035 1407/1999 1405/1997 1439/2034 
f 1441/2037 1409/2002 1407/2001 1440/2036 
f 1442/2038 1411/2005 1409/2002 1441/2037 
f 1443/2039 1413/2007 1411/2005 1442/2038 
f 1443/2039 1444/2040 1415/2009 1413/2007 
f 1444/2040 1445/2041 1417/2011 1415/2009 
f 1445/2041 1446/2042 1419/2013 1417/2011 
f 1447/2043 1421/2015 1419/2013 1446/2042 
f 1448/2044 1423/2017 1421/2015 1447/2043 
f 1438/2032 1402/1993 1423/2017 1448/2044 
f 1427/2021 1426/2020 1425/2019 1436/2031 1435/2030 1434/2029 1433/2028 1432/2027 1431/2026 1430/2024 1429/2023 1428/2022 
usemtl _µ¶Õ¢_1set4
f 1449/2048 1450/2045 1451/2046 1452/2047 
f 1452/2047 1451/2046 1453/2049 1454/2050 
f 1454/2050 1453/2049 1455/2051 1456/2052 
f 1456/2052 1455/2051 1457/2053 1458/2054 
f 1458/2058 1457/2055 1459/2056 1460/2057 
f 1460/2057 1459/2056 1461/2059 1462/2060 
f 1462/2060 1461/2059 1463/2061 1464/2062 
f 1464/2062 1463/2061 1450/2045 1449/2048 
usemtl _µ¶Õ¢_1set2
f 1465/2066 1466/2063 1467/2064 1468/2065 
f 1468/2065 1467/2064 1469/2067 1470/2068 
f 1470/2068 1469/2067 1471/2069 1472/2070 
f 1472/2074 1471/2071 1473/2072 1474/2073 
f 1474/2073 1473/2072 1475/2075 1476/2076 
f 1476/2076 1475/2075 1477/2077 1478/2078 
f 1478/2078 1477/2077 1479/2079 1480/2080 
f 1480/2080 1479/2079 1481/2081 1482/2082 
f 1482/2082 1481/2081 1483/2083 1484/2084 
f 1484/2084 1483/2083 1485/2085 1486/2086 
f 1486/2086 1485/2085 1487/2087 1488/2088 
f 1488/2088 1487/2087 1466/2063 1465/2066 
f 1489/2089 1490/2090 1480/2080 1482/2082 
f 1490/2090 1491/2091 1478/2078 1480/2080 
f 1491/2091 1492/2092 1476/2076 1478/2078 
f 1493/2093 1474/2073 1476/2076 1492/2092 
f 1494/2094 1472/2074 1474/2073 1493/2093 
f 1495/2096 1470/2068 1472/2070 1494/2095 
f 1496/2097 1468/2065 1470/2068 1495/2096 
f 1497/2098 1465/2066 1468/2065 1496/2097 
f 1498/2099 1488/2088 1465/2066 1497/2098 
f 1499/2100 1486/2086 1488/2088 1498/2099 
f 1499/2100 1500/2101 1484/2084 1486/2086 
f 1500/2101 1489/2089 1482/2082 1484/2084 
f 1501/2103 1467/2064 1466/2063 1502/2102 
f 1503/2104 1469/2067 1467/2064 1501/2103 
f 1504/2105 1471/2069 1469/2067 1503/2104 
f 1505/2107 1473/2072 1471/2071 1504/2106 
f 1506/2108 1475/2075 1473/2072 1505/2107 
f 1507/2109 1477/2077 1475/2075 1506/2108 
f 1507/2109 1508/2110 1479/2079 1477/2077 
f 1508/2110 1509/2111 1481/2081 1479/2079 
f 1509/2111 1510/2112 1483/2083 1481/2081 
f 1511/2113 1485/2085 1483/2083 1510/2112 
f 1512/2114 1487/2087 1485/2085 1511/2113 
f 1502/2102 1466/2063 1487/2087 1512/2114 
f 1491/2091 1490/2090 1489/2089 1500/2101 1499/2100 1498/2099 1497/2098 1496/2097 1495/2096 1494/2094 1493/2093 1492/2092 
usemtl _µ¶Õ¢_1set4
f 1513/2118 1514/2115 1515/2116 1516/2117 
f 1517/2122 1518/2119 1519/2120 1520/2121 
f 1521/2126 1522/2123 1523/2124 1524/2125 
f 1525/2130 1523/2127 1522/2128 1526/2129 
f 1527/2134 1525/2131 1526/2132 1528/2133 
f 1524/2138 1527/2135 1528/2136 1521/2137 
f 1529/2142 1530/2139 1531/2140 1532/2141 
f 1517/2144 1520/2143 1524/2125 1523/2124 
f 1533/2148 1534/2145 1535/2146 1536/2147 
f 1519/2150 1518/2149 1525/2131 1527/2134 
f 1537/2154 1538/2151 1539/2152 1540/2153 
f 1514/2156 1528/2133 1526/2132 1515/2155 
f 1541/2160 1542/2157 1543/2158 1544/2159 
f 1516/2162 1522/2123 1521/2126 1513/2161 
f 1530/2164 1519/2150 1527/2134 1531/2163 
f 1531/2140 1527/2135 1524/2138 1532/2141 
f 1532/2166 1524/2125 1520/2143 1529/2165 
f 1529/2142 1520/2121 1519/2120 1530/2139 
f 1534/2168 1517/2144 1523/2124 1535/2167 
f 1535/2146 1523/2127 1525/2130 1536/2147 
f 1536/2170 1525/2131 1518/2149 1533/2169 
f 1533/2148 1518/2119 1517/2122 1534/2145 
f 1538/2172 1522/2123 1516/2162 1539/2171 
f 1539/2152 1516/2117 1515/2116 1540/2153 
f 1540/2174 1515/2155 1526/2132 1537/2173 
f 1537/2154 1526/2175 1522/2176 1538/2151 
f 1542/2157 1521/2137 1528/2136 1543/2158 
f 1543/2178 1528/2133 1514/2156 1544/2177 
f 1544/2159 1514/2115 1513/2118 1541/2160 
f 1541/2180 1513/2161 1521/2126 1542/2179 
f 1545/2184 1546/2181 1547/2182 1548/2183 
f 1548/2188 1547/2185 1549/2186 1550/2187 
f 1550/2187 1549/2186 1551/2189 1552/2190 
f 1552/2190 1551/2189 1553/2191 1554/2192 
f 1554/2192 1553/2191 1555/2193 1556/2194 
f 1556/2194 1555/2193 1557/2195 1558/2196 
f 1558/2196 1557/2195 1559/2197 1560/2198 
f 1560/2198 1559/2197 1546/2181 1545/2184 
f 1561/2202 1562/2199 1563/2200 1564/2201 
f 1565/2204 1566/2203 1562/2199 1561/2202 
f 1567/2206 1568/2205 1566/2203 1565/2204 
f 1569/2208 1570/2207 1568/2205 1567/2206 
f 1571/2210 1572/2209 1570/2207 1569/2208 
f 1573/2212 1574/2211 1572/2209 1571/2210 
f 1575/2216 1576/2213 1574/2214 1573/2215 
f 1564/2201 1563/2200 1576/2213 1575/2216 
f 1577/2220 1578/2217 1579/2218 1580/2219 
f 1581/2222 1579/2218 1578/2217 1582/2221 
f 1583/2224 1581/2222 1582/2221 1584/2223 
f 1585/2228 1583/2225 1584/2226 1586/2227 
f 1587/2230 1585/2228 1586/2227 1588/2229 
f 1589/2232 1587/2230 1588/2229 1590/2231 
f 1591/2234 1589/2232 1590/2231 1592/2233 
f 1580/2219 1591/2234 1592/2233 1577/2220 
f 1576/2236 1563/2235 1579/2218 1581/2222 
f 1562/2237 1580/2219 1579/2218 1563/2235 
f 1591/2234 1580/2219 1562/2237 1566/2238 
f 1589/2232 1591/2234 1566/2238 1568/2239 
f 1587/2230 1589/2232 1568/2239 1570/2240 
f 1585/2228 1587/2230 1570/2240 1572/2241 
f 1583/2225 1585/2228 1572/2241 1574/2242 
f 1581/2222 1583/2224 1574/2243 1576/2236 
f 1582/2221 1578/2217 1560/2244 1545/2245 
f 1545/2245 1548/2246 1584/2223 1582/2221 
f 1548/2248 1550/2247 1586/2227 1584/2226 
f 1550/2247 1552/2249 1588/2229 1586/2227 
f 1552/2249 1554/2250 1590/2231 1588/2229 
f 1554/2250 1556/2251 1592/2233 1590/2231 
f 1556/2251 1558/2252 1577/2220 1592/2233 
f 1558/2252 1560/2244 1578/2217 1577/2220 
# 1270 polygons

