# 3ds Max Wavefront OBJ Exporter v0.97b - (c)2007 guruware
# ´´½¨µÄÎÄ¼ş:15.05.2020 10:28:36

mtllib transformer_1005_01_01.mtl

#
# object ¶ÔÏó10296
#

v  -122.5698 3.2634 78.3524
v  -122.5697 3.4432 77.9184
v  -122.5697 3.8775 77.7386
v  -122.5697 4.3116 77.9184
v  -122.5700 4.4914 78.3524
v  -122.6755 3.4432 77.9186
v  -122.6756 3.8774 77.7386
v  -122.6756 3.2633 78.3527
v  -122.5698 3.4432 78.7867
v  -122.6757 3.4432 78.7867
v  -122.5698 3.8775 78.9668
v  -122.6758 3.8774 78.9662
v  -122.5697 4.3116 78.7869
v  -122.6759 4.3116 78.7865
v  -122.6756 4.4914 78.3527
v  -122.6757 4.3116 77.9184
v  -124.0714 3.5042 77.9794
v  -124.0713 3.8774 77.8250
v  -122.6712 3.8774 77.8246
v  -122.6711 3.5042 77.9794
v  -124.0712 3.3495 78.3528
v  -122.6713 3.3495 78.3524
v  -124.0711 3.5042 78.7261
v  -122.6713 3.5042 78.7260
v  -124.0714 3.8774 78.8805
v  -122.6711 3.8774 78.8805
v  -124.0711 4.2507 78.7261
v  -122.6713 4.2507 78.7260
v  -124.0712 4.4053 78.3528
v  -122.6713 4.4054 78.3527
v  -124.0714 4.2507 77.9794
v  -122.6713 4.2507 77.9794
v  -125.6419 3.8775 77.7388
v  -125.6418 3.4432 77.9186
v  -125.6419 3.2634 78.3528
v  -125.6419 4.4914 78.3528
v  -125.6418 4.3116 77.9186
v  -125.5361 3.8774 77.7387
v  -125.5361 3.4432 77.9182
v  -125.5360 3.2633 78.3528
v  -125.6420 3.4432 78.7869
v  -125.5360 3.4432 78.7871
v  -125.6418 3.8775 78.9669
v  -125.5361 3.8774 78.9669
v  -125.6417 4.3116 78.7870
v  -125.5360 4.3116 78.7869
v  -125.5360 4.4914 78.3528
v  -125.5361 4.3116 77.9182
v  -125.5404 3.5042 77.9794
v  -125.5403 3.8774 77.8247
v  -125.5404 3.3495 78.3526
v  -125.5402 3.5042 78.7261
v  -125.5404 3.8774 78.8808
v  -125.5403 4.2507 78.7262
v  -125.5404 4.4054 78.3528
v  -125.5404 4.2507 77.9790
v  -123.6150 3.4617 83.5081
v  -123.6492 3.4617 83.5686
v  -123.6493 4.8266 83.5685
v  -123.6150 4.8266 83.5081
v  -123.6486 3.4617 83.6381
v  -123.6486 4.8266 83.6381
v  -123.6134 3.4617 83.6979
v  -123.6134 4.8266 83.6979
v  -123.5530 3.4617 83.7320
v  -123.5530 4.8266 83.7320
v  -123.4835 3.4617 83.7315
v  -123.4835 4.8266 83.7315
v  -123.4237 3.4617 83.6963
v  -123.4237 4.8266 83.6963
v  -123.3894 3.4617 83.6359
v  -123.3894 4.8266 83.6359
v  -123.3900 3.4617 83.5664
v  -123.3900 4.8266 83.5663
v  -123.4252 3.4617 83.5065
v  -123.4252 4.8266 83.5065
v  -123.4857 3.4617 83.4723
v  -123.4857 4.8266 83.4723
v  -123.5551 3.4617 83.4728
v  -123.5551 4.8266 83.4729
v  -123.6378 4.8379 83.5716
v  -123.6373 4.8379 83.6350
v  -123.6052 4.8379 83.6894
v  -123.5499 4.8379 83.7207
v  -123.4866 4.8379 83.7201
v  -123.4321 4.8379 83.6880
v  -123.4008 4.8379 83.6330
v  -123.4014 4.8379 83.5695
v  -123.4335 4.8379 83.5149
v  -123.4887 4.8379 83.4837
v  -123.5520 4.8379 83.4843
v  -123.6066 4.8379 83.5164
v  -125.1502 2.8365 81.9224
v  -125.1398 2.8363 81.9413
v  -125.1541 2.8363 81.9563
v  -125.1698 2.8366 81.9279
v  -125.1501 2.8366 81.9005
v  -125.1697 2.8367 81.8952
v  -125.1397 2.8366 81.8817
v  -125.1540 2.8368 81.8667
v  -125.1217 2.8366 81.8709
v  -125.1268 2.8367 81.8503
v  -125.1009 2.8365 81.8708
v  -125.0956 2.8366 81.8503
v  -125.0830 2.8363 81.8815
v  -125.0686 2.8363 81.8666
v  -125.0726 2.8362 81.9004
v  -125.0530 2.8361 81.8948
v  -125.0726 2.8361 81.9223
v  -125.0531 2.8359 81.9278
v  -125.0831 2.8360 81.9411
v  -125.0687 2.8359 81.9561
v  -125.1010 2.8361 81.9521
v  -125.0958 2.8359 81.9726
v  -125.1218 2.8362 81.9521
v  -125.1271 2.8361 81.9726
v  -125.1734 2.8391 81.9289
v  -125.1569 2.8388 81.9589
v  -125.1566 3.1917 81.9590
v  -125.1732 3.1916 81.9291
v  -125.1733 2.8393 81.8941
v  -125.1731 3.1916 81.8943
v  -125.1567 2.8393 81.8639
v  -125.1564 3.1915 81.8643
v  -125.1279 2.8393 81.8465
v  -125.1278 3.1916 81.8466
v  -125.0948 2.8391 81.8463
v  -125.0946 3.1916 81.8467
v  -125.0661 2.8388 81.8638
v  -125.0659 3.1917 81.8639
v  -125.0496 2.8386 81.8937
v  -125.0494 3.1917 81.8940
v  -125.0496 2.8384 81.9285
v  -125.0495 3.1918 81.9287
v  -125.0662 2.8384 81.9588
v  -125.0661 3.1918 81.9588
v  -125.0950 2.8384 81.9761
v  -125.0948 3.1918 81.9763
v  -125.1282 2.8386 81.9762
v  -125.1279 3.1917 81.9765
v  -125.1698 3.1941 81.8949
v  -125.1698 3.1941 81.9278
v  -125.1542 3.1942 81.9562
v  -125.1115 3.1942 81.9114
v  -125.1269 3.1941 81.8503
v  -125.1541 3.1941 81.8667
v  -125.0957 3.1941 81.8501
v  -125.0531 3.1943 81.8948
v  -125.0686 3.1942 81.8665
v  -125.0531 3.1943 81.9278
v  -125.0959 3.1943 81.9726
v  -125.0689 3.1943 81.9561
v  -125.1272 3.1943 81.9726
v  -125.1502 2.8365 81.3439
v  -125.1397 2.8363 81.3627
v  -125.1541 2.8363 81.3778
v  -125.1698 2.8366 81.3494
v  -125.1501 2.8366 81.3221
v  -125.1697 2.8367 81.3166
v  -125.1397 2.8366 81.3031
v  -125.1540 2.8368 81.2882
v  -125.1217 2.8366 81.2923
v  -125.1269 2.8367 81.2718
v  -125.1009 2.8365 81.2921
v  -125.0956 2.8366 81.2716
v  -125.0829 2.8363 81.3031
v  -125.0686 2.8363 81.2880
v  -125.0726 2.8362 81.3219
v  -125.0530 2.8361 81.3164
v  -125.0726 2.8361 81.3438
v  -125.0531 2.8359 81.3490
v  -125.0830 2.8360 81.3627
v  -125.0687 2.8359 81.3776
v  -125.1011 2.8361 81.3734
v  -125.0958 2.8359 81.3941
v  -125.1219 2.8362 81.3736
v  -125.1271 2.8361 81.3942
v  -125.1734 2.8391 81.3503
v  -125.1568 2.8388 81.3804
v  -125.1567 3.1917 81.3805
v  -125.1732 3.1916 81.3505
v  -125.1733 2.8393 81.3156
v  -125.1731 3.1916 81.3157
v  -125.1567 2.8393 81.2853
v  -125.1565 3.1915 81.2854
v  -125.1279 2.8393 81.2680
v  -125.1277 3.1916 81.2682
v  -125.0947 2.8391 81.2680
v  -125.0946 3.1916 81.2681
v  -125.0661 2.8388 81.2852
v  -125.0659 3.1917 81.2854
v  -125.0496 2.8386 81.3153
v  -125.0494 3.1917 81.3156
v  -125.0496 2.8384 81.3501
v  -125.0494 3.1918 81.3503
v  -125.0663 2.8384 81.3803
v  -125.0661 3.1918 81.3804
v  -125.0950 2.8384 81.3976
v  -125.0948 3.1918 81.3979
v  -125.1281 2.8386 81.3977
v  -125.1281 3.1917 81.3979
v  -125.1697 3.1941 81.3166
v  -125.1698 3.1941 81.3493
v  -125.1542 3.1942 81.3777
v  -125.1115 3.1942 81.3328
v  -125.1269 3.1941 81.2718
v  -125.1540 3.1941 81.2881
v  -125.0957 3.1941 81.2716
v  -125.0530 3.1943 81.3164
v  -125.0686 3.1942 81.2881
v  -125.0531 3.1943 81.3492
v  -125.0959 3.1943 81.3941
v  -125.0688 3.1943 81.3775
v  -125.1272 3.1943 81.3941
v  -125.1502 2.8365 80.7533
v  -125.1398 2.8363 80.7721
v  -125.1541 2.8363 80.7871
v  -125.1698 2.8366 80.7588
v  -125.1501 2.8366 80.7316
v  -125.1696 2.8367 80.7260
v  -125.1397 2.8366 80.7126
v  -125.1540 2.8368 80.6977
v  -125.1217 2.8366 80.7017
v  -125.1268 2.8367 80.6812
v  -125.1008 2.8365 80.7017
v  -125.0957 2.8366 80.6811
v  -125.0830 2.8363 80.7126
v  -125.0686 2.8363 80.6975
v  -125.0726 2.8362 80.7315
v  -125.0529 2.8361 80.7259
v  -125.0726 2.8361 80.7532
v  -125.0531 2.8359 80.7586
v  -125.0831 2.8360 80.7720
v  -125.0687 2.8359 80.7870
v  -125.1011 2.8361 80.7829
v  -125.0958 2.8359 80.8035
v  -125.1218 2.8362 80.7831
v  -125.1272 2.8361 80.8035
v  -125.1734 2.8391 80.7598
v  -125.1568 2.8388 80.7898
v  -125.1566 3.1917 80.7901
v  -125.1732 3.1916 80.7600
v  -125.1734 2.8393 80.7250
v  -125.1732 3.1916 80.7251
v  -125.1567 2.8393 80.6949
v  -125.1565 3.1915 80.6950
v  -125.1279 2.8393 80.6774
v  -125.1277 3.1916 80.6778
v  -125.0947 2.8391 80.6774
v  -125.0946 3.1916 80.6775
v  -125.0661 2.8388 80.6947
v  -125.0659 3.1917 80.6949
v  -125.0495 2.8386 80.7248
v  -125.0494 3.1917 80.7250
v  -125.0496 2.8384 80.7596
v  -125.0494 3.1918 80.7597
v  -125.0663 2.8384 80.7896
v  -125.0661 3.1918 80.7898
v  -125.0950 2.8384 80.8072
v  -125.0949 3.1918 80.8073
v  -125.1282 2.8386 80.8070
v  -125.1280 3.1917 80.8073
v  -125.1697 3.1941 80.7261
v  -125.1698 3.1941 80.7588
v  -125.1543 3.1942 80.7871
v  -125.1114 3.1942 80.7422
v  -125.1269 3.1941 80.6812
v  -125.1540 3.1941 80.6975
v  -125.0957 3.1941 80.6811
v  -125.0531 3.1943 80.7259
v  -125.0686 3.1942 80.6974
v  -125.0531 3.1943 80.7586
v  -125.0959 3.1943 80.8035
v  -125.0688 3.1943 80.7870
v  -125.1272 3.1943 80.8035
v  -123.5866 3.4617 83.5360
v  -123.6107 3.4617 83.5785
v  -123.5445 3.4617 83.5113
v  -123.4957 3.4617 83.5109
v  -123.4532 3.4617 83.5349
v  -123.4284 3.4617 83.5772
v  -123.4280 3.4617 83.6258
v  -123.4520 3.4617 83.6684
v  -123.4942 3.4617 83.6930
v  -123.5430 3.4617 83.6934
v  -123.5855 3.4617 83.6695
v  -123.6102 3.4617 83.6275
v  -123.5866 3.4037 83.5360
v  -123.6107 3.4037 83.5785
v  -123.5445 3.4037 83.5113
v  -123.4957 3.4037 83.5109
v  -123.4532 3.4037 83.5349
v  -123.4284 3.4037 83.5772
v  -123.4280 3.4037 83.6258
v  -123.4520 3.4037 83.6684
v  -123.4942 3.4037 83.6930
v  -123.5430 3.4037 83.6934
v  -123.5855 3.4037 83.6695
v  -123.6102 3.4037 83.6275
v  -124.7681 3.0351 82.4740
v  -124.8023 3.0351 82.5345
v  -124.8023 4.4000 82.5345
v  -124.7682 4.4000 82.4739
v  -124.8018 3.0351 82.6038
v  -124.8018 4.4000 82.6038
v  -124.7666 3.0351 82.6638
v  -124.7666 4.4000 82.6638
v  -124.7061 3.0351 82.6979
v  -124.7061 4.4000 82.6979
v  -124.6367 3.0351 82.6973
v  -124.6367 4.4000 82.6973
v  -124.5767 3.0351 82.6623
v  -124.5767 4.4000 82.6623
v  -124.5426 3.0351 82.6017
v  -124.5426 4.4000 82.6017
v  -124.5431 3.0351 82.5323
v  -124.5431 4.4000 82.5323
v  -124.5784 3.0351 82.4723
v  -124.5784 4.4000 82.4723
v  -124.6388 3.0351 82.4381
v  -124.6388 4.4000 82.4381
v  -124.7083 3.0351 82.4388
v  -124.7083 4.4000 82.4388
v  -124.7910 4.4114 82.5374
v  -124.7904 4.4114 82.6007
v  -124.7583 4.4114 82.6553
v  -124.7031 4.4114 82.6866
v  -124.6398 4.4114 82.6861
v  -124.5852 4.4114 82.6540
v  -124.5539 4.4114 82.5987
v  -124.5545 4.4114 82.5353
v  -124.5866 4.4114 82.4807
v  -124.6418 4.4114 82.4495
v  -124.7051 4.4114 82.4502
v  -124.7598 4.4114 82.4821
v  -124.7397 3.0351 82.5019
v  -124.7638 3.0351 82.5443
v  -124.6976 3.0351 82.4771
v  -124.6488 3.0351 82.4767
v  -124.6063 3.0351 82.5008
v  -124.5816 3.0351 82.5429
v  -124.5811 3.0351 82.5917
v  -124.6051 3.0351 82.6342
v  -124.6472 3.0351 82.6590
v  -124.6961 3.0351 82.6593
v  -124.7386 3.0351 82.6353
v  -124.7634 3.0351 82.5932
v  -124.7397 2.9771 82.5019
v  -124.7638 2.9771 82.5443
v  -124.6976 2.9771 82.4771
v  -124.6488 2.9771 82.4767
v  -124.6063 2.9771 82.5008
v  -124.5816 2.9771 82.5429
v  -124.5811 2.9771 82.5917
v  -124.6051 2.9771 82.6342
v  -124.6472 2.9771 82.6590
v  -124.6961 2.9771 82.6593
v  -124.7386 2.9771 82.6353
v  -124.7634 2.9771 82.5932
v  -123.6150 3.4617 81.7322
v  -123.6492 3.4617 81.7926
v  -123.6492 4.8266 81.7926
v  -123.6150 4.8266 81.7322
v  -123.6486 3.4617 81.8621
v  -123.6486 4.8266 81.8621
v  -123.6134 3.4617 81.9219
v  -123.6134 4.8266 81.9219
v  -123.5529 3.4617 81.9562
v  -123.5530 4.8266 81.9561
v  -123.4835 3.4617 81.9556
v  -123.4835 4.8266 81.9556
v  -123.4237 3.4617 81.9202
v  -123.4237 4.8266 81.9202
v  -123.3895 3.4617 81.8598
v  -123.3894 4.8266 81.8599
v  -123.3900 3.4617 81.7904
v  -123.3900 4.8266 81.7904
v  -123.4252 3.4617 81.7306
v  -123.4252 4.8266 81.7306
v  -123.4857 3.4617 81.6962
v  -123.4857 4.8266 81.6962
v  -123.5551 3.4617 81.6968
v  -123.5551 4.8266 81.6968
v  -123.6378 4.8379 81.7954
v  -123.6373 4.8379 81.8588
v  -123.6052 4.8379 81.9135
v  -123.5501 4.8379 81.9446
v  -123.4866 4.8379 81.9442
v  -123.4321 4.8379 81.9119
v  -123.4008 4.8379 81.8570
v  -123.4014 4.8379 81.7935
v  -123.4335 4.8379 81.7388
v  -123.4886 4.8379 81.7078
v  -123.5520 4.8379 81.7082
v  -123.6066 4.8379 81.7404
v  -123.5866 3.4617 81.7600
v  -123.6107 3.4617 81.8025
v  -123.5445 3.4617 81.7353
v  -123.4957 3.4617 81.7348
v  -123.4532 3.4617 81.7588
v  -123.4284 3.4617 81.8011
v  -123.4281 3.4617 81.8498
v  -123.4522 3.4617 81.8922
v  -123.4942 3.4617 81.9171
v  -123.5430 3.4617 81.9175
v  -123.5855 3.4617 81.8935
v  -123.6102 3.4617 81.8513
v  -123.5866 3.4037 81.7600
v  -123.6107 3.4037 81.8025
v  -123.5445 3.4037 81.7353
v  -123.4957 3.4037 81.7348
v  -123.4532 3.4037 81.7588
v  -123.4284 3.4037 81.8011
v  -123.4281 3.4037 81.8498
v  -123.4522 3.4037 81.8922
v  -123.4942 3.4037 81.9171
v  -123.5430 3.4037 81.9175
v  -123.5855 3.4037 81.8935
v  -123.6102 3.4037 81.8513
v  -123.6151 3.4617 80.1443
v  -123.6492 3.4617 80.2049
v  -123.6492 4.8266 80.2049
v  -123.6151 4.8266 80.1443
v  -123.6487 3.4617 80.2743
v  -123.6487 4.8266 80.2743
v  -123.6134 3.4617 80.3343
v  -123.6134 4.8266 80.3343
v  -123.5529 3.4617 80.3686
v  -123.5529 4.8266 80.3686
v  -123.4835 3.4617 80.3680
v  -123.4835 4.8266 80.3680
v  -123.4237 3.4617 80.3326
v  -123.4237 4.8266 80.3326
v  -123.3895 3.4617 80.2721
v  -123.3895 4.8266 80.2721
v  -123.3900 3.4617 80.2028
v  -123.3900 4.8266 80.2028
v  -123.4252 3.4617 80.1427
v  -123.4252 4.8266 80.1427
v  -123.4857 3.4617 80.1087
v  -123.4857 4.8266 80.1087
v  -123.5551 3.4617 80.1093
v  -123.5551 4.8266 80.1093
v  -123.6378 4.8379 80.2079
v  -123.6373 4.8379 80.2711
v  -123.6051 4.8379 80.3260
v  -123.5500 4.8379 80.3571
v  -123.4867 4.8379 80.3564
v  -123.4321 4.8379 80.3242
v  -123.4009 4.8379 80.2692
v  -123.4013 4.8379 80.2060
v  -123.4335 4.8379 80.1513
v  -123.4886 4.8379 80.1201
v  -123.5521 4.8379 80.1205
v  -123.6066 4.8379 80.1526
v  -123.5866 3.4617 80.1724
v  -123.6106 3.4617 80.2150
v  -123.5444 3.4617 80.1477
v  -123.4957 3.4617 80.1472
v  -123.4532 3.4617 80.1713
v  -123.4284 3.4617 80.2133
v  -123.4280 3.4617 80.2622
v  -123.4521 3.4617 80.3046
v  -123.4942 3.4617 80.3295
v  -123.5429 3.4617 80.3300
v  -123.5854 3.4617 80.3058
v  -123.6102 3.4617 80.2637
v  -123.5866 3.4037 80.1724
v  -123.6106 3.4037 80.2150
v  -123.5444 3.4037 80.1477
v  -123.4957 3.4037 80.1472
v  -123.4532 3.4037 80.1713
v  -123.4284 3.4037 80.2133
v  -123.4280 3.4037 80.2622
v  -123.4521 3.4037 80.3046
v  -123.4942 3.4037 80.3295
v  -123.5429 3.4037 80.3300
v  -123.5854 3.4037 80.3058
v  -123.6102 3.4037 80.2637
v  -123.2139 2.4394 84.2702
v  -123.2139 2.4705 84.2702
v  -125.3117 2.4706 84.2702
v  -125.3117 2.4394 84.2702
v  -125.4517 2.4394 79.6743
v  -125.4516 2.4394 84.1302
v  -125.4516 2.4706 84.1302
v  -125.4516 2.4706 79.6745
v  -123.0739 2.4394 84.1302
v  -123.0739 2.4394 79.6743
v  -123.0739 2.4705 79.6743
v  -123.0739 2.4705 84.1302
v  -123.2139 2.4705 79.5345
v  -125.3117 2.4706 79.5343
v  -125.3894 2.4706 79.5500
v  -125.4361 2.4706 79.5966
v  -125.4361 2.4706 84.2079
v  -125.3895 2.4706 84.2545
v  -123.1362 2.4705 84.2545
v  -123.0894 2.4705 84.2080
v  -123.0895 2.4705 79.5966
v  -123.1361 2.4705 79.5498
v  -125.3116 2.4394 79.5343
v  -123.2139 2.4394 79.5345
v  -123.0895 2.4394 84.2078
v  -123.1361 2.4394 84.2547
v  -125.3894 2.4394 84.2545
v  -125.4361 2.4394 84.2079
v  -125.4361 2.4394 79.5967
v  -125.3894 2.4394 79.5500
v  -123.1361 2.4394 79.5498
v  -123.0895 2.4394 79.5966
v  -125.2509 2.3917 79.7489
v  -123.2746 2.3917 79.7491
v  -123.2746 0.2500 79.7322
v  -125.2509 0.2500 79.7323
v  -125.2509 2.3917 84.1369
v  -125.2509 0.2500 84.1369
v  -123.2747 0.2500 84.1369
v  -123.2747 2.3917 84.1367
v  -126.1625 0.9655 82.3030
v  -126.1626 0.9339 82.5612
v  -126.1626 2.1343 82.5612
v  -126.1625 2.1026 82.3030
v  -126.1626 0.9655 82.8191
v  -126.1626 2.1026 82.8191
v  -125.5049 2.1026 82.3030
v  -125.5049 0.9656 82.3030
v  -125.5049 0.9339 82.5611
v  -125.5049 0.9656 82.8190
v  -125.5049 2.1026 82.8190
v  -125.5048 2.1343 82.5612
v  -124.9215 2.6761 80.5802
v  -124.9216 2.6761 82.0983
v  -124.9216 2.4672 82.0983
v  -124.9215 2.4672 80.5804
v  -125.3089 2.6761 80.5802
v  -125.3089 2.4672 80.5802
v  -125.3089 2.6761 82.0983
v  -125.3089 2.4672 82.0983
v  -125.3278 2.6914 82.1247
v  -124.9020 2.6914 82.1245
v  -124.9020 2.6914 80.5573
v  -125.3278 2.6914 80.5574
v  -124.9019 2.6745 82.1247
v  -124.9020 2.6745 80.5573
v  -125.3278 2.6745 80.5574
v  -125.3278 2.6745 82.1247
v  -124.9838 3.2687 78.5952
v  -124.9973 3.1616 78.5716
v  -125.0863 2.3984 79.8288
v  -125.0727 2.4664 79.9186
v  -124.9843 3.1596 78.5703
v  -125.0731 2.3964 79.8275
v  -124.9680 3.2974 78.6016
v  -125.0570 2.4794 79.9471
v  -125.0078 3.3034 78.6055
v  -125.0105 3.2727 78.5978
v  -125.0994 2.4704 79.9213
v  -125.0966 2.4854 79.9510
v  -123.6850 2.3906 79.7488
v  -123.2835 2.3906 79.7489
v  -123.2835 2.3906 78.0760
v  -123.6850 2.3906 78.0760
v  -123.6850 2.3678 79.7488
v  -123.2835 2.3678 79.7489
v  -123.2835 2.3678 78.0760
v  -123.6850 2.3678 78.0760
v  -123.4494 3.4199 78.6092
v  -123.4494 2.3918 78.6092
v  -123.4494 2.3918 78.0760
v  -123.4494 3.4199 78.0760
v  -123.5327 3.4199 78.6092
v  -123.5327 2.3918 78.6092
v  -123.5327 2.3918 78.0760
v  -123.5327 3.4199 78.0760
v  -123.5327 2.3918 78.1162
v  -123.5327 3.4199 78.1162
v  -123.4776 2.3918 78.5662
v  -123.4776 3.4199 78.5662
v  -123.4776 3.4199 78.1165
v  -123.4776 2.3918 78.1165
v  -123.5327 3.4199 78.5661
v  -123.5327 2.3918 78.5661
v  -123.5554 3.0013 78.6447
v  -123.4266 3.0013 78.6449
v  -123.4266 3.0013 78.0490
v  -123.5554 3.0013 78.0491
v  -123.5554 2.9877 78.6447
v  -123.4266 2.9877 78.6449
v  -123.4266 2.9877 78.0490
v  -123.5554 2.9877 78.0491
v  -123.3767 1.8025 79.0310
v  -123.3512 1.8025 79.0309
v  -123.3512 1.8025 79.7488
v  -123.3767 1.8025 79.7491
v  -123.3767 2.3643 79.7491
v  -123.3512 2.3643 79.7488
v  -123.3512 2.3643 78.0927
v  -123.3767 2.3643 78.0926
v  -123.3512 2.1258 78.0927
v  -123.3767 2.1258 78.0926
v  -123.3767 2.2099 78.6801
v  -123.3766 2.2076 79.1820
v  -123.3512 2.1771 79.2123
v  -123.3512 1.9401 79.2141
v  -123.3512 2.0993 78.6809
v  -123.3512 2.1593 78.6649
v  -123.3767 2.0993 78.6808
v  -123.3767 2.1593 78.6647
v  -123.3767 1.9294 79.1775
v  -123.3512 1.9282 79.1686
v  -123.3512 2.2065 78.6756
v  -123.3767 1.9437 79.2190
v  -123.3767 2.1771 79.2128
v  -123.3512 2.2074 79.1818
v  -123.5242 2.3882 78.3539
v  -123.4751 2.3882 78.3537
v  -123.4751 3.3295 78.3537
v  -123.5242 3.3295 78.3539
v  -123.5242 3.3295 78.3401
v  -123.5242 2.3882 78.3401
v  -123.4750 3.3295 78.3401
v  -123.4750 2.3882 78.3401
v  -125.8861 0.8564 80.6424
v  -125.8861 0.8564 82.8045
v  -125.9666 0.8564 82.8045
v  -125.9665 0.8564 80.6426
v  -125.8861 0.8682 80.6425
v  -125.8861 0.8682 82.8045
v  -125.9666 0.9279 82.8046
v  -125.9666 0.9279 80.6425
v  -125.9526 0.8682 80.6425
v  -125.8862 0.9279 80.6425
v  -125.8862 0.9279 82.8045
v  -125.8862 0.9162 82.8046
v  -125.8861 0.9162 80.6426
v  -125.9526 0.9162 82.8045
v  -125.9525 0.9162 80.6426
v  -125.9525 0.8682 82.8046
v  -124.9288 2.7584 83.5620
v  -124.8579 2.7584 83.3824
v  -124.8579 2.4481 83.3824
v  -124.9288 2.4481 83.5620
v  -124.7224 2.7584 83.2432
v  -124.7223 2.4481 83.2433
v  -124.5430 2.7584 83.1654
v  -124.5430 2.4481 83.1654
v  -124.3470 2.7584 83.1613
v  -124.3470 2.4481 83.1613
v  -124.1644 2.7584 83.2311
v  -124.1644 2.4481 83.2311
v  -124.0228 2.7584 83.3645
v  -124.0229 2.4481 83.3645
v  -123.9440 2.7584 83.5409
v  -123.9439 2.4481 83.5410
v  -123.9397 2.7584 83.7334
v  -123.9397 2.4481 83.7334
v  -124.0107 2.7584 83.9128
v  -124.0108 2.4481 83.9126
v  -124.1462 2.7584 84.0515
v  -124.1461 2.4481 84.0517
v  -124.3256 2.7584 84.1289
v  -124.3256 2.4481 84.1289
v  -124.5215 2.7584 84.1332
v  -124.5215 2.4481 84.1332
v  -124.7041 2.7584 84.0636
v  -124.7041 2.4481 84.0636
v  -124.8457 2.7584 83.9307
v  -124.8457 2.4481 83.9307
v  -124.9246 2.7584 83.7545
v  -124.9246 2.4481 83.7545
v  -124.6517 2.7981 84.2089
v  -124.6516 2.7802 84.2292
v  -124.6516 2.7802 84.5141
v  -124.6517 2.7981 84.5139
v  -124.4845 2.7802 84.5139
v  -124.4845 2.7981 84.5141
v  -124.4845 2.7802 84.2292
v  -124.4845 2.7981 84.2088
v  -124.6517 2.4526 84.2088
v  -124.6517 2.4526 84.2290
v  -124.4845 2.4526 84.2088
v  -124.4845 2.4526 84.2290
v  -124.7539 0.8288 84.5147
v  -124.7539 0.8288 84.4889
v  -124.3595 0.8288 84.4889
v  -124.3596 0.8288 84.5147
v  -124.2862 0.8701 84.4888
v  -124.2862 1.5704 84.4888
v  -124.2862 1.5704 84.5147
v  -124.2862 0.8701 84.5147
v  -124.3055 0.8988 84.4888
v  -124.3055 1.5418 84.4888
v  -124.3055 0.8988 84.3083
v  -124.3055 1.5418 84.3083
v  -124.3161 0.8342 84.5148
v  -124.3161 0.8342 84.4888
v  -124.3595 1.6117 84.4889
v  -124.3596 1.6117 84.5147
v  -124.3161 1.6064 84.5147
v  -124.3161 1.6064 84.4888
v  -124.3355 0.8638 84.4889
v  -124.3790 1.5831 84.4888
v  -124.3355 1.5767 84.4888
v  -124.3355 0.8638 84.3083
v  -124.3789 1.5831 84.3084
v  -124.3355 1.5767 84.3083
v  -124.3790 0.8575 84.4888
v  -124.3790 0.8575 84.3083
v  -124.7539 1.6117 84.4888
v  -124.7539 1.6117 84.5146
v  -124.7345 1.5831 84.4888
v  -124.7345 0.8575 84.4888
v  -124.7345 0.8575 84.3084
v  -124.8273 0.8701 84.4888
v  -124.8273 0.8701 84.5147
v  -124.8273 1.5704 84.5147
v  -124.8273 1.5704 84.4888
v  -124.8079 0.8988 84.4888
v  -124.8079 1.5418 84.4888
v  -124.8079 0.8988 84.3083
v  -124.8079 1.5418 84.3083
v  -124.7974 0.8342 84.4889
v  -124.7974 0.8342 84.5146
v  -124.7974 1.6064 84.4889
v  -124.7974 1.6064 84.5146
v  -124.7780 0.8638 84.4889
v  -124.7780 1.5767 84.4888
v  -124.7780 0.8638 84.3084
v  -124.7345 1.5831 84.3083
v  -124.7780 1.5767 84.3083
v  -124.3381 1.5660 84.5734
v  -124.3622 1.5690 84.5733
v  -124.7514 1.5690 84.5732
v  -124.7754 1.5660 84.5734
v  -124.7846 1.5550 84.5733
v  -124.7846 0.8856 84.5733
v  -124.7754 0.8746 84.5734
v  -124.7514 0.8716 84.5732
v  -124.3622 0.8716 84.5733
v  -124.3381 0.8746 84.5734
v  -124.3289 0.8856 84.5733
v  -124.3289 1.5550 84.5733
v  -124.5736 1.5816 84.3680
v  -124.5736 1.5816 84.3952
v  -124.5736 2.7938 84.3952
v  -124.5736 2.7938 84.3681
v  -124.5501 1.5816 84.3681
v  -124.5501 2.7938 84.3681
v  -124.5501 2.7938 84.3953
v  -124.5501 1.5816 84.3953
v  -124.3920 2.7929 83.4722
v  -124.3954 2.7929 78.4402
v  -124.3650 2.7803 78.4401
v  -124.3650 2.7803 83.4722
v  -124.4032 2.8210 83.4723
v  -124.4082 2.8210 78.4401
v  -124.3919 2.8490 83.4722
v  -124.3952 2.8490 78.4401
v  -124.3650 2.8608 83.4722
v  -124.3650 2.8608 78.4401
v  -124.3349 2.7921 78.4401
v  -124.3382 2.7921 83.4723
v  -124.3224 2.8205 78.4401
v  -124.3273 2.8205 83.4722
v  -124.3348 2.8490 78.4402
v  -124.3382 2.8490 83.4723
v  -124.3955 2.8234 78.3318
v  -124.3650 2.8117 78.3266
v  -124.4081 2.8496 78.3433
v  -124.3952 2.8756 78.3549
v  -124.3651 2.8866 78.3595
v  -124.3348 2.8226 78.3315
v  -124.3223 2.8491 78.3432
v  -124.3349 2.8756 78.3548
v  -124.3955 2.9440 78.2303
v  -124.3651 2.9382 78.2178
v  -124.4081 2.9572 78.2582
v  -124.3953 2.9703 78.2860
v  -124.3650 2.9758 78.2978
v  -124.3348 2.9437 78.2295
v  -124.3223 2.9570 78.2578
v  -124.3349 2.9702 78.2860
v  -124.3955 3.3387 78.2303
v  -124.3651 3.3387 78.2178
v  -124.4081 3.3387 78.2582
v  -124.3952 3.3387 78.2862
v  -124.3650 3.3387 78.2978
v  -124.3348 3.3387 78.2295
v  -124.3223 3.3387 78.2578
v  -124.3349 3.3387 78.2860
v  -125.4069 0.5180 83.1261
v  -125.4068 0.5180 82.7563
v  -125.4068 0.4897 82.7564
v  -125.4068 0.4897 83.1260
v  -125.2252 0.4897 82.7564
v  -125.2252 0.4897 83.1263
v  -125.2252 0.5180 82.7564
v  -125.2252 0.5180 83.1261
v  -124.6197 2.9043 84.4589
v  -124.5054 2.9043 84.4589
v  -124.5054 2.9043 84.2956
v  -124.6198 2.9043 84.2956
v  -124.5054 2.7954 84.4589
v  -124.5054 2.7954 84.2956
v  -124.6198 2.7954 84.2956
v  -124.6198 2.7954 84.4588
v  -125.1975 0.2694 84.4606
v  -125.2388 0.2694 84.4772
v  -125.2387 2.4854 84.4788
v  -125.1975 2.4811 84.4629
v  -125.2558 0.2694 84.5171
v  -125.2559 2.4958 84.5171
v  -125.2388 0.2694 84.5570
v  -125.2387 2.5061 84.5555
v  -125.1975 0.2694 84.5735
v  -125.1975 2.5105 84.5712
v  -125.2365 2.5348 84.4518
v  -125.1975 2.5218 84.4420
v  -125.2528 2.5661 84.4748
v  -125.2366 2.5974 84.4980
v  -125.1975 2.6104 84.5075
v  -125.2356 2.5714 84.3951
v  -125.1975 2.5560 84.3915
v  -125.2515 2.6085 84.4032
v  -125.2357 2.6457 84.4117
v  -125.1974 2.6611 84.4152
v  -125.2357 2.5690 84.1278
v  -125.1975 2.5526 84.1278
v  -125.2515 2.6085 84.1278
v  -125.2357 2.6481 84.1280
v  -125.1975 2.6645 84.1278
v  -125.1561 2.4854 84.4789
v  -125.1561 0.2694 84.4772
v  -125.1391 2.4958 84.5170
v  -125.1391 0.2694 84.5170
v  -125.1561 2.5061 84.5553
v  -125.1561 0.2694 84.5570
v  -125.1583 2.5348 84.4517
v  -125.1422 2.5661 84.4748
v  -125.1583 2.5974 84.4980
v  -125.1593 2.5714 84.3949
v  -125.1434 2.6085 84.4032
v  -125.1593 2.6457 84.4117
v  -125.1593 2.5690 84.1277
v  -125.1434 2.6085 84.1278
v  -125.1593 2.6481 84.1280
v  -125.1627 2.6874 84.1544
v  -125.2129 2.6875 84.1601
v  -125.2129 2.4635 84.1601
v  -125.1628 2.4634 84.1544
v  -125.2539 2.6876 84.1287
v  -125.2540 2.4635 84.1287
v  -125.2620 2.6875 84.0786
v  -125.2620 2.4635 84.0786
v  -125.2322 2.6874 84.0393
v  -125.2321 2.4634 84.0395
v  -125.1820 2.6874 84.0337
v  -125.1820 2.4634 84.0337
v  -125.1408 2.6873 84.0652
v  -125.1409 2.4633 84.0651
v  -125.1328 2.6874 84.1153
v  -125.1328 2.4634 84.1153
v  -125.2863 2.6110 84.2799
v  -125.2603 2.6732 84.2801
v  -125.2603 2.6732 84.2577
v  -125.2863 2.6110 84.2576
v  -125.1974 2.6990 84.2801
v  -125.1975 2.6990 84.2576
v  -125.1345 2.6732 84.2801
v  -125.1346 2.6732 84.2576
v  -125.1086 2.6110 84.2799
v  -125.1085 2.6110 84.2576
v  -125.1345 2.5487 84.2801
v  -125.1345 2.5487 84.2577
v  -125.1975 2.5230 84.2799
v  -125.1975 2.5229 84.2576
v  -125.2603 2.5487 84.2801
v  -125.2603 2.5487 84.2577
v  -123.1522 1.3979 83.6990
v  -123.1522 1.3584 83.5990
v  -123.2799 1.3584 83.5990
v  -123.2799 1.3979 83.6990
v  -123.1522 1.2829 83.5214
v  -123.2799 1.2829 83.5214
v  -123.1522 1.1830 83.4782
v  -123.2799 1.1830 83.4781
v  -123.1523 1.0739 83.4757
v  -123.2799 1.0739 83.4757
v  -123.1522 0.9722 83.5148
v  -123.2799 0.9722 83.5147
v  -123.1522 0.8934 83.5890
v  -123.2799 0.8934 83.5890
v  -123.1522 0.8495 83.6872
v  -123.2799 0.8495 83.6873
v  -123.1523 0.8471 83.7945
v  -123.2799 0.8471 83.7945
v  -123.1522 0.8866 83.8942
v  -123.2799 0.8866 83.8943
v  -123.1522 0.9621 83.9715
v  -123.2799 0.9621 83.9717
v  -123.1522 1.0620 84.0147
v  -123.2799 1.0620 84.0147
v  -123.1522 1.1711 84.0170
v  -123.2799 1.1711 84.0170
v  -123.1522 1.2728 83.9783
v  -123.2799 1.2728 83.9782
v  -123.1522 1.3516 83.9042
v  -123.2799 1.3516 83.9042
v  -123.1522 1.3955 83.8062
v  -123.2799 1.3955 83.8061
v  -123.1237 1.4166 83.6958
v  -123.1237 1.3743 83.5889
v  -123.1538 1.3743 83.5890
v  -123.1538 1.4166 83.6957
v  -123.1237 1.2938 83.5061
v  -123.1538 1.2938 83.5061
v  -123.1238 1.1871 83.4599
v  -123.1538 1.1871 83.4599
v  -123.1238 1.0707 83.4573
v  -123.1538 1.0707 83.4574
v  -123.1237 0.9621 83.4991
v  -123.1538 0.9621 83.4989
v  -123.1238 0.8779 83.5783
v  -123.1538 0.8779 83.5783
v  -123.1238 0.8310 83.6831
v  -123.1538 0.8310 83.6831
v  -123.1237 0.8284 83.7976
v  -123.1538 0.8284 83.7976
v  -123.1238 0.8707 83.9042
v  -123.1538 0.8707 83.9042
v  -123.1237 0.9512 83.9868
v  -123.1538 0.9512 83.9867
v  -123.1237 1.0579 84.0329
v  -123.1538 1.0579 84.0327
v  -123.1237 1.1744 84.0353
v  -123.1538 1.1744 84.0353
v  -123.1237 1.2829 83.9939
v  -123.1538 1.2829 83.9938
v  -123.1237 1.3671 83.9149
v  -123.1538 1.3671 83.9148
v  -123.1237 1.4140 83.8102
v  -123.1538 1.4140 83.8102
v  -123.1238 1.1225 83.7467
v  -125.2863 0.2499 84.5174
v  -125.2603 0.2499 84.5795
v  -125.2603 0.2723 84.5795
v  -125.2863 0.2723 84.5174
v  -125.1975 0.2499 84.6051
v  -125.1975 0.2723 84.6054
v  -125.1347 0.2499 84.5794
v  -125.1347 0.2723 84.5794
v  -125.1085 0.2499 84.5174
v  -125.1085 0.2723 84.5172
v  -125.1347 0.2499 84.4550
v  -125.1347 0.2723 84.4549
v  -125.1975 0.2499 84.4292
v  -125.1975 0.2723 84.4292
v  -125.2603 0.2499 84.4550
v  -125.2603 0.2723 84.4550
v  -122.4279 2.1772 82.9543
v  -122.4279 2.2226 82.9543
v  -122.4280 2.2226 80.8114
v  -122.4280 2.1772 80.8114
v  -122.3855 2.1773 80.8114
v  -122.3856 2.1773 82.9541
v  -122.3856 2.2226 82.9541
v  -122.3855 2.2226 80.8114
v  -122.3654 2.1515 82.6927
v  -123.3011 2.1515 82.6927
v  -123.3012 2.1715 82.7018
v  -122.3655 2.1715 82.7019
v  -123.3011 2.1803 82.7220
v  -122.3655 2.1803 82.7220
v  -123.3012 2.1730 82.7409
v  -122.3654 2.1730 82.7409
v  -123.3011 2.1536 82.7477
v  -122.3654 2.1536 82.7477
v  -123.3012 2.1337 82.7383
v  -122.3654 2.1337 82.7384
v  -123.3012 2.1248 82.7184
v  -122.3655 2.1248 82.7184
v  -123.3012 2.1322 82.6994
v  -122.3654 2.1322 82.6995
v  -125.5227 1.7960 83.2090
v  -125.5227 1.8179 83.2639
v  -125.5378 1.8179 83.2641
v  -125.5379 1.7960 83.2090
v  -125.5228 1.8710 83.2868
v  -125.5379 1.8710 83.2868
v  -125.5227 1.9241 83.2639
v  -125.5378 1.9241 83.2641
v  -125.5228 1.9461 83.2089
v  -125.5378 1.9461 83.2091
v  -125.5379 1.8710 83.2090
v  -125.5378 1.8179 83.1540
v  -125.5227 1.8179 83.1538
v  -125.5379 1.8710 83.1311
v  -125.5227 1.8710 83.1313
v  -125.5378 1.9241 83.1540
v  -125.5227 1.9241 83.1538
v  -125.3851 1.8066 83.2089
v  -125.3851 1.8254 83.2596
v  -125.5214 1.8254 83.2594
v  -125.5214 1.8066 83.2090
v  -125.3851 1.8710 83.2803
v  -125.5214 1.8710 83.2804
v  -125.3851 1.9166 83.2596
v  -125.5214 1.9166 83.2594
v  -125.3851 1.9354 83.2090
v  -125.5214 1.9354 83.2090
v  -125.5214 1.8254 83.1586
v  -125.3851 1.8254 83.1586
v  -125.5214 1.8710 83.1377
v  -125.3851 1.8710 83.1376
v  -125.5215 1.9166 83.1585
v  -125.3851 1.9166 83.1586
v  -125.4729 0.2500 84.3406
v  -125.4728 0.2133 84.3406
v  -123.0526 0.2133 84.3406
v  -123.0526 0.2500 84.3406
v  -125.4728 0.2500 79.4954
v  -125.4727 0.2133 79.4955
v  -123.0526 0.2500 79.4954
v  -123.0525 0.2133 79.4955
v  -123.2747 0.2500 79.7314
v  -125.2510 0.2500 79.7312
v  -124.2390 2.8798 79.6089
v  -124.2390 3.0239 79.6067
v  -124.2391 3.0239 79.9571
v  -124.2391 2.8798 79.9593
v  -124.4675 2.8798 79.6089
v  -124.4675 2.8798 79.9594
v  -124.4956 2.8798 79.9594
v  -124.4956 2.8798 79.6088
v  -124.4956 3.0239 79.9571
v  -124.4956 3.0239 79.6067
v  -124.4657 3.0539 79.6059
v  -124.4657 3.0539 79.9562
v  -124.2691 3.0539 79.9561
v  -124.2690 3.0539 79.6057
v  -124.2659 2.8798 79.9594
v  -124.2659 2.8798 79.6089
v  -124.4674 3.0288 79.9578
v  -124.4675 3.0288 79.6073
v  -124.2660 3.0288 79.9577
v  -124.2660 3.0288 79.6073
v  -125.2690 2.6963 84.0856
v  -125.2590 2.6963 84.0605
v  -125.2590 2.6874 84.0605
v  -125.2690 2.6874 84.0856
v  -125.2402 2.6963 84.0409
v  -125.2402 2.6874 84.0409
v  -125.2151 2.6963 84.0301
v  -125.2151 2.6874 84.0301
v  -125.1877 2.6963 84.0296
v  -125.1877 2.6874 84.0296
v  -125.1622 2.6963 84.0392
v  -125.1622 2.6874 84.0392
v  -125.1424 2.6963 84.0580
v  -125.1424 2.6874 84.0580
v  -125.1314 2.6963 84.0826
v  -125.1314 2.6874 84.0826
v  -125.1308 2.6963 84.1095
v  -125.1308 2.6874 84.1095
v  -125.1407 2.6963 84.1346
v  -125.1407 2.6874 84.1346
v  -125.1597 2.6963 84.1538
v  -125.1597 2.6874 84.1538
v  -125.1848 2.6963 84.1646
v  -125.1848 2.6874 84.1646
v  -125.2121 2.6963 84.1653
v  -125.2121 2.6874 84.1653
v  -125.2376 2.6963 84.1555
v  -125.2376 2.6874 84.1555
v  -125.2575 2.6963 84.1369
v  -125.2575 2.6874 84.1369
v  -125.2684 2.6963 84.1125
v  -125.2684 2.6874 84.1125
v  -125.1999 2.6963 84.0976
v  -125.2803 2.5432 84.0835
v  -125.2688 2.5432 84.0544
v  -125.2688 2.5329 84.0544
v  -125.2803 2.5329 84.0835
v  -125.2468 2.5432 84.0318
v  -125.2468 2.5329 84.0318
v  -125.2177 2.5432 84.0190
v  -125.2177 2.5329 84.0190
v  -125.1858 2.5432 84.0183
v  -125.1858 2.5329 84.0183
v  -125.1560 2.5432 84.0297
v  -125.1560 2.5329 84.0297
v  -125.1330 2.5432 84.0513
v  -125.1330 2.5329 84.0513
v  -125.1201 2.5432 84.0801
v  -125.1201 2.5329 84.0801
v  -125.1194 2.5432 84.1115
v  -125.1194 2.5329 84.1115
v  -125.1309 2.5432 84.1407
v  -125.1309 2.5329 84.1407
v  -125.1530 2.5432 84.1632
v  -125.1530 2.5329 84.1632
v  -125.1822 2.5432 84.1758
v  -125.1822 2.5329 84.1758
v  -125.2141 2.5432 84.1765
v  -125.2141 2.5329 84.1765
v  -125.2438 2.5432 84.1652
v  -125.2438 2.5329 84.1652
v  -125.2669 2.5432 84.1436
v  -125.2669 2.5329 84.1436
v  -125.2797 2.5432 84.1149
v  -125.2797 2.5329 84.1149
v  -125.1999 2.5432 84.0976
v  -123.1314 2.5575 82.9298
v  -123.1314 2.4677 82.9298
v  -125.4190 2.4677 82.9300
v  -125.4190 2.5575 82.9300
v  -125.3390 2.6228 82.9300
v  -123.2114 2.6228 82.9298
v  -125.3390 2.6228 82.9627
v  -123.2114 2.6228 82.9626
v  -123.1314 2.5575 82.9626
v  -123.1314 2.4677 82.9626
v  -125.4190 2.4677 82.9626
v  -125.4190 2.5575 82.9626
v  -126.1625 0.9655 81.7350
v  -126.1626 0.9339 81.9931
v  -126.1626 2.1343 81.9931
v  -126.1625 2.1026 81.7350
v  -126.1626 0.9655 82.2509
v  -126.1626 2.1026 82.2510
v  -125.5049 2.1026 81.7350
v  -125.5049 0.9656 81.7350
v  -125.5048 0.9339 81.9931
v  -125.5048 0.9656 82.2510
v  -125.5049 2.1026 82.2510
v  -125.5049 2.1343 81.9932
v  -126.1626 0.9655 81.1808
v  -126.1625 0.9339 81.4391
v  -126.1626 2.1343 81.4390
v  -126.1626 2.1026 81.1808
v  -126.1626 0.9655 81.6968
v  -126.1626 2.1026 81.6968
v  -125.5049 2.1026 81.1809
v  -125.5049 0.9656 81.1809
v  -125.5049 0.9339 81.4390
v  -125.5049 0.9656 81.6968
v  -125.5049 2.1026 81.6968
v  -125.5050 2.1343 81.4390
v  -126.1626 0.9655 80.6289
v  -126.1626 0.9339 80.8871
v  -126.1626 2.1343 80.8871
v  -126.1626 2.1026 80.6291
v  -126.1626 0.9655 81.1449
v  -126.1626 2.1026 81.1449
v  -125.5049 2.1026 80.6291
v  -125.5049 0.9656 80.6291
v  -125.5048 0.9339 80.8872
v  -125.5050 0.9656 81.1449
v  -125.5050 2.1026 81.1449
v  -125.5049 2.1343 80.8872
v  -123.1556 2.3907 83.1653
v  -123.1556 2.2643 83.1653
v  -123.3104 2.2643 83.1653
v  -123.3104 2.3907 83.1653
v  -123.1557 2.3907 83.1783
v  -123.1557 2.2643 83.1783
v  -123.3105 2.3907 83.1781
v  -123.3105 2.2643 83.1781
v  -123.1254 0.3379 83.1635
v  -123.1254 2.2646 83.1635
v  -123.1254 2.2646 83.3933
v  -123.1255 0.3379 83.3933
v  -123.3115 2.2646 83.3933
v  -123.3115 0.3379 83.3935
v  -123.3115 2.2646 83.1634
v  -123.3115 0.3379 83.1634
v  -123.1555 2.3907 83.3781
v  -123.1555 2.2643 83.3781
v  -123.3104 2.2643 83.3780
v  -123.3104 2.3907 83.3781
v  -123.1557 2.3907 83.3909
v  -123.1556 2.2643 83.3910
v  -123.3105 2.3907 83.3909
v  -123.3105 2.2643 83.3909
v  -123.2139 2.3933 84.2702
v  -123.2139 2.4245 84.2702
v  -125.3117 2.4245 84.2702
v  -125.3117 2.3933 84.2702
v  -125.4517 2.3933 79.6743
v  -125.4516 2.3933 84.1302
v  -125.4516 2.4245 84.1302
v  -125.4516 2.4245 79.6745
v  -123.0739 2.3933 84.1302
v  -123.0739 2.3933 79.6743
v  -123.0739 2.4245 79.6743
v  -123.0739 2.4245 84.1302
v  -123.2139 2.4245 79.5345
v  -125.3117 2.4245 79.5343
v  -125.3894 2.4245 79.5500
v  -125.4361 2.4245 79.5966
v  -125.4361 2.4245 84.2079
v  -125.3895 2.4245 84.2545
v  -123.1362 2.4245 84.2545
v  -123.0894 2.4245 84.2080
v  -123.0895 2.4245 79.5966
v  -123.1361 2.4245 79.5498
v  -125.3116 2.3933 79.5343
v  -123.2139 2.3933 79.5345
v  -123.0895 2.3933 84.2078
v  -123.1361 2.3933 84.2547
v  -125.3894 2.3933 84.2545
v  -125.4361 2.3933 84.2079
v  -125.4361 2.3933 79.5967
v  -125.3894 2.3933 79.5500
v  -123.1361 2.3933 79.5498
v  -123.0895 2.3933 79.5966
v  -123.5554 2.9786 78.6447
v  -123.4266 2.9786 78.6449
v  -123.4266 2.9786 78.0490
v  -123.5554 2.9786 78.0491
v  -123.5554 2.9649 78.6447
v  -123.4266 2.9649 78.6449
v  -123.4266 2.9649 78.0490
v  -123.5554 2.9649 78.0491
v  -124.9268 2.5554 83.2328
v  -124.9027 2.5554 83.3025
v  -124.9027 2.4657 83.3025
v  -124.9268 2.4657 83.2328
v  -124.9072 2.5554 83.3765
v  -124.9072 2.4657 83.3765
v  -124.9398 2.5554 83.4435
v  -124.9398 2.4657 83.4435
v  -124.9954 2.5554 83.4936
v  -124.9954 2.4657 83.4936
v  -125.0656 2.5554 83.5188
v  -125.0656 2.4657 83.5188
v  -125.1397 2.5554 83.5154
v  -125.1397 2.4657 83.5154
v  -125.2064 2.5554 83.4840
v  -125.2064 2.4657 83.4840
v  -125.2556 2.5554 83.4294
v  -125.2556 2.4657 83.4295
v  -125.2797 2.5554 83.3598
v  -125.2797 2.4657 83.3598
v  -125.2750 2.5554 83.2859
v  -125.2750 2.4657 83.2859
v  -125.2424 2.5554 83.2189
v  -125.2424 2.4657 83.2189
v  -125.1867 2.5554 83.1690
v  -125.1868 2.4657 83.1690
v  -125.1167 2.5554 83.1436
v  -125.1167 2.4657 83.1436
v  -125.0426 2.5554 83.1470
v  -125.0426 2.4657 83.1470
v  -124.9759 2.5554 83.1783
v  -124.9759 2.4657 83.1783
v  -123.5683 1.8025 79.0310
v  -123.5683 1.8025 79.7488
v  -123.5938 1.8025 79.7488
v  -123.5938 1.8025 79.0309
v  -123.5683 2.3643 79.7488
v  -123.5683 2.3643 78.0926
v  -123.5938 2.3643 78.0924
v  -123.5938 2.3643 79.7488
v  -123.5938 2.1258 78.0924
v  -123.5683 2.1258 78.0926
v  -123.5683 2.2076 79.1819
v  -123.5683 2.2099 78.6802
v  -123.5938 2.1771 79.2121
v  -123.5938 1.9401 79.2140
v  -123.5938 2.0993 78.6809
v  -123.5937 2.1593 78.6649
v  -123.5683 2.0993 78.6808
v  -123.5683 2.1593 78.6649
v  -123.5682 1.9294 79.1775
v  -123.5938 1.9282 79.1686
v  -123.5937 2.2065 78.6756
v  -123.5682 2.1771 79.2129
v  -123.5683 1.9437 79.2191
v  -123.5938 2.2074 79.1820
v  -123.3751 2.0516 78.4964
v  -123.3751 2.0369 78.5022
v  -123.5813 2.0369 78.5027
v  -123.5812 2.0516 78.4971
v  -123.3751 2.0309 78.5163
v  -123.5813 2.0309 78.5163
v  -123.3751 2.0369 78.5304
v  -123.5812 2.0369 78.5299
v  -123.3752 2.0516 78.5363
v  -123.5812 2.0516 78.5356
v  -123.5813 2.0663 78.5027
v  -123.3751 2.0663 78.5022
v  -123.5813 2.0724 78.5163
v  -123.3751 2.0724 78.5163
v  -123.5812 2.0663 78.5299
v  -123.3751 2.0663 78.5304
v  -123.3752 1.9163 78.9442
v  -123.3752 1.9016 78.9500
v  -123.5813 1.9016 78.9506
v  -123.5813 1.9163 78.9450
v  -123.3751 1.8956 78.9644
v  -123.5813 1.8956 78.9643
v  -123.3751 1.9016 78.9785
v  -123.5811 1.9016 78.9781
v  -123.3751 1.9163 78.9844
v  -123.5813 1.9163 78.9834
v  -123.5813 1.9310 78.9506
v  -123.3752 1.9310 78.9500
v  -123.5813 1.9371 78.9643
v  -123.3751 1.9371 78.9644
v  -123.5812 1.9310 78.9779
v  -123.3751 1.9310 78.9784
v  -123.3752 1.9163 79.4251
v  -123.3751 1.9016 79.4309
v  -123.5811 1.9016 79.4315
v  -123.5813 1.9163 79.4258
v  -123.3752 1.8956 79.4450
v  -123.5812 1.8956 79.4452
v  -123.3752 1.9016 79.4593
v  -123.5812 1.9016 79.4586
v  -123.3751 1.9163 79.4651
v  -123.5813 1.9163 79.4644
v  -123.5811 1.9310 79.4315
v  -123.3751 1.9310 79.4309
v  -123.5812 1.9371 79.4452
v  -123.3752 1.9371 79.4451
v  -123.5812 1.9310 79.4586
v  -123.3752 1.9310 79.4593
v  -124.7933 2.3906 79.7489
v  -124.7933 2.3906 78.0760
v  -125.1948 2.3906 78.0760
v  -125.1948 2.3906 79.7488
v  -125.1948 2.3678 79.7488
v  -124.7933 2.3678 79.7489
v  -125.1948 2.3678 78.0760
v  -124.7933 2.3678 78.0760
v  -125.0289 3.4199 78.6093
v  -125.0289 3.4199 78.0760
v  -125.0289 2.3918 78.0760
v  -125.0289 2.3918 78.6093
v  -124.9457 2.3918 78.6092
v  -124.9457 3.4199 78.6092
v  -124.9456 3.4199 78.0761
v  -124.9456 2.3918 78.0761
v  -124.9456 3.4199 78.1164
v  -124.9456 2.3918 78.1164
v  -125.0006 2.3918 78.5662
v  -125.0006 2.3918 78.1162
v  -125.0006 3.4199 78.1162
v  -125.0006 3.4199 78.5662
v  -124.9456 2.3918 78.5661
v  -124.9456 3.4199 78.5661
v  -124.9229 3.0013 78.6449
v  -124.9229 3.0013 78.0490
v  -125.0517 3.0013 78.0490
v  -125.0517 3.0013 78.6448
v  -125.0517 2.9877 78.6448
v  -124.9229 2.9877 78.6449
v  -125.0517 2.9877 78.0490
v  -124.9229 2.9877 78.0490
v  -125.1016 1.8025 79.0309
v  -125.1016 1.8025 79.7488
v  -125.1270 1.8025 79.7491
v  -125.1270 1.8025 79.0309
v  -125.1016 2.3643 79.7488
v  -125.1016 2.3643 78.0927
v  -125.1271 2.3643 78.0926
v  -125.1270 2.3643 79.7491
v  -125.1271 2.1258 78.0926
v  -125.1016 2.1258 78.0927
v  -125.1016 2.2076 79.1819
v  -125.1016 2.2099 78.6802
v  -125.1271 2.1771 79.2122
v  -125.1271 1.9401 79.2140
v  -125.1272 2.0993 78.6808
v  -125.1271 2.1593 78.6648
v  -125.1016 2.0993 78.6809
v  -125.1016 2.1593 78.6649
v  -125.1016 1.9294 79.1775
v  -125.1271 1.9282 79.1687
v  -125.1272 2.2065 78.6754
v  -125.1016 2.1771 79.2128
v  -125.1016 1.9437 79.2190
v  -125.1271 2.2074 79.1820
v  -124.9541 2.3882 78.3537
v  -124.9541 3.3295 78.3537
v  -125.0033 3.3295 78.3538
v  -125.0033 2.3882 78.3538
v  -124.9540 2.3882 78.3400
v  -124.9540 3.3295 78.3400
v  -125.0033 2.3882 78.3401
v  -125.0033 3.3295 78.3401
v  -124.9229 2.9786 78.6449
v  -124.9229 2.9786 78.0490
v  -125.0517 2.9786 78.0490
v  -125.0517 2.9786 78.6448
v  -125.0517 2.9649 78.6448
v  -124.9229 2.9649 78.6449
v  -125.0517 2.9649 78.0490
v  -124.9229 2.9649 78.0490
v  -124.9100 1.8025 79.0309
v  -124.8845 1.8025 79.0309
v  -124.8845 1.8025 79.7491
v  -124.9100 1.8025 79.7488
v  -124.9100 2.3643 79.7488
v  -124.8845 2.3643 79.7489
v  -124.8846 2.3643 78.0924
v  -124.9100 2.3643 78.0927
v  -124.8846 2.1258 78.0924
v  -124.9100 2.1258 78.0927
v  -124.9100 2.2099 78.6802
v  -124.9100 2.2076 79.1819
v  -124.8845 2.1771 79.2122
v  -124.8845 1.9401 79.2140
v  -124.8846 2.0993 78.6808
v  -124.8846 2.1593 78.6648
v  -124.9100 2.0993 78.6808
v  -124.9100 2.1593 78.6649
v  -124.9100 1.9294 79.1775
v  -124.8845 1.9282 79.1689
v  -124.8845 2.2065 78.6754
v  -124.9100 1.9437 79.2191
v  -124.9100 2.1771 79.2129
v  -124.8845 2.2074 79.1820
v  -125.1032 2.0516 78.4962
v  -124.8970 2.0516 78.4971
v  -124.8971 2.0369 78.5027
v  -125.1032 2.0369 78.5021
v  -124.8970 2.0309 78.5164
v  -125.1031 2.0309 78.5164
v  -124.8970 2.0369 78.5299
v  -125.1031 2.0369 78.5305
v  -124.8970 2.0516 78.5357
v  -125.1032 2.0516 78.5364
v  -125.1032 2.0663 78.5020
v  -124.8971 2.0663 78.5027
v  -125.1031 2.0724 78.5164
v  -124.8970 2.0724 78.5164
v  -125.1032 2.0663 78.5304
v  -124.8970 2.0663 78.5299
v  -125.1031 1.9163 78.9444
v  -124.8970 1.9163 78.9451
v  -124.8971 1.9016 78.9507
v  -125.1032 1.9016 78.9501
v  -124.8971 1.8956 78.9643
v  -125.1032 1.8956 78.9644
v  -124.8970 1.9016 78.9779
v  -125.1032 1.9016 78.9784
v  -124.8970 1.9163 78.9836
v  -125.1032 1.9163 78.9844
v  -125.1032 1.9310 78.9501
v  -124.8971 1.9310 78.9507
v  -125.1031 1.9371 78.9644
v  -124.8971 1.9371 78.9643
v  -125.1031 1.9310 78.9785
v  -124.8970 1.9310 78.9779
v  -125.1032 1.9163 79.4251
v  -124.8971 1.9163 79.4258
v  -124.8970 1.9016 79.4314
v  -125.1031 1.9016 79.4309
v  -124.8970 1.8956 79.4451
v  -125.1032 1.8956 79.4450
v  -124.8970 1.9016 79.4588
v  -125.1031 1.9016 79.4594
v  -124.8971 1.9163 79.4643
v  -125.1031 1.9163 79.4652
v  -125.1031 1.9310 79.4309
v  -124.8970 1.9310 79.4314
v  -125.1031 1.9371 79.4451
v  -124.8970 1.9371 79.4451
v  -125.1031 1.9310 79.4594
v  -124.8970 1.9310 79.4588
v  -124.9624 2.7871 83.5563
v  -124.8865 2.7871 83.3645
v  -124.8865 2.7514 83.3645
v  -124.9624 2.7514 83.5563
v  -124.7418 2.7871 83.2156
v  -124.7418 2.7514 83.2156
v  -124.5503 2.7871 83.1327
v  -124.5504 2.7514 83.1326
v  -124.3411 2.7871 83.1282
v  -124.3411 2.7514 83.1283
v  -124.1461 2.7871 83.2029
v  -124.1461 2.7514 83.2029
v  -123.9950 2.7871 83.3452
v  -123.9950 2.7514 83.3452
v  -123.9107 2.7871 83.5336
v  -123.9107 2.7514 83.5336
v  -123.9061 2.7871 83.7393
v  -123.9061 2.7514 83.7393
v  -123.9820 2.7871 83.9307
v  -123.9820 2.7514 83.9307
v  -124.1267 2.7871 84.0789
v  -124.1267 2.7514 84.0789
v  -124.3182 2.7871 84.1615
v  -124.3182 2.7514 84.1615
v  -124.5274 2.7871 84.1659
v  -124.5274 2.7514 84.1659
v  -124.7224 2.7871 84.0917
v  -124.7224 2.7514 84.0917
v  -124.8735 2.7871 83.9497
v  -124.8735 2.7514 83.9497
v  -124.9578 2.7871 83.7619
v  -124.9578 2.7514 83.7619
v  -124.4343 2.7871 83.6479
v  -125.2890 2.5684 83.2964
v  -125.2606 2.5684 83.2243
v  -125.2606 2.5550 83.2243
v  -125.2890 2.5550 83.2964
v  -125.2061 2.5684 83.1684
v  -125.2061 2.5550 83.1684
v  -125.1341 2.5684 83.1371
v  -125.1341 2.5550 83.1371
v  -125.0555 2.5684 83.1354
v  -125.0555 2.5550 83.1354
v  -124.9822 2.5684 83.1635
v  -124.9822 2.5550 83.1635
v  -124.9253 2.5684 83.2171
v  -124.9253 2.5550 83.2171
v  -124.8936 2.5684 83.2879
v  -124.8936 2.5550 83.2879
v  -124.8919 2.5684 83.3651
v  -124.8919 2.5550 83.3651
v  -124.9205 2.5684 83.4370
v  -124.9205 2.5550 83.4370
v  -124.9748 2.5684 83.4928
v  -124.9748 2.5550 83.4928
v  -125.0469 2.5684 83.5240
v  -125.0469 2.5550 83.5240
v  -125.1255 2.5684 83.5255
v  -125.1255 2.5550 83.5255
v  -125.1989 2.5684 83.4977
v  -125.1989 2.5550 83.4977
v  -125.2556 2.5684 83.4442
v  -125.2556 2.5550 83.4442
v  -125.2873 2.5684 83.3736
v  -125.2873 2.5550 83.3736
v  -125.0905 2.5684 83.3308
v  -123.7088 2.4476 83.4159
v  -123.7766 2.4476 83.5356
v  -123.7766 3.1508 83.5356
v  -123.7088 3.1508 83.4159
v  -123.7754 2.4476 83.6732
v  -123.7754 3.1508 83.6732
v  -123.7056 2.4476 83.7917
v  -123.7056 3.1508 83.7917
v  -123.5859 2.4476 83.8594
v  -123.5859 3.1508 83.8594
v  -123.4484 2.4476 83.8583
v  -123.4484 3.1508 83.8583
v  -123.3298 2.4476 83.7885
v  -123.3298 3.1508 83.7885
v  -123.2622 2.4476 83.6687
v  -123.2622 3.1508 83.6687
v  -123.2633 2.4476 83.5313
v  -123.2633 3.1508 83.5313
v  -123.3330 2.4476 83.4126
v  -123.3330 3.1508 83.4126
v  -123.4527 2.4476 83.3450
v  -123.4527 3.1508 83.3450
v  -123.5903 2.4476 83.3461
v  -123.5903 3.1508 83.3461
v  -123.7399 3.1460 83.3853
v  -123.8189 3.1460 83.5247
v  -123.8189 3.1917 83.5247
v  -123.7399 3.1917 83.3853
v  -123.8175 3.1460 83.6848
v  -123.8175 3.1917 83.6848
v  -123.7363 3.1460 83.8228
v  -123.7363 3.1917 83.8228
v  -123.5969 3.1460 83.9018
v  -123.5969 3.1917 83.9018
v  -123.4367 3.1460 83.9004
v  -123.4367 3.1917 83.9004
v  -123.2987 3.1460 83.8192
v  -123.2987 3.1917 83.8192
v  -123.2199 3.1460 83.6796
v  -123.2199 3.1917 83.6796
v  -123.2212 3.1460 83.5196
v  -123.2212 3.1917 83.5196
v  -123.3024 3.1460 83.3816
v  -123.3024 3.1917 83.3816
v  -123.4418 3.1460 83.3026
v  -123.4418 3.1917 83.3026
v  -123.6019 3.1460 83.3040
v  -123.6019 3.1917 83.3040
v  -123.7399 2.5506 83.3853
v  -123.8189 2.5506 83.5247
v  -123.8189 2.6042 83.5247
v  -123.7399 2.6042 83.3853
v  -123.8175 2.5506 83.6848
v  -123.8175 2.6042 83.6848
v  -123.7363 2.5506 83.8228
v  -123.7363 2.6042 83.8228
v  -123.5969 2.5506 83.9018
v  -123.5969 2.6042 83.9018
v  -123.4367 2.5506 83.9004
v  -123.4367 2.6042 83.9004
v  -123.2987 2.5506 83.8192
v  -123.2987 2.6042 83.8192
v  -123.2199 2.5506 83.6796
v  -123.2199 2.6042 83.6796
v  -123.2212 2.5506 83.5196
v  -123.2212 2.6042 83.5196
v  -123.3024 2.5506 83.3816
v  -123.3024 2.6042 83.3816
v  -123.4418 2.5506 83.3026
v  -123.4418 2.6042 83.3026
v  -123.6019 2.5506 83.3040
v  -123.6019 2.6042 83.3040
v  -123.6253 3.3255 83.4980
v  -123.6633 3.3255 83.5648
v  -123.6633 3.3676 83.5648
v  -123.6253 3.3676 83.4980
v  -123.6626 3.3255 83.6419
v  -123.6626 3.3676 83.6419
v  -123.6236 3.3255 83.7082
v  -123.6236 3.3676 83.7082
v  -123.5566 3.3255 83.7461
v  -123.5566 3.3676 83.7461
v  -123.4797 3.3255 83.7454
v  -123.4797 3.3676 83.7454
v  -123.4133 3.3255 83.7065
v  -123.4133 3.3676 83.7065
v  -123.3754 3.3255 83.6394
v  -123.3754 3.3676 83.6394
v  -123.3761 3.3255 83.5627
v  -123.3761 3.3676 83.5627
v  -123.4151 3.3255 83.4961
v  -123.4151 3.3676 83.4961
v  -123.4821 3.3255 83.4583
v  -123.4821 3.3676 83.4583
v  -123.5590 3.3255 83.4590
v  -123.5590 3.3676 83.4590
v  -123.5899 3.1124 83.5329
v  -123.6151 3.1124 83.5775
v  -123.6151 3.4032 83.5775
v  -123.5899 3.4032 83.5329
v  -123.6146 3.1124 83.6287
v  -123.6146 3.4032 83.6287
v  -123.5887 3.1124 83.6728
v  -123.5887 3.4032 83.6728
v  -123.5441 3.1124 83.6980
v  -123.5441 3.4032 83.6980
v  -123.4929 3.1124 83.6975
v  -123.4929 3.4032 83.6975
v  -123.4487 3.1124 83.6715
v  -123.4487 3.4032 83.6715
v  -123.4235 3.1124 83.6270
v  -123.4235 3.4032 83.6270
v  -123.4240 3.1124 83.5758
v  -123.4240 3.4032 83.5758
v  -123.4500 3.1124 83.5316
v  -123.4500 3.4032 83.5316
v  -123.4945 3.1124 83.5065
v  -123.4945 3.4032 83.5065
v  -123.5458 3.1124 83.5069
v  -123.5458 3.4032 83.5069
v  -123.5739 4.8247 83.5485
v  -123.5934 4.8247 83.5832
v  -123.5934 4.9329 83.5832
v  -123.5739 4.9329 83.5485
v  -123.5930 4.8247 83.6227
v  -123.5930 4.9329 83.6227
v  -123.5730 4.8247 83.6568
v  -123.5730 4.9329 83.6568
v  -123.5385 4.8247 83.6763
v  -123.5385 4.9329 83.6763
v  -123.4989 4.8247 83.6761
v  -123.4989 4.9329 83.6761
v  -123.4647 4.8247 83.6559
v  -123.4647 4.9329 83.6559
v  -123.4453 4.8247 83.6214
v  -123.4453 4.9329 83.6214
v  -123.4456 4.8247 83.5818
v  -123.4456 4.9329 83.5818
v  -123.4657 4.8247 83.5476
v  -123.4657 4.9329 83.5476
v  -123.5001 4.8247 83.5281
v  -123.5001 4.9329 83.5281
v  -123.5398 4.8247 83.5284
v  -123.5398 4.9329 83.5284
v  -123.5955 4.9204 83.5273
v  -123.6228 4.9204 83.5753
v  -123.6228 5.1614 83.5753
v  -123.5955 5.1614 83.5273
v  -123.6223 4.9204 83.6306
v  -123.6223 5.1614 83.6306
v  -123.5942 4.9204 83.6784
v  -123.5942 5.1614 83.6784
v  -123.5461 4.9204 83.7056
v  -123.5461 5.1614 83.7056
v  -123.4907 4.9204 83.7052
v  -123.4907 5.1614 83.7052
v  -123.4432 4.9204 83.6772
v  -123.4432 5.1614 83.6772
v  -123.4159 4.9204 83.6291
v  -123.4159 5.1614 83.6291
v  -123.4163 4.9204 83.5738
v  -123.4163 5.1614 83.5738
v  -123.4445 4.9204 83.5260
v  -123.4445 5.1614 83.5260
v  -123.4926 4.9204 83.4988
v  -123.4926 5.1614 83.4988
v  -123.5478 4.9204 83.4993
v  -123.5478 5.1614 83.4993
v  -123.3468 3.0405 83.7720
v  -123.3695 3.0318 83.7950
v  -123.3011 3.0318 83.8623
v  -123.2783 3.0405 83.8391
v  -123.3861 3.0081 83.8119
v  -123.3178 3.0081 83.8792
v  -123.3923 2.9757 83.8181
v  -123.3239 2.9757 83.8853
v  -123.3861 2.9432 83.8119
v  -123.3178 2.9432 83.8792
v  -123.3695 2.9195 83.7950
v  -123.3011 2.9195 83.8623
v  -123.3468 2.9108 83.7720
v  -123.2783 2.9108 83.8391
v  -123.3240 2.9195 83.7487
v  -123.2556 2.9195 83.8161
v  -123.3073 2.9432 83.7318
v  -123.2390 2.9432 83.7992
v  -123.3013 2.9757 83.7257
v  -123.2329 2.9757 83.7929
v  -123.3073 3.0081 83.7318
v  -123.2390 3.0081 83.7992
v  -123.3240 3.0318 83.7487
v  -123.2556 3.0318 83.8161
v  -123.2789 3.0512 83.8385
v  -123.3054 3.0410 83.8654
v  -123.2927 3.0410 83.8781
v  -123.2663 3.0512 83.8510
v  -123.3248 3.0134 83.8852
v  -123.3121 3.0134 83.8976
v  -123.3319 2.9757 83.8925
v  -123.3192 2.9757 83.9048
v  -123.3248 2.9379 83.8852
v  -123.3121 2.9379 83.8976
v  -123.3054 2.9103 83.8655
v  -123.2927 2.9103 83.8781
v  -123.2789 2.9002 83.8385
v  -123.2663 2.9002 83.8510
v  -123.2524 2.9103 83.8117
v  -123.2398 2.9103 83.8241
v  -123.2330 2.9379 83.7920
v  -123.2204 2.9379 83.8045
v  -123.2260 2.9757 83.7848
v  -123.2133 2.9757 83.7973
v  -123.2330 3.0134 83.7920
v  -123.2204 3.0134 83.8045
v  -123.2524 3.0410 83.8117
v  -123.2398 3.0410 83.8241
v  -123.6087 3.3634 83.5026
v  -123.5844 3.4032 83.5291
v  -123.4464 3.4032 83.6648
v  -123.4196 3.3634 83.6888
v  -123.5910 3.4032 83.5359
v  -123.6178 3.3634 83.5121
v  -123.4530 3.4032 83.6717
v  -123.4286 3.3634 83.6980
v  -123.4237 3.3311 83.6946
v  -123.4139 3.3311 83.6846
v  -123.6015 3.3311 83.5002
v  -123.6111 3.3311 83.5103
v  -123.6093 3.1901 83.4926
v  -123.6093 3.3010 83.4926
v  -123.4054 3.3010 83.6930
v  -123.4054 3.1901 83.6930
v  -123.6190 3.3010 83.5026
v  -123.6190 3.1901 83.5026
v  -123.4151 3.3010 83.7030
v  -123.4152 3.1901 83.7029
v  -123.4150 3.3311 83.5094
v  -123.4248 3.3311 83.4997
v  -123.6100 3.3311 83.6864
v  -123.6002 3.3311 83.6961
v  -123.6178 3.1901 83.6941
v  -123.6178 3.3010 83.6941
v  -123.4165 3.3010 83.4912
v  -123.4165 3.1901 83.4912
v  -123.6079 3.3010 83.7039
v  -123.6079 3.1901 83.7039
v  -123.4066 3.3010 83.5010
v  -123.4066 3.1901 83.5010
v  -123.6455 3.3634 83.5608
v  -123.6112 3.4032 83.5714
v  -123.4238 3.4032 83.6201
v  -123.3886 3.3634 83.6273
v  -123.6135 3.4032 83.5806
v  -123.6487 3.3634 83.5733
v  -123.4262 3.4032 83.6291
v  -123.3919 3.3634 83.6399
v  -123.6482 3.3634 83.6295
v  -123.6132 3.4032 83.6216
v  -123.4267 3.4032 83.5699
v  -123.3926 3.3634 83.5586
v  -123.6107 3.4032 83.6306
v  -123.6448 3.3634 83.6419
v  -123.4241 3.4032 83.5790
v  -123.3891 3.3634 83.5712
v  -123.6163 3.3634 83.6905
v  -123.5899 3.4032 83.6660
v  -123.4542 3.4032 83.5281
v  -123.4303 3.3634 83.5013
v  -123.5832 3.4032 83.6725
v  -123.6071 3.3634 83.6995
v  -123.4475 3.4032 83.5346
v  -123.4211 3.3634 83.5102
v  -123.5582 3.3634 83.7271
v  -123.5475 3.4032 83.6929
v  -123.4990 3.4032 83.5055
v  -123.4917 3.3634 83.4704
v  -123.5384 3.4032 83.6952
v  -123.5457 3.3634 83.7304
v  -123.4898 3.4032 83.5078
v  -123.4792 3.3634 83.4735
v  -123.4895 3.3634 83.7299
v  -123.4974 3.4032 83.6949
v  -123.5491 3.4032 83.5082
v  -123.5604 3.3634 83.4742
v  -123.4882 3.4032 83.6924
v  -123.4771 3.3634 83.7263
v  -123.5399 3.4032 83.5058
v  -123.5478 3.3634 83.4709
v  -125.1460 3.1871 81.8773
v  -125.1583 3.1871 81.8991
v  -125.1583 3.2962 81.8991
v  -125.1460 3.2962 81.8773
v  -125.1582 3.1871 81.9240
v  -125.1582 3.2962 81.9240
v  -125.1455 3.1871 81.9457
v  -125.1455 3.2962 81.9457
v  -125.1237 3.1871 81.9580
v  -125.1237 3.2962 81.9580
v  -125.0987 3.1871 81.9577
v  -125.0987 3.2962 81.9577
v  -125.0772 3.1871 81.9450
v  -125.0772 3.2962 81.9450
v  -125.0648 3.1871 81.9232
v  -125.0648 3.2962 81.9232
v  -125.0650 3.1871 81.8982
v  -125.0650 3.2962 81.8982
v  -125.0777 3.1871 81.8766
v  -125.0777 3.2962 81.8766
v  -125.0994 3.1871 81.8643
v  -125.0994 3.2962 81.8643
v  -125.1245 3.1871 81.8647
v  -125.1245 3.2962 81.8647
v  -123.1375 0.5077 80.7234
v  -123.1375 0.5077 81.1250
v  -123.1375 0.4794 81.1250
v  -123.1376 0.4794 80.7233
v  -123.2970 0.4794 81.1249
v  -123.2970 0.4794 80.7234
v  -123.2970 0.5077 81.1249
v  -123.2970 0.5077 80.7233
v  -124.4271 2.8763 79.8929
v  -124.4271 2.8763 79.9362
v  -124.3065 2.8763 79.9363
v  -124.3065 2.8763 79.8927
v  -124.4283 2.7690 79.9362
v  -124.3076 2.7690 79.9362
v  -124.4282 2.7690 79.8929
v  -124.3075 2.7690 79.8930
v  -124.4272 2.8763 79.6584
v  -124.4271 2.8763 79.7019
v  -124.3065 2.8763 79.7019
v  -124.3065 2.8763 79.6585
v  -124.4282 2.7690 79.7021
v  -124.3075 2.7690 79.7019
v  -124.4282 2.7690 79.6586
v  -124.3076 2.7690 79.6585
v  -124.5659 4.0534 77.8867
v  -124.5660 4.0144 77.8866
v  -124.5659 4.0144 78.0158
v  -124.5659 4.0535 78.0158
v  -124.4533 4.0144 77.8855
v  -124.4533 4.0144 78.0148
v  -124.4533 4.0534 77.8855
v  -124.4533 4.0534 78.0148
v  -124.3999 2.7876 79.9035
v  -124.4040 2.7876 79.6531
v  -124.3678 2.7726 79.6530
v  -124.3679 2.7726 79.9035
v  -124.4132 2.8211 79.9035
v  -124.4191 2.8211 79.6530
v  -124.3997 2.8544 79.9035
v  -124.4038 2.8544 79.6530
v  -124.3679 2.8684 79.9034
v  -124.3678 2.8684 79.6531
v  -124.3319 2.7866 79.6530
v  -124.3360 2.7866 79.9035
v  -124.3170 2.8205 79.6530
v  -124.3228 2.8205 79.9035
v  -124.3319 2.8544 79.6530
v  -124.3360 2.8544 79.9035
v  -124.4272 2.8763 78.5926
v  -124.4271 2.8763 78.6360
v  -124.3065 2.8763 78.6360
v  -124.3065 2.8763 78.5927
v  -124.4282 2.7690 78.6359
v  -124.3076 2.7690 78.6360
v  -124.4283 2.7690 78.5926
v  -124.3076 2.7690 78.5926
v  -124.4272 2.8763 78.7536
v  -124.4271 2.8763 78.7970
v  -124.3066 2.8763 78.7969
v  -124.3065 2.8763 78.7536
v  -124.4282 2.7690 78.7969
v  -124.3075 2.7690 78.7969
v  -124.4283 2.7690 78.7536
v  -124.3076 2.7690 78.7536
v  -124.4378 2.8241 78.6673
v  -124.4379 2.8241 78.7337
v  -124.2957 2.8241 78.7337
v  -124.2957 2.8241 78.6670
v  -124.4391 2.7659 78.7336
v  -124.2968 2.7659 78.7338
v  -124.4391 2.7659 78.6671
v  -124.2968 2.7659 78.6673
v  -124.4378 2.8958 78.6673
v  -124.4379 2.8958 78.7337
v  -124.2956 2.8958 78.7337
v  -124.2957 2.8958 78.6670
v  -124.4391 2.8373 78.7336
v  -124.2968 2.8373 78.7338
v  -124.4391 2.8373 78.6671
v  -124.2968 2.8373 78.6673
v  -123.1199 0.5077 82.7733
v  -123.1199 0.5077 83.1748
v  -123.1199 0.4794 83.1748
v  -123.1200 0.4794 82.7732
v  -123.2795 0.4794 83.1748
v  -123.2795 0.4794 82.7732
v  -123.2794 0.5077 83.1750
v  -123.2795 0.5077 82.7732
v  -125.1461 3.1871 81.2987
v  -125.1584 3.1871 81.3205
v  -125.1584 3.2962 81.3205
v  -125.1461 3.2962 81.2987
v  -125.1582 3.1871 81.3456
v  -125.1582 3.2962 81.3456
v  -125.1455 3.1871 81.3671
v  -125.1455 3.2962 81.3671
v  -125.1237 3.1871 81.3793
v  -125.1237 3.2962 81.3793
v  -125.0986 3.1871 81.3793
v  -125.0986 3.2962 81.3793
v  -125.0770 3.1871 81.3666
v  -125.0770 3.2962 81.3666
v  -125.0648 3.1871 81.3449
v  -125.0648 3.2962 81.3449
v  -125.0650 3.1871 81.3197
v  -125.0650 3.2962 81.3197
v  -125.0777 3.1871 81.2982
v  -125.0777 3.2962 81.2982
v  -125.0995 3.1871 81.2858
v  -125.0995 3.2962 81.2858
v  -125.1245 3.1871 81.2862
v  -125.1245 3.2962 81.2862
v  -125.1461 3.1871 80.7082
v  -125.1584 3.1871 80.7300
v  -125.1584 3.2962 80.7300
v  -125.1461 3.2962 80.7082
v  -125.1582 3.1871 80.7549
v  -125.1582 3.2962 80.7549
v  -125.1455 3.1871 80.7764
v  -125.1455 3.2962 80.7764
v  -125.1237 3.1871 80.7888
v  -125.1237 3.2962 80.7888
v  -125.0986 3.1871 80.7887
v  -125.0986 3.2962 80.7887
v  -125.0771 3.1871 80.7760
v  -125.0771 3.2962 80.7760
v  -125.0648 3.1871 80.7542
v  -125.0648 3.2962 80.7542
v  -125.0650 3.1871 80.7292
v  -125.0650 3.2962 80.7292
v  -125.0777 3.1871 80.7077
v  -125.0777 3.2962 80.7077
v  -125.0994 3.1871 80.6953
v  -125.0994 3.2962 80.6953
v  -125.1245 3.1871 80.6955
v  -125.1245 3.2962 80.6955
v  -122.3654 2.1515 82.1477
v  -123.3012 2.1515 82.1477
v  -123.3012 2.1715 82.1570
v  -122.3655 2.1715 82.1569
v  -123.3012 2.1803 82.1770
v  -122.3654 2.1803 82.1770
v  -123.3010 2.1730 82.1961
v  -122.3654 2.1730 82.1960
v  -123.3012 2.1536 82.2028
v  -122.3655 2.1536 82.2028
v  -123.3011 2.1337 82.1935
v  -122.3655 2.1337 82.1934
v  -123.3012 2.1248 82.1735
v  -122.3654 2.1248 82.1735
v  -123.3011 2.1322 82.1546
v  -122.3654 2.1322 82.1546
v  -122.3655 2.1515 81.5861
v  -123.3011 2.1515 81.5862
v  -123.3011 2.1715 81.5954
v  -122.3655 2.1715 81.5954
v  -123.3011 2.1803 81.6154
v  -122.3655 2.1803 81.6153
v  -123.3012 2.1730 81.6343
v  -122.3654 2.1730 81.6344
v  -123.3012 2.1536 81.6411
v  -122.3655 2.1536 81.6411
v  -123.3012 2.1337 81.6317
v  -122.3654 2.1337 81.6319
v  -123.3011 2.1248 81.6118
v  -122.3654 2.1248 81.6118
v  -123.3012 2.1322 81.5928
v  -122.3654 2.1322 81.5929
v  -122.3655 2.1515 81.0237
v  -123.3012 2.1515 81.0237
v  -123.3011 2.1715 81.0331
v  -122.3654 2.1715 81.0331
v  -123.3012 2.1803 81.0530
v  -122.3654 2.1803 81.0531
v  -123.3012 2.1730 81.0721
v  -122.3654 2.1730 81.0722
v  -123.3011 2.1536 81.0789
v  -122.3654 2.1536 81.0789
v  -123.3011 2.1337 81.0696
v  -122.3654 2.1337 81.0695
v  -123.3012 2.1248 81.0495
v  -122.3654 2.1248 81.0496
v  -123.3012 2.1322 81.0305
v  -122.3655 2.1322 81.0307
v  -126.1433 2.1772 80.5930
v  -126.1433 2.2226 80.5930
v  -126.1433 2.2226 82.8251
v  -126.1433 2.1772 82.8251
v  -126.1857 2.1773 82.8252
v  -126.1857 2.1773 80.5929
v  -126.1857 2.2226 80.5929
v  -126.1858 2.2226 82.8251
v  -126.2189 2.1515 82.5785
v  -125.1999 2.1515 82.5785
v  -125.1999 2.1715 82.5691
v  -126.2189 2.1715 82.5692
v  -125.1999 2.1803 82.5492
v  -126.2189 2.1803 82.5492
v  -125.1998 2.1730 82.5303
v  -126.2189 2.1730 82.5302
v  -125.1999 2.1536 82.5233
v  -126.2189 2.1536 82.5233
v  -125.2000 2.1337 82.5327
v  -126.2189 2.1337 82.5327
v  -125.1998 2.1248 82.5528
v  -126.2189 2.1248 82.5528
v  -125.1999 2.1322 82.5717
v  -126.2189 2.1322 82.5717
v  -126.2189 2.1515 82.0116
v  -125.1999 2.1515 82.0116
v  -125.1999 2.1715 82.0022
v  -126.2189 2.1715 82.0022
v  -125.1999 2.1803 81.9823
v  -126.2189 2.1803 81.9823
v  -125.2000 2.1730 81.9634
v  -126.2189 2.1730 81.9634
v  -125.2000 2.1536 81.9565
v  -126.2189 2.1536 81.9565
v  -125.1999 2.1337 81.9659
v  -126.2189 2.1337 81.9659
v  -125.1999 2.1248 81.9859
v  -126.2189 2.1248 81.9859
v  -125.1999 2.1322 82.0048
v  -126.2189 2.1322 82.0049
v  -126.2189 2.1515 81.4550
v  -125.2000 2.1515 81.4550
v  -125.1999 2.1715 81.4457
v  -126.2189 2.1715 81.4457
v  -125.1999 2.1803 81.4256
v  -126.2189 2.1803 81.4257
v  -125.1998 2.1730 81.4068
v  -126.2189 2.1730 81.4068
v  -125.2000 2.1536 81.3999
v  -126.2189 2.1536 81.3999
v  -125.1998 2.1337 81.4093
v  -126.2189 2.1337 81.4092
v  -125.1999 2.1248 81.4292
v  -126.2189 2.1248 81.4291
v  -125.2000 2.1322 81.4482
v  -126.2189 2.1322 81.4482
v  -126.2189 2.1515 80.9091
v  -125.1999 2.1515 80.9090
v  -125.1999 2.1715 80.8997
v  -126.2189 2.1715 80.8998
v  -125.2000 2.1803 80.8797
v  -126.2189 2.1803 80.8798
v  -125.2000 2.1730 80.8606
v  -126.2188 2.1730 80.8607
v  -125.1999 2.1536 80.8539
v  -126.2189 2.1536 80.8539
v  -125.2000 2.1337 80.8632
v  -126.2189 2.1337 80.8632
v  -125.1999 2.1248 80.8832
v  -126.2189 2.1248 80.8832
v  -125.1999 2.1322 80.9023
v  -126.2189 2.1322 80.9021
v  -123.4901 3.2687 78.5952
v  -123.5036 3.1616 78.5717
v  -123.5017 2.3984 79.8289
v  -123.4882 2.4664 79.9187
v  -123.4906 3.1596 78.5702
v  -123.4887 2.3964 79.8275
v  -123.4744 3.2974 78.6016
v  -123.4725 2.4794 79.9472
v  -123.5140 3.3034 78.6055
v  -123.5167 3.2727 78.5979
v  -123.5148 2.4704 79.9213
v  -123.5120 2.4854 79.9511
v  -125.4068 0.5180 80.7948
v  -125.4068 0.5180 80.4250
v  -125.4068 0.4897 80.4250
v  -125.4068 0.4897 80.7947
v  -125.2252 0.4897 80.4250
v  -125.2252 0.4897 80.7947
v  -125.2251 0.5180 80.4250
v  -125.2252 0.5180 80.7948
v  -126.1810 0.9194 80.9075
v  -125.1999 0.9194 80.9075
v  -125.2000 0.9331 80.8822
v  -126.1811 0.9331 80.8822
v  -126.1810 0.8921 80.9154
v  -125.1999 0.8921 80.9154
v  -126.1811 0.8671 80.9015
v  -125.1999 0.8671 80.9016
v  -126.1811 0.8592 80.8738
v  -125.1998 0.8592 80.8739
v  -126.1810 0.8729 80.8487
v  -125.1999 0.8729 80.8487
v  -126.1810 0.9002 80.8406
v  -125.1999 0.9002 80.8407
v  -126.1810 0.9252 80.8545
v  -125.1999 0.9252 80.8546
v  -126.1811 0.9221 81.4805
v  -125.1998 0.9221 81.4806
v  -125.1999 0.9333 81.4541
v  -126.1810 0.9333 81.4543
v  -126.1810 0.8957 81.4911
v  -125.1999 0.8957 81.4912
v  -126.1810 0.8695 81.4798
v  -125.2000 0.8695 81.4796
v  -126.1810 0.8590 81.4529
v  -125.1999 0.8590 81.4532
v  -126.1811 0.8701 81.4265
v  -125.1999 0.8701 81.4265
v  -126.1811 0.8966 81.4158
v  -125.1999 0.8966 81.4160
v  -126.1810 0.9227 81.4274
v  -125.1999 0.9227 81.4274
v  -126.1810 0.9198 82.0431
v  -125.1999 0.9198 82.0431
v  -125.2000 0.9332 82.0177
v  -126.1811 0.9332 82.0177
v  -126.1810 0.8926 82.0515
v  -125.2000 0.8926 82.0515
v  -126.1810 0.8675 82.0381
v  -125.1999 0.8675 82.0380
v  -126.1810 0.8591 82.0105
v  -125.1998 0.8591 82.0107
v  -126.1810 0.8725 81.9850
v  -125.2000 0.8725 81.9850
v  -126.1810 0.8997 81.9766
v  -125.1999 0.8997 81.9766
v  -126.1811 0.9248 81.9901
v  -125.1998 0.9248 81.9903
v  -126.1811 0.9175 82.6005
v  -125.1999 0.9175 82.6006
v  -125.1998 0.9328 82.5763
v  -126.1811 0.9328 82.5762
v  -126.1810 0.8897 82.6067
v  -125.1999 0.8897 82.6068
v  -126.1810 0.8657 82.5912
v  -125.1999 0.8657 82.5913
v  -126.1811 0.8595 82.5633
v  -125.1998 0.8595 82.5633
v  -126.1810 0.8748 82.5390
v  -125.2000 0.8748 82.5388
v  -126.1811 0.9026 82.5326
v  -125.1999 0.9026 82.5327
v  -126.1811 0.9266 82.5481
v  -125.1998 0.9266 82.5482
v  -122.3757 0.9337 82.6931
v  -123.3010 0.9337 82.6933
v  -123.3012 0.9474 82.7183
v  -122.3756 0.9474 82.7184
v  -122.3757 0.9064 82.6852
v  -123.3011 0.9064 82.6853
v  -122.3757 0.8814 82.6991
v  -123.3011 0.8814 82.6990
v  -122.3757 0.8735 82.7266
v  -123.3011 0.8735 82.7268
v  -122.3757 0.8872 82.7519
v  -123.3012 0.8872 82.7519
v  -122.3757 0.9145 82.7599
v  -123.3011 0.9145 82.7600
v  -122.3757 0.9395 82.7460
v  -123.3011 0.9395 82.7460
v  -122.3757 0.9364 82.1200
v  -123.3011 0.9364 82.1200
v  -123.3012 0.9476 82.1464
v  -122.3757 0.9476 82.1465
v  -122.3756 0.9100 82.1094
v  -123.3012 0.9100 82.1095
v  -122.3757 0.8838 82.1208
v  -123.3011 0.8838 82.1209
v  -122.3756 0.8733 82.1477
v  -123.3012 0.8733 82.1475
v  -122.3756 0.8844 82.1741
v  -123.3011 0.8844 82.1741
v  -122.3757 0.9109 82.1846
v  -123.3011 0.9109 82.1847
v  -122.3757 0.9370 82.1732
v  -123.3012 0.9370 82.1732
v  -122.3756 0.9341 81.5575
v  -123.3012 0.9341 81.5574
v  -123.3011 0.9475 81.5829
v  -122.3757 0.9475 81.5828
v  -122.3757 0.9069 81.5491
v  -123.3012 0.9069 81.5491
v  -122.3757 0.8818 81.5627
v  -123.3012 0.8818 81.5625
v  -122.3756 0.8734 81.5902
v  -123.3010 0.8734 81.5902
v  -122.3756 0.8868 81.6155
v  -123.3012 0.8868 81.6156
v  -122.3756 0.9140 81.6239
v  -123.3012 0.9140 81.6239
v  -122.3757 0.9391 81.6104
v  -123.3012 0.9391 81.6103
v  -122.3757 0.9318 81.0002
v  -123.3012 0.9318 81.0000
v  -123.3011 0.9470 81.0243
v  -122.3757 0.9470 81.0243
v  -122.3757 0.9040 80.9939
v  -123.3011 0.9040 80.9939
v  -122.3757 0.8800 81.0092
v  -123.3010 0.8800 81.0094
v  -122.3756 0.8738 81.0374
v  -123.3011 0.8738 81.0374
v  -122.3757 0.8891 81.0617
v  -123.3012 0.8891 81.0617
v  -122.3757 0.9169 81.0680
v  -123.3011 0.9169 81.0680
v  -122.3756 0.9409 81.0525
v  -123.3011 0.9409 81.0524
v  -125.4711 1.4797 81.9742
v  -125.4711 1.6815 81.9742
v  -125.4711 1.6815 79.8098
v  -125.4711 1.4797 79.8098
v  -125.4222 1.6815 81.9742
v  -125.4222 1.6815 79.8615
v  -124.2648 1.4797 79.5038
v  -124.2648 1.4797 79.5555
v  -125.2421 1.4797 79.5555
v  -125.2912 1.4797 79.5037
v  -125.4222 1.4797 81.9742
v  -125.4222 1.4797 79.8615
v  -125.3699 1.6815 79.5149
v  -125.2912 1.6815 79.5037
v  -125.3699 1.4797 79.5149
v  -125.3209 1.6815 79.5667
v  -125.2421 1.6815 79.5555
v  -125.4110 1.4797 79.7132
v  -125.4599 1.4797 79.6615
v  -125.3209 1.4797 79.5667
v  -125.4262 1.6815 79.5689
v  -125.4262 1.4797 79.5689
v  -125.4599 1.6815 79.6615
v  -125.3772 1.6815 79.6205
v  -125.4110 1.6815 79.7132
v  -125.3772 1.4797 79.6205
v  -124.2648 1.6815 79.5038
v  -124.2648 1.6815 79.5555
v  -123.0585 1.4797 81.9742
v  -123.0585 1.4797 79.8098
v  -123.0585 1.6815 79.8098
v  -123.0585 1.6815 81.9742
v  -123.1075 1.6815 79.8616
v  -123.1076 1.6815 81.9742
v  -123.2384 1.4797 79.5037
v  -123.2875 1.4797 79.5555
v  -123.1075 1.4797 79.8616
v  -123.1076 1.4797 81.9742
v  -123.1597 1.6815 79.5149
v  -123.1597 1.4797 79.5149
v  -123.2384 1.6815 79.5037
v  -123.2088 1.6815 79.5667
v  -123.2875 1.6815 79.5555
v  -123.1188 1.4797 79.7132
v  -123.0697 1.4797 79.6615
v  -123.2088 1.4797 79.5667
v  -123.1035 1.6815 79.5688
v  -123.1035 1.4797 79.5688
v  -123.0697 1.6815 79.6615
v  -123.1525 1.6815 79.6205
v  -123.1188 1.6815 79.7132
v  -123.1525 1.4797 79.6205
v  -125.4711 1.4797 84.0023
v  -125.4711 1.6815 84.0023
v  -125.4221 1.6815 83.9506
v  -124.2648 1.4797 84.3085
v  -125.2911 1.4797 84.3086
v  -125.2421 1.4797 84.2569
v  -124.2648 1.4797 84.2569
v  -125.4221 1.4797 83.9506
v  -125.3699 1.6815 84.2973
v  -125.3699 1.4797 84.2973
v  -125.2911 1.6815 84.3086
v  -125.3208 1.6815 84.2456
v  -125.2421 1.6815 84.2569
v  -125.4108 1.4797 84.0989
v  -125.4599 1.4797 84.1507
v  -125.3208 1.4797 84.2456
v  -125.4262 1.6815 84.2433
v  -125.4262 1.4797 84.2433
v  -125.4599 1.6815 84.1507
v  -125.3772 1.6815 84.1917
v  -125.4108 1.6815 84.0989
v  -125.3772 1.4797 84.1917
v  -124.2648 1.6815 84.3085
v  -124.2648 1.6815 84.2569
v  -123.0584 1.6815 84.0023
v  -123.0584 1.4797 84.0023
v  -123.1076 1.6815 83.9506
v  -123.2875 1.4797 84.2567
v  -123.2385 1.4797 84.3085
v  -123.1076 1.4797 83.9506
v  -123.1597 1.6815 84.2974
v  -123.2385 1.6815 84.3085
v  -123.1597 1.4797 84.2974
v  -123.2088 1.6815 84.2456
v  -123.2875 1.6815 84.2567
v  -123.1187 1.4797 84.0990
v  -123.0697 1.4797 84.1507
v  -123.2088 1.4797 84.2456
v  -123.1035 1.6815 84.2436
v  -123.1035 1.4797 84.2436
v  -123.0697 1.6815 84.1507
v  -123.1525 1.6815 84.1917
v  -123.1187 1.6815 84.0990
v  -123.1525 1.4797 84.1917
v  -122.3975 0.9655 81.2970
v  -122.3975 0.9339 81.0387
v  -122.3975 2.1343 81.0387
v  -122.3975 2.1026 81.2970
v  -122.3975 0.9655 80.7810
v  -122.3975 2.1026 80.7810
v  -123.0552 2.1026 81.2969
v  -123.0552 0.9656 81.2969
v  -123.0552 0.9339 81.0388
v  -123.0552 0.9656 80.7810
v  -123.0553 2.1026 80.7809
v  -123.0552 2.1343 81.0387
v  -122.3975 0.9655 81.8650
v  -122.3975 0.9339 81.6068
v  -122.3975 2.1343 81.6070
v  -122.3975 2.1026 81.8650
v  -122.3975 0.9655 81.3490
v  -122.3975 2.1026 81.3490
v  -123.0551 2.1026 81.8650
v  -123.0551 0.9656 81.8650
v  -123.0553 0.9339 81.6067
v  -123.0552 0.9656 81.3489
v  -123.0552 2.1026 81.3489
v  -123.0552 2.1343 81.6068
v  -122.3975 0.9655 82.4191
v  -122.3975 0.9339 82.1609
v  -122.3975 2.1343 82.1609
v  -122.3975 2.1026 82.4191
v  -122.3975 0.9655 81.9032
v  -122.3975 2.1026 81.9032
v  -123.0552 2.1026 82.4190
v  -123.0552 0.9656 82.4190
v  -123.0552 0.9339 82.1609
v  -123.0552 0.9656 81.9030
v  -123.0552 2.1026 81.9030
v  -123.0553 2.1343 82.1608
v  -122.3975 0.9655 82.9710
v  -122.3975 0.9339 82.7128
v  -122.3975 2.1343 82.7128
v  -122.3974 2.1026 82.9711
v  -122.3975 0.9655 82.4550
v  -122.3975 2.1026 82.4550
v  -123.0553 2.1026 82.9709
v  -123.0553 0.9656 82.9709
v  -123.0552 0.9339 82.7128
v  -123.0552 0.9656 82.4549
v  -123.0552 2.1026 82.4549
v  -123.0552 2.1343 82.7127
v  -125.0094 2.6744 81.8982
v  -125.0223 2.6744 81.8610
v  -125.0223 2.8212 81.8610
v  -125.0094 2.8212 81.8982
v  -125.0118 2.6744 81.9380
v  -125.0118 2.8212 81.9380
v  -125.0293 2.6744 81.9739
v  -125.0293 2.8212 81.9739
v  -125.0592 2.6744 82.0008
v  -125.0592 2.8212 82.0008
v  -125.0969 2.6744 82.0143
v  -125.0969 2.8212 82.0143
v  -125.1366 2.6744 82.0125
v  -125.1366 2.8212 82.0125
v  -125.1725 2.6744 81.9956
v  -125.1725 2.8212 81.9956
v  -125.1989 2.6744 81.9662
v  -125.1989 2.8212 81.9662
v  -125.2117 2.6744 81.9290
v  -125.2117 2.8212 81.9290
v  -125.2092 2.6744 81.8894
v  -125.2092 2.8212 81.8894
v  -125.1918 2.6744 81.8533
v  -125.1918 2.8212 81.8533
v  -125.1619 2.6744 81.8266
v  -125.1619 2.8212 81.8266
v  -125.1242 2.6744 81.8130
v  -125.1242 2.8212 81.8130
v  -125.0845 2.6744 81.8147
v  -125.0845 2.8212 81.8147
v  -125.0487 2.6744 81.8316
v  -125.0487 2.8212 81.8316
v  -125.2014 2.8206 81.8562
v  -125.2168 2.8206 81.8949
v  -125.2168 2.8390 81.8949
v  -125.2014 2.8390 81.8562
v  -125.1723 2.8206 81.8262
v  -125.1723 2.8390 81.8262
v  -125.1336 2.8206 81.8096
v  -125.1336 2.8390 81.8096
v  -125.0914 2.8206 81.8086
v  -125.0914 2.8390 81.8086
v  -125.0521 2.8206 81.8236
v  -125.0521 2.8390 81.8236
v  -125.0216 2.8206 81.8523
v  -125.0216 2.8390 81.8523
v  -125.0045 2.8206 81.9959
v  -125.0215 2.8206 81.9578
v  -125.0215 2.8390 81.9578
v  -125.0045 2.8390 81.9959
v  -125.0037 2.8206 82.0373
v  -125.0037 2.8390 82.0373
v  -125.0189 2.8206 82.0760
v  -125.0189 2.8390 82.0760
v  -125.0482 2.8206 82.1057
v  -125.0482 2.8390 82.1057
v  -125.0867 2.8206 82.0172
v  -125.0481 2.8206 82.0005
v  -125.0481 2.8390 82.0005
v  -125.0867 2.8390 82.0172
v  -125.1290 2.8206 82.0180
v  -125.1290 2.8390 82.0180
v  -125.1683 2.8206 82.0031
v  -125.1683 2.8390 82.0031
v  -125.1989 2.8206 81.9744
v  -125.1989 2.8390 81.9744
v  -125.2159 2.8206 81.9364
v  -125.2159 2.8390 81.9364
v  -125.0189 2.8206 81.9705
v  -125.0520 2.8206 81.9291
v  -125.1102 2.8390 81.9135
v  -125.0045 2.8390 81.8904
v  -125.0189 2.8390 81.9705
v  -125.0036 2.8390 81.9319
v  -125.0094 2.6744 81.3179
v  -125.0223 2.6744 81.2805
v  -125.0223 2.8212 81.2805
v  -125.0094 2.8212 81.3179
v  -125.0119 2.6744 81.3576
v  -125.0119 2.8212 81.3576
v  -125.0293 2.6744 81.3937
v  -125.0293 2.8212 81.3937
v  -125.0591 2.6744 81.4206
v  -125.0591 2.8212 81.4206
v  -125.0969 2.6744 81.4340
v  -125.0969 2.8212 81.4340
v  -125.1366 2.6744 81.4323
v  -125.1366 2.8212 81.4323
v  -125.1724 2.6744 81.4154
v  -125.1724 2.8212 81.4154
v  -125.1988 2.6744 81.3859
v  -125.1988 2.8212 81.3859
v  -125.2117 2.6744 81.3487
v  -125.2117 2.8212 81.3487
v  -125.2093 2.6744 81.3090
v  -125.2093 2.8212 81.3090
v  -125.1917 2.6744 81.2731
v  -125.1917 2.8212 81.2731
v  -125.1618 2.6744 81.2462
v  -125.1618 2.8212 81.2462
v  -125.1242 2.6744 81.2327
v  -125.1242 2.8212 81.2327
v  -125.0845 2.6744 81.2344
v  -125.0845 2.8212 81.2344
v  -125.0487 2.6744 81.2511
v  -125.0487 2.8212 81.2511
v  -125.2015 2.8206 81.2759
v  -125.2168 2.8206 81.3146
v  -125.2168 2.8390 81.3146
v  -125.2015 2.8390 81.2759
v  -125.1723 2.8206 81.2459
v  -125.1723 2.8390 81.2458
v  -125.1336 2.8206 81.2292
v  -125.1336 2.8390 81.2292
v  -125.0914 2.8206 81.2282
v  -125.0914 2.8390 81.2282
v  -125.0520 2.8206 81.2433
v  -125.0520 2.8390 81.2433
v  -125.0215 2.8206 81.2721
v  -125.0215 2.8390 81.2721
v  -125.0045 2.8206 81.3101
v  -125.0045 2.8390 81.3101
v  -125.0037 2.8206 81.3515
v  -125.0037 2.8390 81.3515
v  -125.0189 2.8206 81.3900
v  -125.0189 2.8390 81.3900
v  -125.0481 2.8206 81.4201
v  -125.0481 2.8390 81.4201
v  -125.0867 2.8206 81.4368
v  -125.0867 2.8390 81.4368
v  -125.1290 2.8206 81.4378
v  -125.1290 2.8390 81.4378
v  -125.1684 2.8206 81.4226
v  -125.1684 2.8390 81.4226
v  -125.1989 2.8206 81.3940
v  -125.1989 2.8390 81.3940
v  -125.2159 2.8206 81.3560
v  -125.2159 2.8390 81.3560
v  -125.1102 2.8390 81.3329
v  -125.0094 2.6744 80.7273
v  -125.0224 2.6744 80.6898
v  -125.0224 2.8212 80.6898
v  -125.0094 2.8212 80.7273
v  -125.0119 2.6744 80.7670
v  -125.0118 2.8212 80.7670
v  -125.0293 2.6744 80.8031
v  -125.0293 2.8212 80.8031
v  -125.0592 2.6744 80.8300
v  -125.0592 2.8212 80.8300
v  -125.0968 2.6744 80.8434
v  -125.0968 2.8212 80.8434
v  -125.1367 2.6744 80.8416
v  -125.1367 2.8212 80.8416
v  -125.1725 2.6744 80.8247
v  -125.1725 2.8212 80.8247
v  -125.1989 2.6744 80.7954
v  -125.1989 2.8212 80.7954
v  -125.2118 2.6744 80.7581
v  -125.2118 2.8212 80.7581
v  -125.2092 2.6744 80.7185
v  -125.2092 2.8212 80.7185
v  -125.1917 2.6744 80.6825
v  -125.1917 2.8212 80.6825
v  -125.1619 2.6744 80.6557
v  -125.1619 2.8212 80.6557
v  -125.1242 2.6744 80.6420
v  -125.1242 2.8212 80.6420
v  -125.0845 2.6744 80.6437
v  -125.0845 2.8212 80.6437
v  -125.0487 2.6744 80.6607
v  -125.0487 2.8212 80.6607
v  -125.2015 2.8206 80.6853
v  -125.2168 2.8206 80.7242
v  -125.2168 2.8390 80.7242
v  -125.2015 2.8390 80.6853
v  -125.1723 2.8206 80.6553
v  -125.1723 2.8390 80.6553
v  -125.1336 2.8206 80.6386
v  -125.1336 2.8390 80.6386
v  -125.0914 2.8206 80.6376
v  -125.0914 2.8390 80.6376
v  -125.0520 2.8206 80.6527
v  -125.0520 2.8390 80.6527
v  -125.0215 2.8206 80.6815
v  -125.0215 2.8390 80.6815
v  -125.0046 2.8206 80.7194
v  -125.0046 2.8390 80.7194
v  -125.0037 2.8206 80.7609
v  -125.0037 2.8390 80.7609
v  -125.0189 2.8206 80.7996
v  -125.0189 2.8390 80.7996
v  -125.0482 2.8206 80.8296
v  -125.0482 2.8390 80.8296
v  -125.0868 2.8206 80.8462
v  -125.0868 2.8390 80.8462
v  -125.1290 2.8206 80.8472
v  -125.1290 2.8390 80.8472
v  -125.1684 2.8206 80.8321
v  -125.1684 2.8390 80.8321
v  -125.1989 2.8206 80.8034
v  -125.1989 2.8390 80.8034
v  -125.2159 2.8206 80.7655
v  -125.2159 2.8390 80.7655
v  -125.1102 2.8390 80.7425
v  -123.7916 2.4476 81.8307
v  -123.7560 2.4476 81.9635
v  -123.7560 3.1508 81.9635
v  -123.7916 3.1508 81.8307
v  -123.6587 2.4476 82.0607
v  -123.6587 3.1508 82.0607
v  -123.5258 2.4476 82.0963
v  -123.5258 3.1508 82.0963
v  -123.3930 2.4476 82.0608
v  -123.3930 3.1508 82.0608
v  -123.2957 2.4476 81.9635
v  -123.2957 3.1508 81.9635
v  -123.2602 2.4476 81.8306
v  -123.2602 3.1508 81.8306
v  -123.2958 2.4476 81.6977
v  -123.2958 3.1508 81.6977
v  -123.3930 2.4476 81.6004
v  -123.3930 3.1508 81.6004
v  -123.5259 2.4476 81.5650
v  -123.5259 3.1508 81.5650
v  -123.6587 2.4476 81.6005
v  -123.6587 3.1508 81.6005
v  -123.7560 2.4476 81.6977
v  -123.7559 3.1508 81.6978
v  -123.8353 3.1460 81.8306
v  -123.7938 3.1460 81.9854
v  -123.7938 3.1917 81.9854
v  -123.8353 3.1917 81.8306
v  -123.6806 3.1460 82.0987
v  -123.6806 3.1917 82.0987
v  -123.5258 3.1460 82.1402
v  -123.5258 3.1917 82.1402
v  -123.3712 3.1460 82.0987
v  -123.3712 3.1917 82.0987
v  -123.2579 3.1460 81.9853
v  -123.2579 3.1917 81.9853
v  -123.2164 3.1460 81.8306
v  -123.2164 3.1917 81.8306
v  -123.2579 3.1460 81.6758
v  -123.2579 3.1917 81.6758
v  -123.3711 3.1460 81.5627
v  -123.3711 3.1917 81.5627
v  -123.5259 3.1460 81.5211
v  -123.5259 3.1917 81.5211
v  -123.6806 3.1460 81.5627
v  -123.6806 3.1917 81.5627
v  -123.7938 3.1460 81.6759
v  -123.7938 3.1917 81.6759
v  -123.8353 2.5506 81.8306
v  -123.7938 2.5506 81.9854
v  -123.7938 2.6042 81.9854
v  -123.8353 2.6042 81.8306
v  -123.6806 2.5506 82.0987
v  -123.6806 2.6042 82.0987
v  -123.5258 2.5506 82.1402
v  -123.5258 2.6042 82.1402
v  -123.3712 2.5506 82.0987
v  -123.3712 2.6042 82.0987
v  -123.2579 2.5506 81.9853
v  -123.2579 2.6042 81.9853
v  -123.2164 2.5506 81.8306
v  -123.2164 2.6042 81.8306
v  -123.2579 2.5506 81.6759
v  -123.2579 2.6042 81.6759
v  -123.3711 2.5506 81.5627
v  -123.3711 2.6042 81.5627
v  -123.5260 2.5506 81.5210
v  -123.5260 2.6042 81.5210
v  -123.6806 2.5506 81.5627
v  -123.6806 2.6042 81.5627
v  -123.7938 2.5506 81.6759
v  -123.7938 2.6042 81.6759
v  -123.2838 3.0405 81.8306
v  -123.2838 3.0318 81.8629
v  -123.1880 3.0318 81.8631
v  -123.1880 3.0405 81.8305
v  -123.2838 3.0081 81.8867
v  -123.1879 3.0081 81.8869
v  -123.2838 2.9757 81.8954
v  -123.1879 2.9757 81.8955
v  -123.2838 2.9432 81.8867
v  -123.1879 2.9432 81.8869
v  -123.2838 2.9195 81.8629
v  -123.1880 2.9195 81.8631
v  -123.2838 2.9108 81.8306
v  -123.1880 2.9108 81.8305
v  -123.2838 2.9195 81.7981
v  -123.1880 2.9195 81.7981
v  -123.2838 2.9432 81.7744
v  -123.1880 2.9432 81.7744
v  -123.2838 2.9757 81.7657
v  -123.1879 2.9757 81.7658
v  -123.2838 3.0081 81.7744
v  -123.1880 3.0081 81.7744
v  -123.2838 3.0318 81.7981
v  -123.1880 3.0318 81.7981
v  -123.1887 3.0512 81.8306
v  -123.1887 3.0410 81.8684
v  -123.1710 3.0410 81.8683
v  -123.1710 3.0512 81.8306
v  -123.1888 3.0134 81.8959
v  -123.1710 3.0134 81.8960
v  -123.1887 2.9757 81.9062
v  -123.1710 2.9757 81.9062
v  -123.1888 2.9379 81.8959
v  -123.1710 2.9379 81.8960
v  -123.1887 2.9103 81.8684
v  -123.1710 2.9103 81.8683
v  -123.1887 2.9002 81.8306
v  -123.1710 2.9002 81.8306
v  -123.1887 2.9103 81.7929
v  -123.1710 2.9103 81.7929
v  -123.1887 2.9379 81.7653
v  -123.1710 2.9379 81.7653
v  -123.1887 2.9757 81.7552
v  -123.1710 2.9757 81.7550
v  -123.1887 3.0134 81.7653
v  -123.1710 3.0134 81.7653
v  -123.1887 3.0410 81.7929
v  -123.1710 3.0410 81.7929
v  -123.7625 2.4476 80.3612
v  -123.6723 2.4476 80.4652
v  -123.6723 3.1508 80.4652
v  -123.7625 3.1508 80.3612
v  -123.5423 2.4476 80.5100
v  -123.5423 3.1508 80.5100
v  -123.4072 2.4476 80.4839
v  -123.4072 3.1508 80.4839
v  -123.3034 2.4476 80.3936
v  -123.3034 3.1508 80.3936
v  -123.2585 2.4476 80.2636
v  -123.2585 3.1508 80.2636
v  -123.2847 2.4476 80.1286
v  -123.2847 3.1508 80.1286
v  -123.3748 2.4476 80.0247
v  -123.3748 3.1508 80.0247
v  -123.5049 2.4476 79.9799
v  -123.5049 3.1508 79.9799
v  -123.6400 2.4476 80.0060
v  -123.6400 3.1508 80.0060
v  -123.7438 2.4476 80.0962
v  -123.7438 3.1508 80.0962
v  -123.7887 2.4476 80.2263
v  -123.7887 3.1508 80.2263
v  -123.8018 3.1460 80.3804
v  -123.6967 3.1460 80.5015
v  -123.6967 3.1917 80.5015
v  -123.8018 3.1917 80.3804
v  -123.5454 3.1460 80.5536
v  -123.5454 3.1917 80.5536
v  -123.3881 3.1460 80.5231
v  -123.3881 3.1917 80.5231
v  -123.2672 3.1460 80.4181
v  -123.2672 3.1917 80.4181
v  -123.2149 3.1460 80.2668
v  -123.2149 3.1917 80.2668
v  -123.2454 3.1460 80.1094
v  -123.2454 3.1917 80.1094
v  -123.3504 3.1460 79.9886
v  -123.3504 3.1917 79.9886
v  -123.5018 3.1460 79.9362
v  -123.5018 3.1917 79.9362
v  -123.6590 3.1460 79.9668
v  -123.6590 3.1917 79.9668
v  -123.7800 3.1460 80.0718
v  -123.7800 3.1917 80.0718
v  -123.8322 3.1460 80.2233
v  -123.8322 3.1917 80.2233
v  -123.8018 2.5506 80.3804
v  -123.6968 2.5506 80.5014
v  -123.6968 2.6042 80.5014
v  -123.8018 2.6042 80.3804
v  -123.5453 2.5506 80.5536
v  -123.5453 2.6042 80.5536
v  -123.3881 2.5506 80.5231
v  -123.3881 2.6042 80.5231
v  -123.2672 2.5506 80.4181
v  -123.2672 2.6042 80.4181
v  -123.2149 2.5506 80.2668
v  -123.2149 2.6042 80.2668
v  -123.2454 2.5506 80.1094
v  -123.2454 2.6042 80.1094
v  -123.3504 2.5506 79.9886
v  -123.3504 2.6042 79.9886
v  -123.5018 2.5506 79.9363
v  -123.5018 2.6042 79.9363
v  -123.6590 2.5506 79.9668
v  -123.6590 2.6042 79.9668
v  -123.7800 2.5506 80.0718
v  -123.7800 2.6042 80.0718
v  -123.8322 2.5506 80.2233
v  -123.8322 2.6042 80.2233
v  -123.3060 3.0405 80.1389
v  -123.2917 3.0318 80.1682
v  -123.2056 3.0318 80.1260
v  -123.2198 3.0405 80.0971
v  -123.2813 3.0081 80.1896
v  -123.1952 3.0081 80.1475
v  -123.2775 2.9757 80.1973
v  -123.1914 2.9757 80.1553
v  -123.2813 2.9432 80.1896
v  -123.1952 2.9432 80.1475
v  -123.2917 2.9195 80.1682
v  -123.2056 2.9195 80.1260
v  -123.3060 2.9108 80.1389
v  -123.2198 2.9108 80.0971
v  -123.3201 2.9195 80.1099
v  -123.2340 2.9195 80.0678
v  -123.3305 2.9432 80.0884
v  -123.2444 2.9432 80.0464
v  -123.3344 2.9757 80.0806
v  -123.2482 2.9757 80.0387
v  -123.3305 3.0081 80.0884
v  -123.2444 3.0081 80.0464
v  -123.3201 3.0318 80.1099
v  -123.2340 3.0318 80.0678
v  -123.2204 3.0512 80.0974
v  -123.2039 3.0410 80.1314
v  -123.1880 3.0410 80.1234
v  -123.2045 3.0512 80.0895
v  -123.1918 3.0134 80.1560
v  -123.1758 3.0134 80.1483
v  -123.1874 2.9757 80.1651
v  -123.1715 2.9757 80.1574
v  -123.1918 2.9379 80.1560
v  -123.1758 2.9379 80.1483
v  -123.2039 2.9103 80.1314
v  -123.1880 2.9103 80.1234
v  -123.2204 2.9002 80.0974
v  -123.2045 2.9002 80.0895
v  -123.2370 2.9103 80.0633
v  -123.2211 2.9103 80.0556
v  -123.2491 2.9379 80.0385
v  -123.2330 2.9379 80.0308
v  -123.2535 2.9757 80.0294
v  -123.2375 2.9757 80.0218
v  -123.2491 3.0134 80.0385
v  -123.2330 3.0134 80.0308
v  -123.2370 3.0410 80.0633
v  -123.2211 3.0410 80.0556
v  -122.6870 0.8698 80.7995
v  -122.6065 0.8698 80.7996
v  -122.6065 0.8698 82.9616
v  -122.6870 0.8698 82.9616
v  -122.6870 0.8816 82.9615
v  -122.6870 0.8816 80.7995
v  -122.6065 0.9413 80.7996
v  -122.6065 0.9413 82.9615
v  -122.6204 0.8816 80.7996
v  -122.6870 0.9413 80.7995
v  -122.6869 0.9413 82.9616
v  -122.6870 0.9296 80.7996
v  -122.6870 0.9296 82.9616
v  -122.6205 0.9296 82.9616
v  -122.6205 0.9296 80.7995
v  -122.6206 0.8816 82.9615
v  -124.9179 3.9887 79.2165
v  -124.9178 3.9988 79.2207
v  -124.5827 3.9988 79.2205
v  -124.5827 3.9887 79.2165
v  -124.9178 4.0008 79.2318
v  -124.5827 4.0008 79.2317
v  -124.9179 3.9928 79.2390
v  -124.5827 3.9928 79.2389
v  -124.9179 3.9806 79.2238
v  -124.5827 3.9806 79.2239
v  -124.9178 3.9827 79.2350
v  -124.5827 3.9827 79.2350
v  -124.9268 2.8169 79.7525
v  -124.9268 2.8270 79.7565
v  -124.5642 2.8270 79.7564
v  -124.5642 2.8169 79.7526
v  -124.9268 2.8290 79.7675
v  -124.5643 2.8290 79.7675
v  -124.9268 2.8210 79.7749
v  -124.5643 2.8210 79.7749
v  -124.9268 2.8088 79.7598
v  -124.5642 2.8088 79.7598
v  -124.9268 2.8109 79.7709
v  -124.5642 2.8109 79.7708
v  -124.9269 3.0822 79.6277
v  -124.9269 3.0924 79.6316
v  -124.5642 3.0923 79.6316
v  -124.5642 3.0822 79.6277
v  -124.9268 3.0944 79.6429
v  -124.5642 3.0944 79.6429
v  -124.9269 3.0863 79.6501
v  -124.5642 3.0863 79.6502
v  -124.9269 3.0742 79.6350
v  -124.5642 3.0742 79.6350
v  -124.9268 3.0762 79.6461
v  -124.5642 3.0762 79.6460
v  -124.9268 3.4192 79.4749
v  -124.9268 3.4294 79.4790
v  -124.5642 3.4294 79.4790
v  -124.5642 3.4192 79.4750
v  -124.9268 3.4314 79.4900
v  -124.5642 3.4314 79.4900
v  -124.9268 3.4234 79.4973
v  -124.5642 3.4234 79.4975
v  -124.9270 3.4112 79.4822
v  -124.5642 3.4112 79.4823
v  -124.9268 3.4132 79.4933
v  -124.5642 3.4132 79.4934
v  -124.9205 3.7401 79.3275
v  -124.9205 3.7503 79.3315
v  -124.5800 3.7502 79.3316
v  -124.5800 3.7401 79.3274
v  -124.9205 3.7523 79.3426
v  -124.5801 3.7523 79.3424
v  -124.9205 3.7442 79.3500
v  -124.5800 3.7442 79.3499
v  -124.9205 3.7321 79.3347
v  -124.5800 3.7321 79.3349
v  -124.9205 3.7341 79.3459
v  -124.5801 3.7341 79.3459
v  -124.9161 2.4571 79.9136
v  -124.9317 2.4555 79.9052
v  -124.9317 3.0959 79.6205
v  -124.9160 3.0974 79.6289
v  -124.9160 3.1005 79.6458
v  -124.9161 2.4601 79.9302
v  -124.9317 3.1020 79.6540
v  -124.9317 2.4617 79.9388
v  -124.9317 3.9764 79.2143
v  -124.9284 4.1338 79.1258
v  -124.9131 4.1401 79.1315
v  -124.9160 3.9780 79.2227
v  -124.9161 3.9810 79.2393
v  -124.9131 4.1528 79.1426
v  -124.9317 3.9826 79.2477
v  -124.9285 4.1591 79.1482
v  -124.9131 4.1711 79.0768
v  -124.9285 4.1627 79.0767
v  -124.9131 4.1877 79.0773
v  -124.9285 4.1961 79.0774
v  -124.9285 4.1682 78.7290
v  -124.9107 4.1757 78.7277
v  -124.9107 4.1908 78.7250
v  -124.9285 4.1984 78.7234
v  -124.9473 3.0974 79.6289
v  -124.9473 2.4571 79.9137
v  -124.9473 2.4601 79.9303
v  -124.9472 3.1005 79.6458
v  -124.9439 4.1401 79.1314
v  -124.9473 3.9780 79.2226
v  -124.9473 3.9810 79.2393
v  -124.9438 4.1528 79.1427
v  -124.9438 4.1711 79.0769
v  -124.9439 4.1877 79.0774
v  -124.9462 4.1757 78.7277
v  -124.9462 4.1908 78.7250
v  -124.5507 2.4571 79.9136
v  -124.5662 2.4555 79.9053
v  -124.5663 3.0959 79.6205
v  -124.5506 3.0974 79.6289
v  -124.5506 3.1005 79.6457
v  -124.5506 2.4601 79.9303
v  -124.5662 3.1020 79.6540
v  -124.5662 2.4617 79.9386
v  -124.5662 3.9764 79.2143
v  -124.5630 4.1338 79.1258
v  -124.5477 4.1401 79.1315
v  -124.5507 3.9780 79.2226
v  -124.5506 3.9810 79.2392
v  -124.5476 4.1528 79.1426
v  -124.5662 3.9826 79.2477
v  -124.5631 4.1591 79.1482
v  -124.5476 4.1711 79.0769
v  -124.5631 4.1627 79.0767
v  -124.5477 4.1877 79.0773
v  -124.5630 4.1961 79.0774
v  -124.5630 4.1682 78.7290
v  -124.5452 4.1757 78.7278
v  -124.5452 4.1908 78.7250
v  -124.5629 4.1984 78.7235
v  -124.5818 3.0974 79.6289
v  -124.5819 2.4571 79.9136
v  -124.5819 2.4601 79.9302
v  -124.5819 3.1005 79.6457
v  -124.5784 4.1401 79.1314
v  -124.5819 3.9780 79.2226
v  -124.5819 3.9810 79.2393
v  -124.5784 4.1528 79.1426
v  -124.5784 4.1711 79.0768
v  -124.5784 4.1877 79.0773
v  -124.5808 4.1757 78.7277
v  -124.5808 4.1908 78.7249
v  -123.1556 0.3443 83.1653
v  -123.1556 0.2179 83.1653
v  -123.3104 0.2179 83.1653
v  -123.3104 0.3443 83.1653
v  -123.1557 0.3443 83.1783
v  -123.1557 0.2179 83.1783
v  -123.3105 0.3443 83.1781
v  -123.3105 0.2179 83.1781
v  -123.1555 0.3443 83.3781
v  -123.1555 0.2179 83.3781
v  -123.3104 0.2179 83.3780
v  -123.3104 0.3443 83.3781
v  -123.1557 0.3443 83.3909
v  -123.1556 0.2179 83.3910
v  -123.3105 0.3443 83.3909
v  -123.3105 0.2179 83.3909
v  -123.1557 2.3907 82.4265
v  -123.1557 2.2643 82.4265
v  -123.3104 2.2643 82.4265
v  -123.3104 2.3907 82.4265
v  -123.1556 2.3907 82.4396
v  -123.1556 2.2643 82.4396
v  -123.3104 2.3907 82.4396
v  -123.3104 2.2643 82.4396
v  -123.1254 0.3379 82.4247
v  -123.1254 2.2646 82.4247
v  -123.1254 2.2646 82.6547
v  -123.1254 0.3379 82.6548
v  -123.3115 2.2646 82.6548
v  -123.3115 0.3379 82.6548
v  -123.3115 2.2646 82.4247
v  -123.3114 0.3379 82.4247
v  -123.1557 2.3907 82.6393
v  -123.1557 2.2643 82.6393
v  -123.3104 2.2643 82.6392
v  -123.3104 2.3907 82.6392
v  -123.1556 2.3907 82.6523
v  -123.1556 2.2643 82.6523
v  -123.3104 2.3907 82.6523
v  -123.3104 2.2643 82.6523
v  -123.1557 0.3443 82.4265
v  -123.1557 0.2179 82.4265
v  -123.3104 0.2179 82.4265
v  -123.3104 0.3443 82.4265
v  -123.1556 0.3443 82.4396
v  -123.1556 0.2179 82.4396
v  -123.3104 0.3443 82.4396
v  -123.3104 0.2179 82.4396
v  -123.1557 0.3443 82.6393
v  -123.1557 0.2179 82.6393
v  -123.3104 0.2179 82.6392
v  -123.3104 0.3443 82.6392
v  -123.1556 0.3443 82.6523
v  -123.1556 0.2179 82.6523
v  -123.3104 0.3443 82.6523
v  -123.3104 0.2179 82.6523
v  -123.1557 2.3907 81.7705
v  -123.1557 2.2643 81.7705
v  -123.3105 2.2643 81.7704
v  -123.3104 2.3907 81.7705
v  -123.1557 2.3907 81.7835
v  -123.1557 2.2643 81.7835
v  -123.3104 2.3907 81.7835
v  -123.3104 2.2643 81.7835
v  -123.1255 0.3379 81.7686
v  -123.1254 2.2646 81.7686
v  -123.1254 2.2646 81.9986
v  -123.1254 0.3379 81.9987
v  -123.3115 2.2646 81.9986
v  -123.3115 0.3379 81.9986
v  -123.3114 2.2646 81.7687
v  -123.3114 0.3379 81.7687
v  -123.1557 2.3907 81.9831
v  -123.1557 2.2643 81.9831
v  -123.3104 2.2643 81.9832
v  -123.3104 2.3907 81.9832
v  -123.1557 2.3907 81.9962
v  -123.1557 2.2643 81.9962
v  -123.3104 2.3907 81.9962
v  -123.3104 2.2643 81.9962
v  -123.1557 0.3443 81.7705
v  -123.1557 0.2179 81.7705
v  -123.3105 0.2179 81.7704
v  -123.3104 0.3443 81.7705
v  -123.1557 0.3443 81.7835
v  -123.1557 0.2179 81.7835
v  -123.3104 0.3443 81.7835
v  -123.3104 0.2179 81.7835
v  -123.1557 0.3443 81.9831
v  -123.1557 0.2179 81.9831
v  -123.3104 0.2179 81.9832
v  -123.3104 0.3443 81.9832
v  -123.1557 0.3443 81.9962
v  -123.1557 0.2179 81.9962
v  -123.3104 0.3443 81.9962
v  -123.3104 0.2179 81.9962
v  -123.1556 2.3907 81.1302
v  -123.1556 2.2643 81.1302
v  -123.3104 2.2643 81.1302
v  -123.3104 2.3907 81.1300
v  -123.1557 2.3907 81.1431
v  -123.1557 2.2643 81.1431
v  -123.3104 2.3907 81.1431
v  -123.3104 2.2643 81.1431
v  -123.1254 0.3379 81.1283
v  -123.1254 2.2646 81.1283
v  -123.1254 2.2646 81.3582
v  -123.1254 0.3379 81.3583
v  -123.3115 2.2646 81.3583
v  -123.3115 0.3379 81.3583
v  -123.3115 2.2646 81.1282
v  -123.3115 0.3379 81.1282
v  -123.1557 2.3907 81.3428
v  -123.1557 2.2643 81.3428
v  -123.3104 2.2643 81.3429
v  -123.3105 2.3907 81.3428
v  -123.1556 2.3907 81.3559
v  -123.1557 2.2643 81.3557
v  -123.3105 2.3907 81.3557
v  -123.3105 2.2643 81.3557
v  -123.1556 0.3443 81.1302
v  -123.1556 0.2179 81.1302
v  -123.3104 0.2179 81.1302
v  -123.3104 0.3443 81.1300
v  -123.1557 0.3443 81.1431
v  -123.1557 0.2179 81.1431
v  -123.3104 0.3443 81.1431
v  -123.3104 0.2179 81.1431
v  -123.1557 0.3443 81.3428
v  -123.1557 0.2179 81.3428
v  -123.3104 0.2179 81.3429
v  -123.3105 0.3443 81.3428
v  -123.1556 0.3443 81.3559
v  -123.1557 0.2179 81.3557
v  -123.3105 0.3443 81.3557
v  -123.3105 0.2179 81.3557
v  -123.1557 2.3907 80.5036
v  -123.1557 2.2643 80.5036
v  -123.3105 2.2643 80.5036
v  -123.3105 2.3907 80.5036
v  -123.1556 2.3907 80.5166
v  -123.1556 2.2643 80.5166
v  -123.3104 2.3907 80.5168
v  -123.3104 2.2643 80.5168
v  -123.1254 0.3379 80.5017
v  -123.1254 2.2646 80.5019
v  -123.1254 2.2646 80.7318
v  -123.1254 0.3379 80.7317
v  -123.3115 2.2646 80.7318
v  -123.3115 0.3379 80.7318
v  -123.3114 2.2646 80.5020
v  -123.3115 0.3379 80.5019
v  -123.1557 2.3907 80.7162
v  -123.1557 2.2643 80.7162
v  -123.3104 2.2643 80.7162
v  -123.3104 2.3907 80.7162
v  -123.1557 2.3907 80.7293
v  -123.1557 2.2643 80.7293
v  -123.3104 2.3907 80.7293
v  -123.3104 2.2643 80.7293
v  -123.1557 0.3443 80.5036
v  -123.1557 0.2179 80.5036
v  -123.3105 0.2179 80.5036
v  -123.3105 0.3443 80.5036
v  -123.1556 0.3443 80.5166
v  -123.1556 0.2179 80.5166
v  -123.3104 0.3443 80.5168
v  -123.3104 0.2179 80.5168
v  -123.1557 0.3443 80.7162
v  -123.1557 0.2179 80.7162
v  -123.3104 0.2179 80.7162
v  -123.3104 0.3443 80.7162
v  -123.1557 0.3443 80.7293
v  -123.1557 0.2179 80.7293
v  -123.3104 0.3443 80.7293
v  -123.3104 0.2179 80.7293
v  -125.3706 2.3907 83.3177
v  -125.3706 2.2643 83.3177
v  -125.2158 2.2643 83.3178
v  -125.2158 2.3907 83.3178
v  -125.3705 2.3907 83.3047
v  -125.3705 2.2643 83.3048
v  -125.2157 2.3907 83.3047
v  -125.2157 2.2643 83.3047
v  -125.4007 0.3379 83.3196
v  -125.4007 2.2646 83.3196
v  -125.4007 2.2646 83.0895
v  -125.4007 0.3379 83.0898
v  -125.2147 2.2646 83.0896
v  -125.2147 0.3379 83.0896
v  -125.2147 2.2646 83.3196
v  -125.2147 0.3379 83.3196
v  -125.3706 2.3907 83.1050
v  -125.3706 2.2643 83.1050
v  -125.2157 2.2643 83.1051
v  -125.2157 2.3907 83.1050
v  -125.3705 2.3907 83.0922
v  -125.3706 2.2643 83.0921
v  -125.2158 2.3907 83.0921
v  -125.2158 2.2643 83.0921
v  -125.3706 0.3443 83.3177
v  -125.3706 0.2179 83.3177
v  -125.2158 0.2179 83.3178
v  -125.2158 0.3443 83.3178
v  -125.3705 0.3443 83.3047
v  -125.3705 0.2179 83.3048
v  -125.2157 0.3443 83.3047
v  -125.2157 0.2179 83.3047
v  -125.3706 0.3443 83.1050
v  -125.3706 0.2179 83.1050
v  -125.2157 0.2179 83.1051
v  -125.2157 0.3443 83.1050
v  -125.3705 0.3443 83.0922
v  -125.3706 0.2179 83.0921
v  -125.2158 0.3443 83.0921
v  -125.2158 0.2179 83.0921
v  -125.3706 2.3907 82.5198
v  -125.3706 2.2643 82.5198
v  -125.2157 2.2643 82.5199
v  -125.2157 2.3907 82.5199
v  -125.3705 2.3907 82.5070
v  -125.3705 2.2643 82.5070
v  -125.2158 2.3907 82.5070
v  -125.2158 2.2643 82.5070
v  -125.4007 0.3379 82.5218
v  -125.4008 2.2646 82.5216
v  -125.4008 2.2646 82.2918
v  -125.4007 0.3379 82.2918
v  -125.2147 2.2646 82.2918
v  -125.2147 0.3379 82.2918
v  -125.2147 2.2646 82.5218
v  -125.2147 0.3379 82.5218
v  -125.3705 2.3907 82.3073
v  -125.3705 2.2643 82.3073
v  -125.2157 2.2643 82.3073
v  -125.2157 2.3907 82.3073
v  -125.3705 2.3907 82.2942
v  -125.3705 2.2643 82.2942
v  -125.2157 2.3907 82.2942
v  -125.2157 2.2643 82.2942
v  -125.3706 0.3443 82.5198
v  -125.3706 0.2179 82.5198
v  -125.2157 0.2179 82.5199
v  -125.2157 0.3443 82.5199
v  -125.3705 0.3443 82.5070
v  -125.3705 0.2179 82.5070
v  -125.2158 0.3443 82.5070
v  -125.2158 0.2179 82.5070
v  -125.3705 0.3443 82.3073
v  -125.3705 0.2179 82.3073
v  -125.2157 0.2179 82.3073
v  -125.2157 0.3443 82.3073
v  -125.3705 0.3443 82.2942
v  -125.3705 0.2179 82.2942
v  -125.2157 0.3443 82.2942
v  -125.2157 0.2179 82.2942
v  -125.3706 2.3907 81.8258
v  -125.3706 2.2643 81.8258
v  -125.2158 2.2643 81.8258
v  -125.2158 2.3907 81.8258
v  -125.3704 2.3907 81.8129
v  -125.3704 2.2643 81.8129
v  -125.2157 2.3907 81.8129
v  -125.2157 2.2643 81.8129
v  -125.4007 0.3379 81.8278
v  -125.4007 2.2646 81.8278
v  -125.4007 2.2646 81.5977
v  -125.4007 0.3379 81.5979
v  -125.2147 2.2646 81.5979
v  -125.2147 0.3379 81.5978
v  -125.2147 2.2646 81.8278
v  -125.2147 0.3379 81.8278
v  -125.3706 2.3907 81.6132
v  -125.3705 2.2643 81.6133
v  -125.2157 2.2643 81.6133
v  -125.2158 2.3907 81.6132
v  -125.3705 2.3907 81.6004
v  -125.3705 2.2643 81.6004
v  -125.2157 2.3907 81.6003
v  -125.2157 2.2643 81.6003
v  -125.3706 0.3443 81.8258
v  -125.3706 0.2179 81.8258
v  -125.2158 0.2179 81.8258
v  -125.2158 0.3443 81.8258
v  -125.3704 0.3443 81.8129
v  -125.3704 0.2179 81.8129
v  -125.2157 0.3443 81.8129
v  -125.2157 0.2179 81.8129
v  -125.3706 0.3443 81.6132
v  -125.3705 0.2179 81.6133
v  -125.2157 0.2179 81.6133
v  -125.2158 0.3443 81.6132
v  -125.3705 0.3443 81.6004
v  -125.3705 0.2179 81.6004
v  -125.2157 0.3443 81.6003
v  -125.2157 0.2179 81.6003
v  -125.3705 2.3907 81.1331
v  -125.3705 2.2643 81.1331
v  -125.2157 2.2643 81.1330
v  -125.2157 2.3907 81.1330
v  -125.3706 2.3907 81.1199
v  -125.3706 2.2643 81.1199
v  -125.2158 2.3907 81.1199
v  -125.2158 2.2643 81.1199
v  -125.4007 0.3379 81.1349
v  -125.4007 2.2646 81.1349
v  -125.4007 2.2646 80.9049
v  -125.4007 0.3379 80.9048
v  -125.2147 2.2646 80.9048
v  -125.2147 0.3379 80.9048
v  -125.2147 2.2646 81.1348
v  -125.2147 0.3379 81.1348
v  -125.3705 2.3907 80.8148
v  -125.3705 2.2643 80.8148
v  -125.2157 2.2643 80.8150
v  -125.2157 2.3907 80.8150
v  -125.3706 2.3907 80.8019
v  -125.3706 2.2643 80.8019
v  -125.2158 2.3907 80.8019
v  -125.2158 2.2643 80.8019
v  -125.3705 0.3443 81.1331
v  -125.3705 0.2179 81.1331
v  -125.2157 0.2179 81.1330
v  -125.2157 0.3443 81.1330
v  -125.3706 0.3443 81.1199
v  -125.3706 0.2179 81.1199
v  -125.2158 0.3443 81.1199
v  -125.2158 0.2179 81.1199
v  -125.3705 0.3443 80.9203
v  -125.3705 0.2179 80.9203
v  -125.2157 0.2179 80.9203
v  -125.2157 0.3443 80.9203
v  -125.3705 0.3443 80.9073
v  -125.3705 0.2179 80.9073
v  -125.2158 0.3443 80.9074
v  -125.2158 0.2179 80.9074
v  -125.3704 2.3907 80.4582
v  -125.3704 2.2643 80.4582
v  -125.2157 2.2643 80.4583
v  -125.2157 2.3907 80.4583
v  -125.3706 2.3907 80.4452
v  -125.3706 2.2643 80.4452
v  -125.2157 2.3907 80.4452
v  -125.2157 2.2643 80.4452
v  -125.4008 0.3379 80.3548
v  -125.4008 2.2646 80.3548
v  -125.4007 2.2646 80.1248
v  -125.4007 0.3379 80.1247
v  -125.2147 2.2646 80.1247
v  -125.2147 0.3379 80.1247
v  -125.2147 2.2646 80.3546
v  -125.2147 0.3379 80.3546
v  -125.3705 2.3907 80.2456
v  -125.3705 2.2643 80.2456
v  -125.2157 2.2643 80.2455
v  -125.2157 2.3907 80.2455
v  -125.3705 2.3907 80.2325
v  -125.3705 2.2643 80.2325
v  -125.2158 2.3907 80.2325
v  -125.2158 2.2643 80.2325
v  -125.3704 0.3443 80.4582
v  -125.3704 0.2179 80.4582
v  -125.2157 0.2179 80.4583
v  -125.2157 0.3443 80.4583
v  -125.3706 0.3443 80.4452
v  -125.3706 0.2179 80.4452
v  -125.2157 0.3443 80.4452
v  -125.2157 0.2179 80.4452
v  -125.3705 0.3443 80.2456
v  -125.3705 0.2179 80.2456
v  -125.2157 0.2179 80.2455
v  -125.2157 0.3443 80.2455
v  -125.3705 0.3443 80.2325
v  -125.3705 0.2179 80.2325
v  -125.2158 0.3443 80.2325
v  -125.2158 0.2179 80.2325
v  -124.1320 0.3379 84.2504
v  -124.1320 2.2646 84.2504
v  -124.4149 2.2646 84.2505
v  -124.4150 0.3379 84.2503
v  -124.4150 2.2646 84.0642
v  -124.4150 0.3379 84.0642
v  -124.1320 2.2646 84.0644
v  -124.1320 0.3379 84.0642
v  -122.3972 0.9442 82.7491
v  -122.3972 0.9160 82.7648
v  -122.3972 0.8851 82.7558
v  -122.3972 0.8696 82.7272
v  -122.3972 0.8786 82.6961
v  -122.3972 0.9068 82.6803
v  -122.3972 0.9377 82.6894
v  -122.3972 0.9532 82.7178
v  -122.3972 0.9415 82.1767
v  -122.3971 0.9119 82.1896
v  -122.3972 0.8820 82.1775
v  -122.3971 0.8694 82.1477
v  -122.3972 0.8813 82.1175
v  -122.3972 0.9109 82.1046
v  -122.3972 0.9408 82.1165
v  -122.3972 0.9534 82.1464
v  -122.3972 0.9438 81.6136
v  -122.3972 0.9154 81.6289
v  -122.3971 0.8846 81.6194
v  -122.3972 0.8696 81.5906
v  -122.3972 0.8790 81.5594
v  -122.3972 0.9074 81.5442
v  -122.3971 0.9382 81.5536
v  -122.3972 0.9532 81.5824
v  -122.3972 0.9458 81.0553
v  -122.3972 0.9187 81.0728
v  -122.3972 0.8873 81.0657
v  -122.3972 0.8700 81.0382
v  -122.3972 0.8770 81.0064
v  -122.3972 0.9041 80.9890
v  -122.3972 0.9355 80.9961
v  -122.3972 0.9528 81.0235
v  -123.1266 0.5087 83.1637
v  -123.1267 0.5087 82.8800
v  -123.1267 0.7385 83.1636
v  -123.2795 0.5087 82.8803
v  -123.2794 0.7323 83.1750
v  -123.1266 0.5087 80.7296
v  -123.1267 0.7385 80.7295
v  -123.1267 0.5087 81.0130
v  -123.2795 0.7323 80.7183
v  -123.2795 0.5087 81.0130
v  -125.3931 0.5087 83.0923
v  -125.3931 0.7385 83.0923
v  -125.3931 0.5087 82.8090
v  -125.2403 0.7323 83.1035
v  -125.2402 0.5087 82.8091
v  -125.3931 0.5087 80.4574
v  -125.3931 0.5087 80.7406
v  -125.3931 0.7385 80.4574
v  -125.2403 0.5087 80.7408
v  -125.2403 0.7323 80.4461
v  -124.4134 2.3907 79.6003
v  -124.4134 2.2643 79.6003
v  -124.4134 2.2643 79.7550
v  -124.4134 2.3907 79.7550
v  -124.3974 2.3907 79.6003
v  -124.3974 2.2643 79.6003
v  -124.3975 2.3907 79.7550
v  -124.3975 2.2643 79.7550
v  -124.4155 0.3379 79.5701
v  -124.4155 2.2646 79.5701
v  -124.1325 2.2646 79.5701
v  -124.1326 0.3379 79.5700
v  -124.1326 2.2646 79.7560
v  -124.1325 0.3379 79.7561
v  -124.4155 2.2646 79.7561
v  -124.4155 0.3379 79.7560
v  -124.1499 2.3907 79.6003
v  -124.1499 2.2643 79.6003
v  -124.1499 2.2643 79.7550
v  -124.1499 2.3907 79.7550
v  -124.1339 2.3907 79.6003
v  -124.1339 2.2643 79.6003
v  -124.1339 2.3907 79.7552
v  -124.1339 2.2643 79.7552
v  -124.4134 0.3443 79.6003
v  -124.4134 0.2179 79.6003
v  -124.4134 0.2179 79.7550
v  -124.4134 0.3443 79.7550
v  -124.3974 0.3443 79.6003
v  -124.3974 0.2179 79.6003
v  -124.3975 0.3443 79.7550
v  -124.3975 0.2179 79.7550
v  -124.1499 0.3443 79.6003
v  -124.1499 0.2179 79.6003
v  -124.1499 0.2179 79.7550
v  -124.1499 0.3443 79.7550
v  -124.1339 0.3443 79.6003
v  -124.1339 0.2179 79.6003
v  -124.1339 0.3443 79.7552
v  -124.1339 0.2179 79.7552
v  -124.3613 0.8576 84.5148
v  -124.7522 0.8576 84.5147
v  -124.3308 0.8613 84.5148
v  -124.3148 0.8805 84.5147
v  -124.3148 1.5600 84.5147
v  -124.3308 1.5793 84.5148
v  -124.3613 1.5830 84.5148
v  -124.7522 1.5830 84.5147
v  -124.7827 1.5793 84.5147
v  -124.7987 1.5600 84.5147
v  -124.7987 0.8805 84.5146
v  -124.7827 0.8613 84.5147
v  -124.3613 0.8576 84.5594
v  -124.7521 0.8576 84.5594
v  -124.3309 0.8613 84.5592
v  -124.3148 0.8805 84.5594
v  -124.3149 1.5600 84.5592
v  -124.3309 1.5793 84.5592
v  -124.3613 1.5830 84.5594
v  -124.7521 1.5830 84.5594
v  -124.7827 1.5793 84.5592
v  -124.7986 1.5600 84.5594
v  -124.7986 0.8805 84.5594
v  -124.7827 0.8613 84.5592
v  -124.5483 2.8458 83.8662
v  -124.5483 2.8458 84.3158
v  -124.5625 2.8399 84.3157
v  -124.5624 2.8399 83.8662
v  -124.5424 2.8599 83.8662
v  -124.5424 2.8599 84.3158
v  -124.5483 2.8740 83.8662
v  -124.5483 2.8740 84.3158
v  -124.5624 2.8799 83.8662
v  -124.5625 2.8799 84.3157
v  -124.5766 2.8740 83.8662
v  -124.5766 2.8740 84.3157
v  -124.5824 2.8599 83.8662
v  -124.5824 2.8599 84.3157
v  -124.5766 2.8458 83.8662
v  -124.5766 2.8458 84.3157
v  -125.0706 2.4617 83.8677
v  -125.0706 2.7255 83.8655
v  -125.0706 2.7255 84.2160
v  -125.0706 2.4617 84.2182
v  -125.3480 2.4617 83.8677
v  -125.3481 2.4617 84.2182
v  -125.3481 2.7255 84.2159
v  -125.3481 2.7255 83.8655
v  -125.3369 2.7348 83.8645
v  -125.3368 2.7348 84.2150
v  -125.0819 2.7348 84.2149
v  -125.0818 2.7348 83.8648
v  -125.3392 2.7304 84.2166
v  -125.3392 2.4617 84.2182
v  -125.3393 2.4617 83.8677
v  -125.3392 2.7304 83.8662
v  -125.0779 2.4617 83.8677
v  -125.0778 2.4617 84.2183
v  -125.0779 2.7304 84.2166
v  -125.0779 2.7304 83.8661
v  -124.6518 -0.2055 84.4174
v  -124.6647 -0.2055 84.4224
v  -124.6647 0.9090 84.4229
v  -124.6519 0.9090 84.4179
v  -124.6699 -0.2055 84.4348
v  -124.6701 0.9090 84.4347
v  -124.6647 -0.2055 84.4473
v  -124.6647 0.9090 84.4467
v  -124.6518 -0.2055 84.4524
v  -124.6518 0.9090 84.4518
v  -124.6389 0.9090 84.4230
v  -124.6389 -0.2055 84.4225
v  -124.6336 0.9090 84.4350
v  -124.6337 -0.2055 84.4348
v  -124.6389 0.9090 84.4468
v  -124.6389 -0.2055 84.4474
v  -124.3546 -0.2055 84.4173
v  -124.3673 -0.2055 84.4225
v  -124.3674 0.9090 84.4230
v  -124.3544 0.9090 84.4180
v  -124.3727 -0.2055 84.4348
v  -124.3727 0.9090 84.4348
v  -124.3674 -0.2055 84.4473
v  -124.3674 0.9090 84.4468
v  -124.3544 -0.2055 84.4525
v  -124.3544 0.9090 84.4518
v  -124.3416 0.9090 84.4229
v  -124.3416 -0.2055 84.4224
v  -124.3363 0.9090 84.4347
v  -124.3363 -0.2055 84.4348
v  -124.3416 0.9090 84.4468
v  -124.3416 -0.2055 84.4474
v  -124.7966 2.3445 82.4461
v  -124.8410 2.3445 82.5244
v  -124.8410 2.7285 82.5244
v  -124.7966 2.7285 82.4461
v  -124.8403 2.3445 82.6144
v  -124.8402 2.7285 82.6145
v  -124.7945 2.3445 82.6922
v  -124.7945 2.7285 82.6922
v  -124.7161 2.3445 82.7365
v  -124.7161 2.7285 82.7365
v  -124.6259 2.3445 82.7359
v  -124.6260 2.7285 82.7357
v  -124.5484 2.3445 82.6901
v  -124.5484 2.7285 82.6901
v  -124.5039 2.3445 82.6117
v  -124.5039 2.7285 82.6117
v  -124.5047 2.3445 82.5216
v  -124.5047 2.7285 82.5216
v  -124.5504 2.3445 82.4438
v  -124.5504 2.7285 82.4438
v  -124.6288 2.3445 82.3994
v  -124.6288 2.7285 82.3994
v  -124.7189 2.3445 82.4003
v  -124.7189 2.7285 82.4003
v  -124.8170 2.7238 82.4259
v  -124.8687 2.7238 82.5172
v  -124.8687 2.7695 82.5172
v  -124.8170 2.7695 82.4259
v  -124.8679 2.7238 82.6221
v  -124.8679 2.7695 82.6221
v  -124.8146 2.7238 82.7126
v  -124.8146 2.7695 82.7126
v  -124.7233 2.7238 82.7642
v  -124.7233 2.7695 82.7642
v  -124.6183 2.7238 82.7635
v  -124.6183 2.7695 82.7635
v  -124.5280 2.7238 82.7101
v  -124.5280 2.7695 82.7101
v  -124.4762 2.7238 82.6189
v  -124.4762 2.7695 82.6189
v  -124.4772 2.7238 82.5139
v  -124.4772 2.7695 82.5139
v  -124.5303 2.7238 82.4235
v  -124.5303 2.7695 82.4235
v  -124.6216 2.7238 82.3717
v  -124.6216 2.7695 82.3717
v  -124.7265 2.7238 82.3727
v  -124.7265 2.7695 82.3727
v  -124.8170 2.4748 82.4259
v  -124.8687 2.4748 82.5172
v  -124.8687 2.5284 82.5172
v  -124.8170 2.5284 82.4259
v  -124.8679 2.4748 82.6221
v  -124.8679 2.5284 82.6221
v  -124.8146 2.4748 82.7126
v  -124.8146 2.5284 82.7126
v  -124.7233 2.4748 82.7642
v  -124.7233 2.5284 82.7642
v  -124.6183 2.4748 82.7635
v  -124.6183 2.5284 82.7635
v  -124.5280 2.4748 82.7101
v  -124.5280 2.5284 82.7101
v  -124.4762 2.4748 82.6189
v  -124.4762 2.5284 82.6189
v  -124.4772 2.4748 82.5139
v  -124.4772 2.5284 82.5139
v  -124.5304 2.4748 82.4234
v  -124.5304 2.5284 82.4234
v  -124.6216 2.4748 82.3717
v  -124.6216 2.5284 82.3717
v  -124.7265 2.4748 82.3727
v  -124.7265 2.5284 82.3727
v  -124.7785 2.8990 82.4638
v  -124.8164 2.8990 82.5308
v  -124.8164 2.9410 82.5308
v  -124.7785 2.9410 82.4638
v  -124.8157 2.8990 82.6078
v  -124.8157 2.9410 82.6078
v  -124.7766 2.8990 82.6740
v  -124.7766 2.9410 82.6740
v  -124.7097 2.8990 82.7119
v  -124.7097 2.9410 82.7119
v  -124.6328 2.8990 82.7113
v  -124.6328 2.9410 82.7113
v  -124.5665 2.8990 82.6721
v  -124.5665 2.9410 82.6721
v  -124.5286 2.8990 82.6053
v  -124.5286 2.9410 82.6053
v  -124.5292 2.8990 82.5282
v  -124.5292 2.9410 82.5282
v  -124.5683 2.8990 82.4621
v  -124.5683 2.9410 82.4621
v  -124.6352 2.8990 82.4242
v  -124.6352 2.9410 82.4242
v  -124.7121 2.8990 82.4247
v  -124.7121 2.9410 82.4247
v  -124.7430 2.6858 82.4988
v  -124.7682 2.6858 82.5432
v  -124.7682 2.9767 82.5432
v  -124.7430 2.9767 82.4988
v  -124.7678 2.6858 82.5945
v  -124.7678 2.9767 82.5945
v  -124.7418 2.6858 82.6385
v  -124.7418 2.9767 82.6385
v  -124.6973 2.6858 82.6638
v  -124.6973 2.9767 82.6638
v  -124.6461 2.6858 82.6634
v  -124.6460 2.9767 82.6635
v  -124.6019 2.6858 82.6375
v  -124.6019 2.9767 82.6375
v  -124.5767 2.6858 82.5928
v  -124.5767 2.9767 82.5928
v  -124.5771 2.6858 82.5417
v  -124.5771 2.9767 82.5417
v  -124.6031 2.6858 82.4975
v  -124.6031 2.9767 82.4975
v  -124.6477 2.6858 82.4723
v  -124.6477 2.9767 82.4723
v  -124.6989 2.6858 82.4727
v  -124.6989 2.9767 82.4727
v  -124.7271 4.3982 82.5143
v  -124.7465 4.3982 82.5487
v  -124.7465 4.5063 82.5487
v  -124.7271 4.5063 82.5143
v  -124.7462 4.3982 82.5885
v  -124.7462 4.5063 82.5885
v  -124.7262 4.3982 82.6226
v  -124.7262 4.5063 82.6226
v  -124.6917 4.3982 82.6421
v  -124.6917 4.5063 82.6421
v  -124.6520 4.3982 82.6419
v  -124.6520 4.5063 82.6419
v  -124.6179 4.3982 82.6216
v  -124.6179 4.5063 82.6216
v  -124.5983 4.3982 82.5872
v  -124.5983 4.5063 82.5872
v  -124.5988 4.3982 82.5475
v  -124.5988 4.5063 82.5475
v  -124.6188 4.3982 82.5135
v  -124.6188 4.5063 82.5135
v  -124.6533 4.3982 82.4939
v  -124.6533 4.5063 82.4939
v  -124.6929 4.3982 82.4943
v  -124.6929 4.5063 82.4943
v  -124.7486 4.4938 82.4931
v  -124.7758 4.4938 82.5413
v  -124.7758 4.7348 82.5413
v  -124.7486 4.7348 82.4931
v  -124.7754 4.4938 82.5966
v  -124.7754 4.7348 82.5966
v  -124.7473 4.4938 82.6443
v  -124.7473 4.7348 82.6443
v  -124.6992 4.4938 82.6715
v  -124.6992 4.7348 82.6715
v  -124.6439 4.4938 82.6709
v  -124.6439 4.7348 82.6709
v  -124.5963 4.4938 82.6429
v  -124.5963 4.7348 82.6429
v  -124.5690 4.4938 82.5948
v  -124.5690 4.7348 82.5948
v  -124.5695 4.4938 82.5396
v  -124.5695 4.7348 82.5396
v  -124.5976 4.4938 82.4919
v  -124.5976 4.7348 82.4919
v  -124.6456 4.4938 82.4648
v  -124.6456 4.7348 82.4648
v  -124.7010 4.4938 82.4650
v  -124.7010 4.7348 82.4650
v  -124.7619 2.9368 82.4685
v  -124.7375 2.9767 82.4949
v  -124.5994 2.9767 82.6306
v  -124.5726 2.9368 82.6546
v  -124.7441 2.9767 82.5017
v  -124.7710 2.9368 82.4777
v  -124.6062 2.9767 82.6374
v  -124.5817 2.9368 82.6637
v  -124.5767 2.9045 82.6606
v  -124.5670 2.9045 82.6505
v  -124.7545 2.9045 82.4661
v  -124.7643 2.9045 82.4761
v  -124.7623 2.7635 82.4583
v  -124.7623 2.8744 82.4583
v  -124.5585 2.8744 82.6588
v  -124.5585 2.7635 82.6588
v  -124.7721 2.8744 82.4684
v  -124.7721 2.7635 82.4684
v  -124.5683 2.8744 82.6689
v  -124.5683 2.7635 82.6689
v  -124.5681 2.9045 82.4753
v  -124.5780 2.9045 82.4655
v  -124.7631 2.9045 82.6521
v  -124.7532 2.9045 82.6620
v  -124.7709 2.7635 82.6599
v  -124.7709 2.8744 82.6599
v  -124.5696 2.8744 82.4569
v  -124.5696 2.7635 82.4569
v  -124.7609 2.8744 82.6698
v  -124.7609 2.7635 82.6698
v  -124.5598 2.8744 82.4667
v  -124.5598 2.7635 82.4667
v  -124.7986 2.9368 82.5266
v  -124.7643 2.9767 82.5374
v  -124.5769 2.9767 82.5858
v  -124.5418 2.9368 82.5932
v  -124.7667 2.9767 82.5465
v  -124.8019 2.9368 82.5391
v  -124.5793 2.9767 82.5950
v  -124.5450 2.9368 82.6056
v  -124.8013 2.9368 82.5954
v  -124.7663 2.9767 82.5876
v  -124.5797 2.9767 82.5358
v  -124.5457 2.9368 82.5246
v  -124.7638 2.9767 82.5966
v  -124.7979 2.9368 82.6077
v  -124.5772 2.9767 82.5448
v  -124.5423 2.9368 82.5369
v  -124.7694 2.9368 82.6563
v  -124.7431 2.9767 82.6319
v  -124.6073 2.9767 82.4939
v  -124.5834 2.9368 82.4669
v  -124.7362 2.9767 82.6386
v  -124.7602 2.9368 82.6652
v  -124.6006 2.9767 82.5005
v  -124.5742 2.9368 82.4761
v  -124.7113 2.9368 82.6930
v  -124.7006 2.9767 82.6587
v  -124.6522 2.9767 82.4713
v  -124.6449 2.9368 82.4361
v  -124.6915 2.9767 82.6610
v  -124.6987 2.9368 82.6962
v  -124.6430 2.9767 82.4737
v  -124.6323 2.9368 82.4395
v  -124.6427 2.9368 82.6957
v  -124.6506 2.9767 82.6607
v  -124.7022 2.9767 82.4742
v  -124.7134 2.9368 82.4402
v  -124.6414 2.9767 82.6582
v  -124.6301 2.9368 82.6923
v  -124.6931 2.9767 82.4716
v  -124.7010 2.9368 82.4366
v  -123.6253 3.3255 81.7221
v  -123.6632 3.3255 81.7890
v  -123.6632 3.3676 81.7890
v  -123.6253 3.3676 81.7221
v  -123.6626 3.3255 81.8658
v  -123.6626 3.3676 81.8658
v  -123.6236 3.3255 81.9322
v  -123.6236 3.3676 81.9322
v  -123.5566 3.3255 81.9700
v  -123.5566 3.3676 81.9700
v  -123.4796 3.3255 81.9695
v  -123.4796 3.3676 81.9695
v  -123.4133 3.3255 81.9303
v  -123.4133 3.3676 81.9303
v  -123.3754 3.3255 81.8634
v  -123.3754 3.3676 81.8634
v  -123.3762 3.3255 81.7864
v  -123.3762 3.3676 81.7864
v  -123.4151 3.3255 81.7202
v  -123.4151 3.3676 81.7202
v  -123.4820 3.3255 81.6823
v  -123.4820 3.3676 81.6823
v  -123.5590 3.3255 81.6830
v  -123.5590 3.3676 81.6830
v  -123.5899 3.1124 81.7567
v  -123.6151 3.1124 81.8015
v  -123.6151 3.4032 81.8015
v  -123.5899 3.4032 81.7567
v  -123.6147 3.1124 81.8526
v  -123.6147 3.4032 81.8526
v  -123.5887 3.1124 81.8966
v  -123.5887 3.4032 81.8966
v  -123.5441 3.1124 81.9219
v  -123.5441 3.4032 81.9219
v  -123.4929 3.1124 81.9214
v  -123.4929 3.4032 81.9214
v  -123.4489 3.1124 81.8954
v  -123.4489 3.4032 81.8954
v  -123.4236 3.1124 81.8510
v  -123.4236 3.4032 81.8510
v  -123.4240 3.1124 81.7998
v  -123.4240 3.4032 81.7998
v  -123.4500 3.1124 81.7556
v  -123.4500 3.4032 81.7556
v  -123.4945 3.1124 81.7305
v  -123.4945 3.4032 81.7305
v  -123.5457 3.1124 81.7309
v  -123.5457 3.4032 81.7309
v  -123.5739 4.8247 81.7726
v  -123.5935 4.8247 81.8070
v  -123.5935 4.9329 81.8070
v  -123.5739 4.9329 81.7726
v  -123.5931 4.8247 81.8466
v  -123.5931 4.9329 81.8466
v  -123.5730 4.8247 81.8808
v  -123.5730 4.9329 81.8808
v  -123.5385 4.8247 81.9003
v  -123.5385 4.9329 81.9003
v  -123.4989 4.8247 81.8999
v  -123.4989 4.9329 81.8999
v  -123.4648 4.8247 81.8798
v  -123.4648 4.9329 81.8798
v  -123.4452 4.8247 81.8454
v  -123.4452 4.9329 81.8454
v  -123.4456 4.8247 81.8058
v  -123.4456 4.9329 81.8058
v  -123.4657 4.8247 81.7715
v  -123.4657 4.9329 81.7715
v  -123.5001 4.8247 81.7521
v  -123.5001 4.9329 81.7521
v  -123.5398 4.8247 81.7523
v  -123.5398 4.9329 81.7523
v  -123.5955 4.9204 81.7513
v  -123.6228 4.9204 81.7993
v  -123.6228 5.1614 81.7993
v  -123.5955 5.1614 81.7513
v  -123.6223 4.9204 81.8548
v  -123.6223 5.1614 81.8548
v  -123.5943 4.9204 81.9023
v  -123.5943 5.1614 81.9023
v  -123.5462 4.9204 81.9295
v  -123.5462 5.1614 81.9295
v  -123.4908 4.9204 81.9292
v  -123.4908 5.1614 81.9292
v  -123.4431 4.9204 81.9012
v  -123.4431 5.1614 81.9012
v  -123.4160 4.9204 81.8529
v  -123.4160 5.1614 81.8529
v  -123.4164 4.9204 81.7976
v  -123.4164 5.1614 81.7976
v  -123.4445 4.9204 81.7500
v  -123.4445 5.1614 81.7500
v  -123.4926 4.9204 81.7228
v  -123.4926 5.1614 81.7228
v  -123.5478 4.9204 81.7233
v  -123.5478 5.1614 81.7233
v  -123.6088 3.3634 81.7267
v  -123.5844 3.4032 81.7531
v  -123.4463 3.4032 81.8888
v  -123.4195 3.3634 81.9126
v  -123.5910 3.4032 81.7598
v  -123.6178 3.3634 81.7359
v  -123.4530 3.4032 81.8955
v  -123.4286 3.3634 81.9219
v  -123.4237 3.3311 81.9186
v  -123.4139 3.3311 81.9087
v  -123.6015 3.3311 81.7243
v  -123.6112 3.3311 81.7342
v  -123.6093 3.1901 81.7166
v  -123.6093 3.3010 81.7166
v  -123.4054 3.3010 81.9170
v  -123.4054 3.1901 81.9170
v  -123.6190 3.3010 81.7265
v  -123.6190 3.1901 81.7265
v  -123.4152 3.3010 81.9269
v  -123.4152 3.1901 81.9269
v  -123.4151 3.3311 81.7333
v  -123.4249 3.3311 81.7235
v  -123.6101 3.3311 81.9103
v  -123.6002 3.3311 81.9201
v  -123.6178 3.1901 81.9181
v  -123.6178 3.3010 81.9181
v  -123.4165 3.3010 81.7151
v  -123.4166 3.1901 81.7150
v  -123.6079 3.3010 81.9279
v  -123.6079 3.1901 81.9279
v  -123.4066 3.3010 81.7249
v  -123.4066 3.1901 81.7249
v  -123.6455 3.3634 81.7848
v  -123.6112 3.4032 81.7953
v  -123.4237 3.4032 81.8440
v  -123.3886 3.3634 81.8512
v  -123.6136 3.4032 81.8046
v  -123.6487 3.3634 81.7974
v  -123.4262 3.4032 81.8532
v  -123.3919 3.3634 81.8639
v  -123.6483 3.3634 81.8534
v  -123.6132 3.4032 81.8455
v  -123.4267 3.4032 81.7939
v  -123.3925 3.3634 81.7826
v  -123.6107 3.4032 81.8548
v  -123.6448 3.3634 81.8660
v  -123.4241 3.4032 81.8030
v  -123.3891 3.3634 81.7952
v  -123.6163 3.3634 81.9143
v  -123.5899 3.4032 81.8900
v  -123.4542 3.4032 81.7520
v  -123.4303 3.3634 81.7253
v  -123.5832 3.4032 81.8966
v  -123.6071 3.3634 81.9235
v  -123.4474 3.4032 81.7587
v  -123.4211 3.3634 81.7343
v  -123.5582 3.3634 81.9511
v  -123.5474 3.4032 81.9169
v  -123.4990 3.4032 81.7294
v  -123.4917 3.3634 81.6942
v  -123.5383 3.4032 81.9193
v  -123.5457 3.3634 81.9543
v  -123.4898 3.4032 81.7318
v  -123.4792 3.3634 81.6975
v  -123.4895 3.3634 81.9539
v  -123.4974 3.4032 81.9187
v  -123.5491 3.4032 81.7323
v  -123.5604 3.3634 81.6982
v  -123.4883 3.4032 81.9163
v  -123.4771 3.3634 81.9505
v  -123.5400 3.4032 81.7298
v  -123.5478 3.3634 81.6947
v  -123.6253 3.3255 80.1344
v  -123.6632 3.3255 80.2013
v  -123.6632 3.3676 80.2013
v  -123.6253 3.3676 80.1344
v  -123.6626 3.3255 80.2781
v  -123.6626 3.3676 80.2781
v  -123.6236 3.3255 80.3444
v  -123.6236 3.3676 80.3444
v  -123.5566 3.3255 80.3825
v  -123.5566 3.3676 80.3825
v  -123.4796 3.3255 80.3817
v  -123.4796 3.3676 80.3817
v  -123.4133 3.3255 80.3427
v  -123.4133 3.3676 80.3427
v  -123.3754 3.3255 80.2757
v  -123.3754 3.3676 80.2757
v  -123.3761 3.3255 80.1989
v  -123.3761 3.3676 80.1989
v  -123.4151 3.3255 80.1325
v  -123.4151 3.3676 80.1325
v  -123.4821 3.3255 80.0946
v  -123.4821 3.3676 80.0946
v  -123.5590 3.3255 80.0954
v  -123.5590 3.3676 80.0954
v  -123.5899 3.1124 80.1691
v  -123.6151 3.1124 80.2137
v  -123.6151 3.4032 80.2137
v  -123.5899 3.4032 80.1691
v  -123.6146 3.1124 80.2649
v  -123.6146 3.4032 80.2649
v  -123.5887 3.1124 80.3090
v  -123.5887 3.4032 80.3090
v  -123.5441 3.1124 80.3344
v  -123.5441 3.4032 80.3344
v  -123.4929 3.1124 80.3339
v  -123.4929 3.4032 80.3339
v  -123.4488 3.1124 80.3079
v  -123.4488 3.4032 80.3079
v  -123.4236 3.1124 80.2632
v  -123.4236 3.4032 80.2632
v  -123.4240 3.1124 80.2122
v  -123.4240 3.4032 80.2122
v  -123.4500 3.1124 80.1680
v  -123.4500 3.4032 80.1680
v  -123.4946 3.1124 80.1427
v  -123.4946 3.4032 80.1427
v  -123.5457 3.1124 80.1433
v  -123.5457 3.4032 80.1433
v  -123.5739 4.8247 80.1850
v  -123.5934 4.8247 80.2194
v  -123.5934 4.9329 80.2194
v  -123.5739 4.9329 80.1850
v  -123.5931 4.8247 80.2588
v  -123.5931 4.9329 80.2588
v  -123.5730 4.8247 80.2931
v  -123.5730 4.9329 80.2931
v  -123.5385 4.8247 80.3128
v  -123.5385 4.9329 80.3128
v  -123.4989 4.8247 80.3123
v  -123.4989 4.9329 80.3123
v  -123.4647 4.8247 80.2921
v  -123.4647 4.9329 80.2921
v  -123.4452 4.8247 80.2578
v  -123.4452 4.9329 80.2578
v  -123.4456 4.8247 80.2180
v  -123.4456 4.9329 80.2180
v  -123.4657 4.8247 80.1839
v  -123.4657 4.9329 80.1839
v  -123.5001 4.8247 80.1645
v  -123.5001 4.9329 80.1645
v  -123.5397 4.8247 80.1649
v  -123.5397 4.9329 80.1649
v  -123.5955 4.9204 80.1637
v  -123.6228 4.9204 80.2117
v  -123.6228 5.1614 80.2117
v  -123.5955 5.1614 80.1637
v  -123.6223 4.9204 80.2670
v  -123.6223 5.1614 80.2670
v  -123.5943 4.9204 80.3146
v  -123.5943 5.1614 80.3146
v  -123.5462 4.9204 80.3418
v  -123.5462 5.1614 80.3418
v  -123.4908 4.9204 80.3415
v  -123.4908 5.1614 80.3415
v  -123.4431 4.9204 80.3135
v  -123.4431 5.1614 80.3135
v  -123.4159 4.9204 80.2653
v  -123.4159 5.1614 80.2653
v  -123.4164 4.9204 80.2100
v  -123.4164 5.1614 80.2100
v  -123.4445 4.9204 80.1623
v  -123.4445 5.1614 80.1623
v  -123.4926 4.9204 80.1350
v  -123.4926 5.1614 80.1350
v  -123.5479 4.9204 80.1357
v  -123.5479 5.1614 80.1357
v  -123.6087 3.3634 80.1391
v  -123.5844 3.4032 80.1654
v  -123.4464 3.4032 80.3012
v  -123.4195 3.3634 80.3250
v  -123.5910 3.4032 80.1721
v  -123.6178 3.3634 80.1482
v  -123.4530 3.4032 80.3080
v  -123.4286 3.3634 80.3343
v  -123.4237 3.3311 80.3308
v  -123.4138 3.3311 80.3211
v  -123.6013 3.3311 80.1366
v  -123.6112 3.3311 80.1465
v  -123.6092 3.1901 80.1289
v  -123.6092 3.3010 80.1289
v  -123.4054 3.3010 80.3294
v  -123.4054 3.1901 80.3294
v  -123.6190 3.3010 80.1388
v  -123.6190 3.1901 80.1388
v  -123.4152 3.3010 80.3393
v  -123.4152 3.1901 80.3393
v  -123.4149 3.3311 80.1458
v  -123.4249 3.3311 80.1359
v  -123.6101 3.3311 80.3227
v  -123.6002 3.3311 80.3324
v  -123.6178 3.1901 80.3304
v  -123.6178 3.3010 80.3304
v  -123.4166 3.3010 80.1273
v  -123.4166 3.1901 80.1273
v  -123.6079 3.3010 80.3402
v  -123.6079 3.1901 80.3402
v  -123.4066 3.3010 80.1374
v  -123.4066 3.1901 80.1374
v  -123.6455 3.3634 80.1972
v  -123.6112 3.4032 80.2078
v  -123.4238 3.4032 80.2563
v  -123.3886 3.3634 80.2637
v  -123.6135 3.4032 80.2169
v  -123.6488 3.3634 80.2096
v  -123.4262 3.4032 80.2655
v  -123.3918 3.3634 80.2762
v  -123.6482 3.3634 80.2658
v  -123.6132 3.4032 80.2578
v  -123.4267 3.4032 80.2063
v  -123.3925 3.3634 80.1951
v  -123.6107 3.4032 80.2670
v  -123.6447 3.3634 80.2784
v  -123.4242 3.4032 80.2154
v  -123.3891 3.3634 80.2074
v  -123.6163 3.3634 80.3267
v  -123.5899 3.4032 80.3023
v  -123.4542 3.4032 80.1643
v  -123.4304 3.3634 80.1375
v  -123.5832 3.4032 80.3090
v  -123.6071 3.3634 80.3357
v  -123.4474 3.4032 80.1711
v  -123.4211 3.3634 80.1466
v  -123.5582 3.3634 80.3634
v  -123.5475 3.4032 80.3291
v  -123.4990 3.4032 80.1418
v  -123.4917 3.3634 80.1066
v  -123.5383 3.4032 80.3315
v  -123.5457 3.3634 80.3667
v  -123.4898 3.4032 80.1442
v  -123.4792 3.3634 80.1098
v  -123.4895 3.3634 80.3662
v  -123.4974 3.4032 80.3312
v  -123.5491 3.4032 80.1447
v  -123.5604 3.3634 80.1105
v  -123.4883 3.4032 80.3286
v  -123.4770 3.3634 80.3628
v  -123.5399 3.4032 80.1421
v  -123.5478 3.3634 80.1071
# 4135 vertices

vn 0.7073 -0.0000 1.2237
vn 0.7073 0.0000 1.2237
vn -0.7045 -0.0796 -1.2207
vn -0.6951 -0.1836 -1.2036
vn -0.7069 -0.0000 -1.2246
vn -0.7068 0.0000 -1.2246
vn -0.6506 -0.3907 -1.1273
vn -0.1376 -0.9765 -0.2337
vn 0.6683 -0.3256 1.1579
vn -0.0298 -0.8966 -0.0305
vn 0.7068 0.0000 1.2246
vn -0.0104 -0.0008 0.0299
vn 0.6680 0.3265 1.1575
vn -0.0299 0.8964 -0.0306
vn -0.6506 0.3907 -1.1273
vn -0.1381 0.9764 -0.2345
vn -0.7045 0.0796 -1.2207
vn -0.6952 0.1835 -1.2036
vn -0.6894 -0.2206 -1.1944
vn -0.7068 -0.0000 -1.2246
vn -0.7073 -0.0001 -1.2238
vn -0.7070 -0.0272 -1.2238
vn -0.0000 -1.0000 -0.0000
vn -0.6957 -0.1800 -1.2043
vn 0.6893 -0.2207 1.1944
vn -0.1384 -0.9746 -0.2343
vn 0.7068 -0.0000 1.2246
vn -0.0699 -0.0021 -0.0732
vn 0.6893 0.2207 1.1944
vn -0.1385 0.9745 -0.2345
vn 0.0001 1.0000 0.0002
vn -0.6957 0.1800 -1.2044
vn -0.6893 0.2207 -1.1944
vn -0.7070 0.0270 -1.2238
vn -0.7073 -0.0000 -1.2237
vn -0.7073 0.0000 -1.2237
vn -0.6682 -0.3257 -1.1579
vn 0.0103 -0.0004 -0.0300
vn 0.0296 -0.8965 0.0301
vn 0.6504 -0.3912 1.1270
vn 0.1377 -0.9765 0.2338
vn 0.7045 -0.0797 1.2207
vn 0.6951 -0.1839 1.2035
vn 0.7068 -0.0001 1.2246
vn 0.7069 -0.0000 1.2246
vn 0.7045 0.0796 1.2207
vn 0.6951 0.1836 1.2036
vn 0.6506 0.3908 1.1272
vn 0.1380 0.9764 0.2343
vn -0.6681 0.3262 -1.1576
vn 0.0297 0.8966 0.0302
vn 0.1384 -0.9746 0.2341
vn 0.0694 -0.0014 0.0725
vn 0.6956 -0.1801 1.2043
vn 0.7070 -0.0272 1.2238
vn 0.7073 -0.0001 1.2238
vn 0.7070 0.0270 1.2238
vn 0.6957 0.1799 1.2044
vn 0.1385 0.9745 0.2344
vn -0.7072 -0.0000 -1.2244
vn -0.3805 -0.0000 -0.6179
vn 0.5849 0.0000 1.0388
vn 0.7061 0.0000 1.2244
vn 0.7069 0.0000 1.2246
vn 0.7070 0.0000 1.2246
vn 0.7072 0.0000 1.2244
vn 0.7073 0.0000 1.2241
vn -0.2970 -0.0000 -0.5572
vn -0.5846 -0.0000 -1.0384
vn -0.7061 -0.0000 -1.2244
vn -0.7069 0.0000 -1.2246
vn -0.7070 0.0000 -1.2246
vn -0.0000 1.0000 0.0000
vn -0.6807 0.2719 -1.1776
vn -0.6970 0.1692 -1.2067
vn -0.6998 0.1430 -1.2120
vn -0.6980 0.1601 -1.2086
vn -0.0353 0.9920 -0.0556
vn -0.4932 0.7141 -0.8504
vn 0.0790 0.9864 0.1424
vn 0.5915 0.5416 1.0274
vn 0.6812 0.2635 1.1811
vn 0.6969 0.1663 1.2076
vn 0.6980 0.1578 1.2093
vn 0.6996 0.1440 1.2118
vn 0.6980 0.1602 1.2086
vn 0.6996 0.1442 1.2117
vn 0.6808 0.2714 1.1778
vn 0.6970 0.1691 1.2067
vn 0.0353 0.9920 0.0555
vn 0.4933 0.7140 0.8505
vn -0.0790 0.9864 -0.1424
vn -0.5916 0.5414 -1.0276
vn -0.6812 0.2635 -1.1811
vn -0.6969 0.1662 -1.2076
vn -0.6980 0.1574 -1.2094
vn -0.6997 0.1427 -1.2120
vn -0.0358 -0.9987 -0.0620
vn -0.0356 -0.9987 -0.0617
vn -0.0355 -0.9987 -0.0615
vn -0.0357 -0.9987 -0.0619
vn -0.0359 -0.9987 -0.0621
vn -0.0357 -0.9987 -0.0618
vn -0.0358 -0.9987 -0.0619
vn -0.0358 -0.9987 -0.0621
vn -0.0356 -0.9987 -0.0616
vn -0.6694 0.0006 -1.1426
vn -0.5628 0.0009 -0.9448
vn -0.6701 0.0006 -1.1439
vn -0.7073 0.0001 -1.2241
vn -0.7071 0.0001 -1.2245
vn -0.7070 0.0001 -1.2246
vn -0.7068 0.0001 -1.2246
vn -0.7060 0.0001 -1.2244
vn 0.6727 -0.0002 1.1490
vn 0.5693 -0.0002 0.9566
vn 0.6721 -0.0002 1.1479
vn 0.7073 -0.0001 1.2241
vn 0.7071 -0.0001 1.2245
vn 0.7070 -0.0001 1.2246
vn 0.7060 -0.0001 1.2244
vn -0.0099 0.9999 -0.0171
vn -0.0100 0.9999 -0.0173
vn -0.0098 0.9999 -0.0169
vn -0.0099 0.9999 -0.0172
vn -0.0101 0.9999 -0.0174
vn -0.0240 -0.9961 -0.0376
vn -0.1295 -0.9802 -0.2204
vn -0.6016 -0.5256 -1.0401
vn 0.3924 -0.8279 0.6828
vn -0.6586 -0.3645 -1.1396
vn -0.6865 -0.2399 -1.1886
vn -0.6879 -0.2317 -1.1911
vn -0.6911 -0.2113 -1.1969
vn -0.6867 -0.2369 -1.1898
vn -0.6910 -0.2116 -1.1968
vn -0.6506 -0.3885 -1.1282
vn -0.6850 -0.2462 -1.1869
vn -0.0478 -0.9941 -0.0867
vn -0.4143 -0.8064 -0.7207
vn 0.0634 -0.9927 0.1058
vn 0.5998 -0.5298 1.0368
vn 0.6596 -0.3611 1.1412
vn 0.6882 -0.2303 1.1915
vn 0.6896 -0.2215 1.1940
vn 0.6928 -0.1993 1.2000
vn 0.6886 -0.2256 1.1931
vn 0.6928 -0.1990 1.2001
vn 0.6501 -0.3900 1.1274
vn 0.6870 -0.2348 1.1904
vn 0.3952 0.8252 0.6876
vn -0.6084 0.5098 -1.0518
vn -0.1098 0.9847 -0.1862
vn 0.0008 0.9964 0.0054
vn -0.6902 0.2176 -1.1950
vn -0.6632 0.3476 -1.1474
vn -0.6938 0.1929 -1.2016
vn -0.6915 0.2095 -1.1972
vn -0.6936 0.1936 -1.2014
vn -0.6891 0.2224 -1.1939
vn -0.6875 0.2317 -1.1913
vn -0.6533 0.3793 -1.1329
vn -0.4083 0.8124 -0.7104
vn -0.0210 0.9961 -0.0402
vn 0.5967 0.5367 1.0316
vn 0.0880 0.9891 0.1486
vn 0.6859 0.2437 1.1874
vn 0.6552 0.3767 1.1336
vn 0.6907 0.2139 1.1962
vn 0.6873 0.2353 1.1900
vn 0.6906 0.2142 1.1961
vn 0.6860 0.2406 1.1886
vn 0.6843 0.2499 1.1858
vn 0.6489 0.3940 1.1253
vn -0.6692 0.0005 -1.1423
vn -0.5622 0.0009 -0.9435
vn -0.6699 0.0005 -1.1436
vn 0.6725 -0.0002 1.1487
vn 0.5687 -0.0003 0.9554
vn 0.6720 -0.0002 1.1476
vn 0.7060 -0.0000 1.2244
vn -0.0100 0.9999 -0.0172
vn -0.0101 0.9999 -0.0175
vn -0.0241 -0.9961 -0.0379
vn -0.1293 -0.9802 -0.2201
vn -0.6005 -0.5282 -1.0382
vn 0.3920 -0.8283 0.6821
vn -0.6578 -0.3675 -1.1381
vn -0.6865 -0.2400 -1.1886
vn -0.6879 -0.2316 -1.1911
vn -0.6871 -0.2343 -1.1905
vn -0.6910 -0.2113 -1.1969
vn -0.6516 -0.3852 -1.1299
vn -0.6855 -0.2433 -1.1878
vn -0.0477 -0.9941 -0.0865
vn -0.4156 -0.8051 -0.7228
vn 0.0633 -0.9927 0.1056
vn 0.5989 -0.5318 1.0353
vn 0.6590 -0.3634 1.1401
vn 0.6882 -0.2305 1.1914
vn 0.6896 -0.2216 1.1940
vn 0.6881 -0.2283 1.1923
vn 0.6498 -0.3912 1.1268
vn 0.6865 -0.2377 1.1895
vn 0.3963 0.8241 0.6897
vn -0.6068 0.5137 -1.0490
vn -0.1097 0.9847 -0.1859
vn 0.0009 0.9964 0.0056
vn -0.6887 0.2273 -1.1923
vn -0.6619 0.3524 -1.1452
vn -0.6932 0.1969 -1.2006
vn -0.6901 0.2186 -1.1948
vn -0.6932 0.1963 -1.2008
vn -0.6895 0.2196 -1.1947
vn -0.6881 0.2284 -1.1923
vn -0.6531 0.3802 -1.1324
vn -0.4079 0.8128 -0.7097
vn 0.5959 0.5385 1.0302
vn 0.0880 0.9892 0.1485
vn 0.6853 0.2470 1.1864
vn 0.6546 0.3789 1.1325
vn 0.6906 0.2143 1.1961
vn 0.6868 0.2383 1.1891
vn 0.6906 0.2140 1.1962
vn 0.6865 0.2380 1.1895
vn 0.6849 0.2469 1.1867
vn 0.6498 0.3910 1.1269
vn -0.0357 -0.9987 -0.0617
vn -0.6692 0.0005 -1.1422
vn -0.0242 -0.9961 -0.0380
vn -0.1295 -0.9802 -0.2205
vn -0.6008 -0.5276 -1.0386
vn 0.3908 -0.8295 0.6800
vn -0.6578 -0.3677 -1.1380
vn -0.6880 -0.2313 -1.1912
vn -0.6915 -0.2084 -1.1977
vn -0.6872 -0.2336 -1.1907
vn -0.6513 -0.3863 -1.1294
vn -0.6856 -0.2429 -1.1879
vn -0.0476 -0.9941 -0.0865
vn -0.4152 -0.8055 -0.7222
vn 0.6001 -0.5290 1.0374
vn 0.6599 -0.3599 1.1417
vn 0.6887 -0.2269 1.1924
vn 0.6901 -0.2184 1.1949
vn 0.6929 -0.1989 1.2001
vn 0.6881 -0.2287 1.1922
vn 0.6492 -0.3932 1.1258
vn 0.6864 -0.2382 1.1894
vn -0.6892 0.2244 -1.1931
vn -0.6620 0.3523 -1.1453
vn -0.6936 0.1937 -1.2014
vn -0.6905 0.2156 -1.1956
vn -0.6892 0.2220 -1.1941
vn -0.6876 0.2314 -1.1914
vn -0.6524 0.3824 -1.1313
vn -0.4071 0.8136 -0.7083
vn -0.0209 0.9961 -0.0401
vn 0.6858 0.2441 1.1873
vn 0.6907 0.2140 1.1962
vn 0.6873 0.2357 1.1899
vn 0.6906 0.2139 1.1962
vn 0.6866 0.2376 1.1896
vn 0.6849 0.2465 1.1868
vn 0.0000 -1.0000 -0.0000
vn -0.7073 -0.0000 -1.2241
vn -0.7070 -0.0000 -1.2246
vn -0.5845 -0.0000 -1.0381
vn 0.3811 -0.0000 0.6190
vn -0.3804 0.0000 -0.6178
vn -0.3811 0.0000 -0.6190
vn 0.5844 0.0000 1.0381
vn -0.2963 -0.0000 -0.5560
vn -0.5844 -0.0000 -1.0381
vn -0.6808 0.2710 -1.1779
vn -0.6971 0.1686 -1.2068
vn -0.6997 0.1435 -1.2119
vn -0.6981 0.1596 -1.2087
vn -0.0354 0.9919 -0.0558
vn -0.4938 0.7134 -0.8513
vn 0.0788 0.9864 0.1420
vn 0.5911 0.5425 1.0268
vn 0.6811 0.2640 1.1810
vn 0.6980 0.1576 1.2093
vn 0.6997 0.1428 1.2120
vn 0.6981 0.1595 1.2087
vn 0.6998 0.1429 1.2120
vn 0.6808 0.2710 1.1779
vn 0.6971 0.1686 1.2068
vn 0.4935 0.7138 0.8508
vn -0.0789 0.9864 -0.1423
vn -0.5914 0.5419 -1.0273
vn -0.6811 0.2640 -1.1810
vn -0.6968 0.1670 -1.2074
vn -0.6979 0.1583 -1.2092
vn -0.5843 -0.0000 -1.0378
vn 0.3814 -0.0000 0.6195
vn 0.5843 0.0000 1.0378
vn -0.3814 0.0000 -0.6195
vn -0.3813 0.0000 -0.6194
vn 0.7072 -0.0000 1.2244
vn 0.7073 -0.0000 1.2241
vn -0.6811 0.2697 -1.1784
vn -0.6972 0.1677 -1.2070
vn -0.6997 0.1434 -1.2119
vn -0.6982 0.1589 -1.2089
vn -0.0353 0.9920 -0.0555
vn -0.4940 0.7131 -0.8517
vn 0.0789 0.9864 0.1422
vn 0.5914 0.5419 1.0272
vn 0.6811 0.2641 1.1810
vn 0.6968 0.1671 1.2074
vn 0.6979 0.1585 1.2091
vn 0.6996 0.1442 1.2118
vn 0.6807 0.2719 1.1776
vn 0.4931 0.7142 0.8502
vn -0.5914 0.5418 -1.0273
vn -0.6811 0.2641 -1.1810
vn -0.6967 0.1677 -1.2073
vn -0.6978 0.1589 -1.2091
vn -0.6997 0.1436 -1.2119
vn -0.6808 0.2711 -1.1779
vn -0.6980 0.1602 -1.2086
vn -0.0354 0.9920 -0.0557
vn -0.4937 0.7135 -0.8512
vn 0.0788 0.9864 0.1421
vn 0.5912 0.5423 1.0269
vn 0.6811 0.2641 1.1809
vn 0.6967 0.1684 1.2071
vn 0.6977 0.1596 1.2089
vn 0.6996 0.1443 1.2118
vn 0.6981 0.1596 1.2087
vn 0.6971 0.1684 1.2069
vn -0.5913 0.5422 -1.0270
vn -0.6810 0.2645 -1.1808
vn -0.6968 0.1671 -1.2074
vn -0.6979 0.1584 -1.2092
vn 0.5845 0.0000 1.0381
vn 0.7068 0.0001 1.2246
vn 0.7067 -0.0001 1.2246
vn -0.7073 0.0001 -1.2239
vn -0.7073 -0.0001 -1.2231
vn 0.7073 -0.0000 1.2239
vn 0.7073 0.0001 1.2231
vn 0.0000 1.0000 0.0000
vn -0.7068 -0.0003 -1.2246
vn -0.7067 -0.0001 -1.2246
vn 0.0000 -1.0000 0.0000
vn 0.7069 0.0002 1.2246
vn 0.7066 -0.0001 1.2246
vn 0.7072 0.0001 1.2224
vn 0.7071 0.0000 1.2245
vn 0.7073 -0.0002 1.2241
vn 0.7043 -0.0005 1.2229
vn -0.7072 -0.0004 -1.2224
vn -0.7071 -0.0003 -1.2245
vn -0.7069 -0.0003 -1.2246
vn -0.7043 0.0001 -1.2229
vn -0.7066 0.0000 -1.2246
vn -0.7068 0.0013 -1.2246
vn -0.4234 -0.8007 -0.7336
vn -0.4148 -0.8097 -0.7187
vn 0.4150 -0.8094 0.7191
vn 0.4236 -0.8005 0.7340
vn 0.4235 0.8006 0.7339
vn -0.4147 0.8098 -0.7185
vn 0.4150 0.8095 0.7190
vn -0.4232 0.8009 -0.7333
vn 0.7073 0.0005 1.2237
vn 0.7068 0.0005 1.2246
vn -0.7067 0.0418 -1.2226
vn -0.6904 -0.2147 -1.1960
vn 0.7067 -0.0399 1.2227
vn -0.7069 0.0330 -1.2230
vn 0.6903 0.2154 1.1959
vn -0.6903 -0.2159 -1.1957
vn -0.0184 -0.9997 -0.0319
vn -0.6346 -0.4402 -1.0996
vn -0.7073 0.0001 -1.2237
vn 0.7073 0.0003 1.2237
vn 0.7073 0.0001 1.2237
vn 0.7073 -0.0001 1.2237
vn 0.7061 0.0438 1.2235
vn 0.6527 0.3841 1.1307
vn 0.7062 -0.0417 1.2236
vn -0.7068 -0.0027 -1.2246
vn -0.6170 0.4877 -1.0691
vn -0.7073 -0.0001 -1.2237
vn -0.7073 -0.0003 -1.2237
vn -0.6381 -0.4298 -1.1057
vn -0.1769 -0.9682 -0.3060
vn -0.6975 -0.1613 -1.2086
vn -0.7073 0.0002 -1.2237
vn 0.7073 0.0002 1.2237
vn -0.7068 -0.0005 -1.2246
vn 0.7073 0.0012 1.2237
vn 0.7068 -0.0006 1.2246
vn 0.7068 -0.0004 1.2246
vn -0.0000 1.0000 -0.0000
vn 0.7068 -0.0009 1.2246
vn -0.7068 -0.0001 -1.2246
vn -0.7068 -0.0015 -1.2246
vn -0.7068 -0.0010 -1.2246
vn -0.7073 -0.0000 -1.2240
vn -0.7066 -0.0000 -1.2246
vn -0.7057 0.0000 -1.2241
vn -0.0168 0.0001 -0.0769
vn -0.0168 0.0001 -0.0770
vn 0.7057 0.0000 1.2177
vn 0.7073 -0.0000 1.2240
vn 0.7066 0.0000 1.2246
vn 0.7057 0.0000 1.2241
vn 0.0173 0.0000 0.0778
vn -0.7057 -0.0000 -1.2176
vn -0.7073 -0.0006 -1.2237
vn -0.7073 -0.0010 -1.2237
vn 0.7073 -0.0005 1.2237
vn 0.7073 -0.0003 1.2237
vn -0.2778 -0.9196 -0.4807
vn -0.0038 -1.0000 -0.0065
vn 0.2772 -0.9200 0.4797
vn 0.0039 -1.0000 0.0067
vn -0.7068 0.0002 -1.2246
vn -0.7068 -0.0002 -1.2246
vn 0.6883 -0.2304 1.1908
vn 0.2779 0.9196 0.4808
vn 0.0038 1.0000 0.0066
vn 0.2811 0.9176 0.4863
vn -0.7068 0.0004 -1.2246
vn 0.6872 -0.2367 1.1889
vn 0.3203 0.8916 0.5541
vn 0.0045 1.0000 0.0078
vn 0.3239 0.8890 0.5603
vn 0.2805 -0.9180 0.4852
vn 0.6883 0.2302 1.1908
vn 0.3236 -0.8892 0.5599
vn 0.0045 -1.0000 0.0079
vn 0.3200 -0.8918 0.5537
vn 0.6872 0.2367 1.1889
vn -0.0038 1.0000 -0.0066
vn -0.2782 0.9194 -0.4813
vn -0.3203 -0.8916 -0.5541
vn -0.0045 -1.0000 -0.0078
vn -0.6884 -0.2295 -1.1910
vn -0.2814 0.9174 -0.4869
vn -0.6872 -0.2369 -1.1889
vn -0.0046 1.0000 -0.0079
vn -0.3239 0.8890 -0.5604
vn -0.3203 0.8916 -0.5542
vn -0.2810 -0.9177 -0.4862
vn -0.6884 0.2295 -1.1910
vn -0.3239 -0.8890 -0.5603
vn -0.6872 0.2366 -1.1890
vn -0.5929 -0.5452 -1.0258
vn -0.5971 -0.5361 -1.0331
vn -0.6734 -0.3054 -1.1659
vn -0.7022 -0.1199 -1.2149
vn -0.7024 -0.1179 -1.2152
vn -0.7035 -0.1040 -1.2173
vn -0.7020 0.1222 -1.2145
vn -0.6980 0.1611 -1.2071
vn -0.7017 0.1253 -1.2140
vn -0.5825 0.5672 -1.0078
vn 0.3075 0.8981 0.5351
vn -0.5768 0.5788 -0.9978
vn 0.5825 -0.5673 1.0077
vn 0.5774 -0.5776 0.9989
vn -0.1880 -0.9620 -0.3282
vn 0.7025 -0.1160 1.2154
vn 0.7023 -0.1189 1.2150
vn 0.6994 -0.1484 1.2096
vn 0.7026 0.1158 1.2155
vn 0.7037 0.1002 1.2178
vn 0.7027 0.1138 1.2158
vn 0.5831 0.5660 1.0088
vn 0.6761 0.2932 1.1706
vn 0.5882 0.5553 1.0177
vn -0.6747 -0.2997 -1.1682
vn -0.7041 -0.0950 -1.2185
vn -0.7062 -0.0553 -1.2224
vn -0.6893 0.2155 -1.1895
vn -0.6969 0.1698 -1.2050
vn 0.3209 0.8887 0.5583
vn -0.2017 -0.9564 -0.3520
vn 0.6986 -0.1560 1.2078
vn 0.6941 -0.1861 1.1985
vn 0.7063 0.0520 1.2226
vn 0.7044 0.0908 1.2190
vn 0.6774 0.2869 1.1730
vn -0.7030 -0.1061 -1.2177
vn -0.7069 -0.0320 -1.2237
vn -0.7072 -0.0093 -1.2243
vn -0.6978 0.1178 -1.2019
vn -0.6987 0.0984 -1.2030
vn 0.6975 0.1577 1.2092
vn -0.6929 -0.1934 -1.2013
vn 0.7019 -0.0750 1.2096
vn 0.7007 -0.1053 1.2080
vn 0.7072 0.0091 1.2243
vn 0.7069 0.0298 1.2237
vn 0.7040 0.0912 1.2195
vn -0.7072 -0.0000 -1.2243
vn -0.6984 0.0000 -1.2006
vn 0.7064 -0.0000 1.2245
vn -0.7064 -0.0000 -1.2246
vn 0.7018 0.0000 1.2083
vn 0.7072 0.0000 1.2243
vn -0.7069 0.0001 -1.2246
vn -0.7069 -0.0133 -1.2245
vn -0.7063 -0.0431 -1.2235
vn -0.7072 0.0000 -1.2243
vn -0.7072 -0.0063 -1.2243
vn -0.7071 -0.0202 -1.2241
vn -0.7022 0.0002 -1.2092
vn -0.7021 0.0643 -1.2097
vn -0.6998 0.1141 -1.2065
vn 0.7064 0.0002 1.2245
vn -0.7050 -0.0753 -1.2211
vn -0.6982 -0.1572 -1.2093
vn -0.7068 -0.0360 -1.2235
vn -0.7057 -0.0660 -1.2215
vn -0.6967 0.1696 -1.2039
vn -0.6937 0.1877 -1.1975
vn 0.6981 0.1517 1.2103
vn 0.6993 0.1406 1.2123
vn 0.6240 0.4663 1.0827
vn -0.6966 -0.1715 -1.2064
vn -0.7052 -0.0758 -1.2206
vn -0.7029 -0.1120 -1.2160
vn -0.7021 0.1216 -1.2145
vn -0.6986 0.1558 -1.2077
vn -0.5657 0.6003 -0.9786
vn 0.6049 0.5141 1.0496
vn -0.5750 -0.5823 -0.9948
vn -0.7024 -0.1174 -1.2152
vn -0.7025 0.1170 -1.2153
vn -0.5760 0.5804 -0.9965
vn -0.7062 -0.0236 -1.2242
vn -0.7046 -0.0717 -1.2214
vn -0.7064 0.0002 -1.2245
vn 0.6995 -0.1044 1.2052
vn 0.7015 -0.0651 1.2083
vn 0.7023 0.0002 1.2093
vn 0.7069 0.0280 1.2238
vn 0.7072 0.0097 1.2243
vn 0.7070 0.0001 1.2246
vn 0.7069 0.0001 1.2246
vn -0.6592 -0.3573 -1.1434
vn -0.7008 -0.1245 -1.2150
vn 0.6960 -0.1732 1.2023
vn 0.6935 -0.1809 1.1961
vn 0.7064 0.0482 1.2228
vn 0.7054 0.0732 1.2209
vn 0.6952 0.1826 1.2040
vn 0.7041 0.0896 1.2197
vn 0.7045 0.0828 1.2204
vn -0.6501 -0.3893 -1.1276
vn 0.7021 -0.1216 1.2145
vn 0.6976 -0.1632 1.2058
vn 0.7049 0.0819 1.2200
vn 0.7029 0.1117 1.2161
vn 0.6921 0.2048 1.1986
vn 0.6001 0.5292 1.0384
vn 0.5919 -0.5476 1.0240
vn 0.7025 -0.1163 1.2154
vn 0.7025 0.1161 1.2154
vn 0.5918 0.5477 1.0239
vn 0.7056 -0.0000 1.2241
vn -0.7072 0.0001 -1.2228
vn -0.7071 -0.0000 -1.2245
vn -0.7056 0.0001 -1.2240
vn 0.7072 -0.0000 1.2228
vn 0.7071 -0.0000 1.2245
vn -0.7024 0.1177 -1.2152
vn -0.5810 0.5704 -1.0051
vn 0.5813 0.5697 1.0057
vn 0.7024 0.1180 1.2151
vn 0.7024 -0.1174 1.2152
vn 0.5821 -0.5681 1.0070
vn -0.5810 -0.5703 -1.0052
vn -0.7024 -0.1176 -1.2152
vn -0.6493 0.3949 -1.1251
vn -0.6960 0.1738 -1.2060
vn -0.6570 0.3687 -1.1384
vn 0.0727 0.9947 0.1260
vn -0.7046 0.0787 -1.2208
vn -0.6985 0.1524 -1.2103
vn -0.7066 0.0192 -1.2244
vn -0.7060 0.0468 -1.2233
vn -0.7067 -0.0146 -1.2245
vn -0.7063 -0.0369 -1.2238
vn -0.7050 -0.0708 -1.2216
vn -0.7000 -0.1384 -1.2128
vn -0.6976 -0.1602 -1.2088
vn -0.6672 -0.3301 -1.1560
vn -0.6607 -0.3550 -1.1449
vn -0.1170 -0.9862 -0.2027
vn -0.0727 -0.9947 -0.1260
vn 0.6495 -0.3942 1.1255
vn 0.6572 -0.3679 1.1387
vn 0.6961 -0.1732 1.2061
vn 0.6986 -0.1517 1.2105
vn 0.7046 -0.0783 1.2209
vn 0.7060 -0.0465 1.2233
vn 0.7066 -0.0191 1.2244
vn 0.7063 0.0367 1.2238
vn 0.7067 0.0146 1.2245
vn 0.7000 0.1378 1.2129
vn 0.7050 0.0705 1.2216
vn 0.6673 0.3296 1.1562
vn 0.1169 0.9862 0.2026
vn 0.6609 0.3545 1.1451
vn -0.6493 0.3951 -1.1250
vn -0.6569 0.3689 -1.1383
vn 0.0725 0.9947 0.1256
vn -0.7046 0.0786 -1.2208
vn -0.6985 0.1523 -1.2103
vn -0.7060 0.0467 -1.2233
vn -0.7063 -0.0368 -1.2238
vn -0.7050 -0.0707 -1.2216
vn -0.7000 -0.1385 -1.2128
vn -0.6976 -0.1603 -1.2088
vn -0.1169 -0.9862 -0.2025
vn -0.0727 -0.9947 -0.1259
vn 0.6496 -0.3941 1.1255
vn 0.6572 -0.3678 1.1388
vn 0.6961 -0.1733 1.2061
vn 0.6986 -0.1518 1.2104
vn 0.7066 -0.0193 1.2244
vn 0.7067 0.0145 1.2245
vn 0.7000 0.1377 1.2130
vn 0.6672 0.3297 1.1561
vn 0.1167 0.9863 0.2022
vn 0.6608 0.3547 1.1450
vn -0.7036 -0.0001 -1.2125
vn 0.7064 -0.0005 1.2245
vn 0.7070 -0.0004 1.2246
vn 0.7072 -0.0000 1.2243
vn 0.7037 0.0001 1.2125
vn -0.7064 -0.0000 -1.2245
vn -0.7072 -0.0004 -1.2243
vn -0.0003 -1.0000 -0.0005
vn 0.0002 1.0000 0.0004
vn 0.0014 -1.0000 0.0025
vn 0.7068 -0.0002 1.2246
vn -0.0001 1.0000 -0.0001
vn 0.7073 -0.0002 1.2237
vn -0.7047 0.0759 -1.2211
vn -0.6625 0.3482 -1.1480
vn 0.6509 0.3897 1.1278
vn 0.7056 0.0582 1.2226
vn 0.7047 -0.0774 1.2210
vn 0.6631 -0.3460 1.1490
vn -0.6515 -0.3878 -1.1288
vn -0.7056 -0.0574 -1.2226
vn 0.6534 -0.3811 1.1322
vn 0.7050 -0.0700 1.2216
vn 0.7050 0.0701 1.2216
vn 0.6540 0.3793 1.1331
vn -0.6534 -0.3811 -1.1322
vn -0.7050 -0.0703 -1.2216
vn -0.7050 0.0704 -1.2216
vn -0.6540 0.3793 -1.1331
vn -0.7073 -0.0002 -1.2237
vn 0.6470 -0.4026 1.1210
vn 0.7048 -0.0749 1.2212
vn 0.7048 0.0750 1.2212
vn 0.6472 0.4018 1.1214
vn -0.6472 -0.4019 -1.1214
vn -0.7048 -0.0749 -1.2212
vn -0.7048 0.0748 -1.2212
vn -0.6471 0.4023 -1.1212
vn 0.7068 -0.0003 1.2246
vn 0.0001 1.0000 0.0001
vn -0.0000 1.0000 -0.0001
vn -0.0000 -1.0000 -0.0001
vn -0.7067 -0.0076 -1.2246
vn -0.7068 -0.0026 -1.2246
vn -0.7067 -0.0100 -1.2246
vn 0.7068 0.0028 1.2246
vn 0.7067 0.0108 1.2246
vn 0.7068 0.0081 1.2246
vn -0.6804 0.2734 -1.1771
vn 0.6803 0.2735 1.1770
vn 0.7067 0.0109 1.2246
vn 0.7067 0.0083 1.2246
vn 0.7068 0.0022 1.2246
vn -0.7068 -0.0075 -1.2246
vn -0.7068 -0.0021 -1.2246
vn -0.7057 -0.0000 -1.2241
vn -0.0167 -0.0000 -0.0767
vn -0.0166 -0.0000 -0.0766
vn 0.7073 0.0000 1.2240
vn 0.0173 0.0000 0.0779
vn 0.0174 0.0000 0.0779
vn -0.0170 -0.0000 -0.0772
vn 0.0000 1.0000 0.0001
vn 0.6679 0.3290 1.1555
vn -0.6681 0.3285 -1.1558
vn -0.4233 -0.8008 -0.7335
vn -0.4147 -0.8097 -0.7186
vn 0.4150 -0.8094 0.7192
vn -0.4232 -0.8009 -0.7333
vn -0.4146 -0.8098 -0.7184
vn 0.4151 -0.8093 0.7193
vn 0.4237 -0.8004 0.7342
vn 0.4235 0.8006 0.7338
vn 0.4149 0.8095 0.7189
vn -0.4232 -0.8009 -0.7334
vn -0.4147 -0.8098 -0.7185
vn 0.4151 -0.8094 0.7192
vn 0.4236 -0.8004 0.7340
vn 0.0178 -0.0000 -0.0170
vn 0.7070 0.0000 1.2219
vn 0.7071 0.0000 1.2244
vn 0.7065 0.0000 1.2246
vn 0.7050 0.0001 1.2235
vn -0.0180 0.0001 0.0167
vn -0.0178 0.0001 0.0170
vn -0.7070 -0.0000 -1.2219
vn -0.7071 0.0000 -1.2244
vn -0.7065 -0.0000 -1.2246
vn -0.7050 -0.0000 -1.2235
vn -0.6345 -0.4406 -1.0993
vn 0.7061 0.0437 1.2235
vn 0.6188 0.4827 1.0725
vn 0.7060 -0.0454 1.2234
vn -0.7067 -0.0031 -1.2246
vn -0.6232 0.4718 -1.0798
vn -0.6380 -0.4303 -1.1055
vn 0.1646 -0.9726 0.2847
vn -0.6971 -0.1645 -1.2080
vn -0.7053 -0.0634 -1.2222
vn -0.6618 -0.3511 -1.1466
vn 0.6613 -0.3528 1.1459
vn 0.7053 -0.0642 1.2221
vn -0.7054 0.0634 -1.2222
vn -0.6618 0.3511 -1.1467
vn 0.6614 0.3526 1.1460
vn 0.7053 0.0642 1.2221
vn -0.7053 -0.0640 -1.2221
vn -0.6611 -0.3535 -1.1456
vn 0.6610 -0.3541 1.1453
vn 0.7054 -0.0631 1.2222
vn -0.7053 0.0640 -1.2221
vn -0.6612 0.3534 -1.1456
vn 0.6617 0.3514 1.1465
vn -0.7053 -0.0652 -1.2220
vn -0.6621 -0.3499 -1.1472
vn 0.7053 -0.0636 1.2221
vn -0.7053 0.0651 -1.2220
vn -0.6621 0.3499 -1.1472
vn 0.7053 0.0636 1.2221
vn 0.7061 0.0436 1.2235
vn 0.6192 0.4818 1.0731
vn 0.7060 -0.0452 1.2234
vn -0.7067 -0.0030 -1.2246
vn -0.6235 0.4709 -1.0804
vn 0.1642 -0.9727 0.2840
vn -0.1767 -0.9683 -0.3057
vn -0.6975 -0.1618 -1.2085
vn -0.7053 -0.0642 -1.2221
vn -0.6613 -0.3528 -1.1459
vn 0.6614 -0.3524 1.1461
vn 0.7053 -0.0640 1.2221
vn -0.7053 0.0636 -1.2221
vn -0.6610 0.3539 -1.1454
vn 0.6618 0.3510 1.1467
vn 0.7053 0.0646 1.2221
vn -0.7053 -0.0636 -1.2221
vn 0.6617 -0.3512 1.1466
vn 0.7053 -0.0646 1.2221
vn -0.6610 0.3538 -1.1454
vn 0.6618 0.3509 1.1468
vn 0.7053 0.0640 1.2221
vn -0.6616 -0.3516 -1.1464
vn 0.6611 -0.3535 1.1455
vn 0.7053 -0.0634 1.2222
vn -0.7053 0.0642 -1.2221
vn -0.6613 0.3527 -1.1459
vn 0.6615 0.3521 1.1462
vn 0.7053 0.0634 1.2222
vn -0.7066 -0.0001 -1.2246
vn -0.7057 -0.0001 -1.2241
vn -0.0168 -0.0000 -0.0769
vn -0.0168 -0.0000 -0.0768
vn -0.0167 -0.0000 -0.0768
vn -0.3808 0.0000 -0.6184
vn 0.2969 0.0000 0.5572
vn -0.2972 -0.0000 -0.5576
vn -0.5847 -0.0000 -1.0385
vn -0.3807 0.0000 -0.6184
vn 0.5847 0.0000 1.0385
vn -0.2970 -0.0000 -0.5573
vn -0.3810 0.0000 -0.6189
vn 0.2964 0.0000 0.5563
vn -0.2968 -0.0000 -0.5570
vn 0.2970 0.0000 0.5573
vn -0.2958 -0.0000 -0.5552
vn -0.3812 0.0000 -0.6192
vn 0.2960 0.0000 0.5556
vn -0.2960 -0.0000 -0.5556
vn -0.5844 -0.0000 -1.0380
vn 0.2965 0.0000 0.5564
vn 0.5845 0.0000 1.0382
vn 0.3810 -0.0000 0.6188
vn -0.2965 -0.0000 -0.5564
vn 0.3172 0.8929 0.5507
vn 0.6175 0.4813 1.0721
vn 0.3330 0.8812 0.5781
vn 0.6221 0.4691 1.0801
vn 0.6974 0.1411 1.2108
vn 0.6974 -0.1411 1.2108
vn 0.6221 -0.4691 1.0801
vn 0.6175 -0.4813 1.0721
vn 0.3330 -0.8812 0.5781
vn 0.3052 -0.9013 0.5298
vn -0.3049 -0.9015 -0.5294
vn -0.3169 -0.8931 -0.5502
vn -0.6221 -0.4691 -1.0801
vn -0.6974 -0.1411 -1.2108
vn -0.7044 -0.0000 -1.2230
vn -0.7044 0.0000 -1.2230
vn -0.6974 0.1411 -1.2108
vn -0.6221 0.4691 -1.0801
vn -0.3169 0.8931 -0.5502
vn 0.3040 0.9021 0.5278
vn 0.6169 0.4828 1.0710
vn 0.3319 0.8821 0.5762
vn -0.3053 0.9012 -0.5300
vn 0.6216 0.4705 1.0792
vn 0.6956 -0.1576 1.2077
vn 0.6359 -0.4302 1.1041
vn 0.6175 -0.4812 1.0721
vn 0.3326 -0.8815 0.5775
vn 0.3048 -0.9015 0.5292
vn -0.3052 -0.9013 -0.5299
vn -0.3330 -0.8812 -0.5782
vn -0.6173 -0.4816 -1.0718
vn -0.6358 -0.4306 -1.1038
vn -0.6956 -0.1576 -1.2077
vn -0.6358 0.4306 -1.1038
vn -0.6956 0.1576 -1.2077
vn -0.3331 0.8812 -0.5782
vn -0.6173 0.4816 -1.0718
vn -0.7042 0.0234 -1.2227
vn -0.7009 0.1318 -1.2138
vn 0.7009 0.1318 1.2138
vn 0.7042 0.0234 1.2227
vn -0.7044 -0.0001 -1.2230
vn -0.7070 0.0194 -1.2243
vn -0.7067 0.0317 -1.2239
vn -0.7071 -0.0001 -1.2245
vn 0.7069 0.0206 1.2242
vn 0.7067 0.0349 1.2238
vn 0.7044 -0.0000 1.2230
vn -0.7061 0.0539 -1.2227
vn 0.7059 0.0588 1.2224
vn 0.6990 0.1235 1.2136
vn 0.7040 0.0336 1.2223
vn 0.7044 0.0000 1.2230
vn -0.6980 0.1344 -1.2119
vn -0.7039 0.0343 -1.2222
vn -0.7043 -0.0000 -1.2229
vn 0.7071 0.0001 1.2245
vn 0.6913 0.1918 1.2003
vn -0.6890 0.2080 -1.1962
vn -0.7065 0.0087 -1.2246
vn -0.6958 0.1793 -1.2043
vn 0.6959 0.1789 1.2044
vn 0.7065 0.0089 1.2246
vn -0.7069 0.0065 -1.2246
vn -0.6302 0.4528 -1.0888
vn 0.6288 0.4568 1.0862
vn 0.7069 0.0065 1.2246
vn -0.7071 0.0064 -1.2245
vn 0.6357 0.4309 1.1037
vn -0.6364 0.4287 -1.1050
vn 0.7071 0.0066 1.2245
vn -0.7072 0.0089 -1.2241
vn 0.6954 0.1768 1.2053
vn -0.6955 0.1763 -1.2054
vn 0.7072 0.0087 1.2241
vn -0.7066 0.0248 -1.2208
vn 0.7008 0.1309 1.2141
vn -0.7008 0.1313 -1.2140
vn 0.7066 0.0246 1.2208
vn 0.2976 0.0000 0.5583
vn 0.3810 -0.0000 0.6189
vn -0.2964 -0.0000 -0.5562
vn 0.7073 -0.0004 1.2237
vn -0.0001 1.0000 -0.0002
vn 0.0001 -1.0000 0.0001
vn 0.7073 -0.0028 1.2237
vn -0.7073 0.0030 -1.2237
vn 0.7073 -0.0027 1.2237
vn -0.7073 0.0028 -1.2237
vn -0.0002 -1.0000 -0.0003
vn -0.5907 -0.5500 -1.0220
vn -0.7019 -0.1238 -1.2142
vn -0.7016 0.1264 -1.2138
vn -0.5803 0.5717 -1.0039
vn 0.5847 -0.5628 1.0116
vn 0.7028 -0.1124 1.2160
vn 0.7028 0.1124 1.2160
vn 0.5857 0.5607 1.0133
vn 0.7068 0.0002 1.2246
vn 0.7073 -0.0058 1.2237
vn -0.7073 0.0064 -1.2237
vn 0.7073 -0.0059 1.2237
vn -0.7068 0.0003 -1.2246
vn 0.2964 0.0000 0.5562
vn -0.7047 0.0763 -1.2211
vn -0.6628 0.3474 -1.1484
vn 0.6506 0.3906 1.1273
vn 0.7056 0.0573 1.2226
vn 0.7047 -0.0765 1.2210
vn 0.6629 -0.3469 1.1486
vn -0.6520 -0.3859 -1.1298
vn -0.7056 -0.0583 -1.2225
vn -0.6628 0.3473 -1.1484
vn 0.6631 -0.3461 1.1490
vn -0.7056 -0.0579 -1.2226
vn -0.7047 0.0768 -1.2210
vn 0.6512 0.3888 1.1283
vn -0.0014 -1.0000 -0.0025
vn 0.7047 0.0763 1.2211
vn 0.6628 0.3474 1.1484
vn -0.6512 0.3887 -1.1283
vn -0.7056 0.0587 -1.2225
vn -0.7047 -0.0765 -1.2210
vn -0.6627 -0.3477 -1.1482
vn 0.6515 -0.3878 1.1288
vn 0.7056 -0.0574 1.2226
vn 0.7047 0.0768 1.2210
vn -0.6509 0.3897 -1.1278
vn -0.7056 0.0582 -1.2226
vn -0.7047 -0.0769 -1.2210
vn -0.6629 -0.3468 -1.1486
vn 0.7056 -0.0579 1.2226
vn 0.6625 0.3482 1.1480
vn -0.6512 0.3888 -1.1283
vn -0.7047 -0.0774 -1.2210
vn -0.6633 -0.3452 -1.1493
vn -0.6509 0.3896 -1.1278
vn -0.7056 0.0578 -1.2226
vn -0.7047 -0.0761 -1.2211
vn -0.7073 0.0003 -1.2237
vn -0.7069 0.0354 -1.2227
vn -0.6897 -0.2193 -1.1948
vn 0.7069 -0.0329 1.2228
vn -0.7071 0.0243 -1.2231
vn 0.6897 0.2193 1.1948
vn -0.6896 -0.2200 -1.1946
vn 0.6765 0.2893 1.1722
vn 0.7060 0.0477 1.2232
vn 0.7038 -0.0912 1.2195
vn 0.6136 -0.4962 1.0632
vn -0.6766 -0.2890 -1.1724
vn -0.7060 -0.0478 -1.2232
vn -0.7038 0.0913 -1.2195
vn -0.6139 0.4955 -1.0638
vn 0.6592 0.3605 1.1423
vn 0.7052 0.0656 1.2220
vn 0.7050 -0.0715 1.2215
vn 0.6530 -0.3825 1.1315
vn -0.6588 -0.3622 -1.1415
vn -0.7052 -0.0657 -1.2220
vn -0.7050 0.0715 -1.2215
vn -0.6527 0.3837 -1.1309
vn 0.6746 0.2984 1.1688
vn 0.7059 0.0505 1.2231
vn 0.7040 -0.0878 1.2199
vn 0.6217 -0.4758 1.0771
vn -0.6744 -0.2992 -1.1685
vn -0.7059 -0.0505 -1.2231
vn -0.7040 0.0882 -1.2199
vn -0.6216 0.4758 -1.0771
vn 0.6840 0.2517 1.1852
vn 0.7063 0.0368 1.2238
vn 0.7028 -0.1052 1.2178
vn 0.5660 -0.5989 0.9807
vn -0.6838 -0.2529 -1.1848
vn -0.7028 0.1057 -1.2178
vn -0.5655 0.5997 -0.9799
vn -0.6767 0.2888 -1.1724
vn -0.7060 0.0477 -1.2232
vn -0.7038 -0.0908 -1.2196
vn -0.6136 -0.4961 -1.0633
vn 0.6767 -0.2884 1.1726
vn 0.7059 -0.0484 1.2232
vn 0.7038 0.0913 1.2195
vn 0.6136 0.4962 1.0633
vn -0.6592 0.3605 -1.1423
vn -0.7052 0.0656 -1.2220
vn -0.7050 -0.0715 -1.2215
vn -0.6530 -0.3825 -1.1315
vn 0.6588 -0.3622 1.1415
vn 0.7052 -0.0657 1.2220
vn 0.7049 0.0718 1.2215
vn 0.6529 0.3831 1.1312
vn -0.6747 0.2978 -1.1690
vn -0.7059 0.0505 -1.2231
vn -0.7040 -0.0878 -1.2199
vn -0.6211 -0.4772 -1.0762
vn 0.6746 -0.2981 1.1690
vn 0.7059 -0.0505 1.2231
vn 0.7040 0.0886 1.2198
vn 0.6217 0.4758 1.0771
vn -0.6840 0.2517 -1.1852
vn -0.7063 0.0365 -1.2238
vn -0.7029 -0.1049 -1.2179
vn -0.5656 -0.5996 -0.9801
vn 0.6840 -0.2518 1.1852
vn 0.7063 -0.0372 1.2238
vn 0.7028 0.1053 1.2178
vn 0.5652 0.6004 0.9793
vn -0.7073 -0.0000 -1.2238
vn 0.7073 0.0000 1.2238
vn 0.7073 0.0000 1.2235
vn -0.7073 -0.0000 -1.2235
vn -0.7067 -0.0000 -1.2246
vn 0.7067 0.0000 1.2246
vn 0.0074 -0.0000 -0.0351
vn -0.7046 -0.0000 -1.2232
vn 0.7068 0.0000 1.2212
vn -0.0074 0.0000 0.0351
vn 0.7046 0.0000 1.2232
vn -0.7068 -0.0000 -1.2212
vn -0.0075 0.0000 0.0349
vn 0.0075 -0.0000 -0.0349
vn 0.4232 -0.8009 0.7333
vn 0.4146 -0.8098 0.7184
vn -0.4151 -0.8093 -0.7193
vn -0.4237 -0.8004 -0.7342
vn -0.4235 0.8006 -0.7339
vn 0.4145 0.8099 0.7183
vn -0.4150 0.8095 -0.7190
vn 0.4231 0.8010 0.7331
vn -0.4237 -0.8004 -0.7341
vn -0.4235 0.8006 -0.7337
vn 0.4147 0.8098 0.7185
vn -0.4149 0.8096 -0.7189
vn 0.4232 0.8009 0.7333
vn 0.4233 -0.8008 0.7335
vn 0.4147 -0.8097 0.7186
vn -0.4151 -0.8094 -0.7192
vn -0.4236 -0.8004 -0.7340
vn -0.4236 0.8005 -0.7339
vn 0.4146 0.8099 0.7184
vn -0.4150 0.8095 -0.7191
vn 0.4232 0.8010 0.7332
vn 0.4145 0.8100 0.7182
vn 0.5507 0.0000 0.9828
vn 0.6795 -0.0000 1.1888
vn 0.6795 0.0000 1.1888
vn 0.3389 -0.0000 0.6284
vn 0.3389 0.0000 0.6284
vn 0.0783 0.0000 0.1829
vn -0.1931 0.0000 -0.2880
vn -0.4365 0.0000 -0.7175
vn -0.6161 -0.0000 -1.0423
vn -0.7025 -0.0000 -1.2097
vn -0.6794 0.0000 -1.1887
vn -0.5502 -0.0000 -0.9820
vn -0.5502 -0.0000 -0.9819
vn -0.3379 -0.0000 -0.6267
vn -0.0776 -0.0000 -0.1819
vn 0.1926 -0.0000 0.2871
vn 0.4356 -0.0000 0.7159
vn 0.6156 0.0000 1.0415
vn 0.7024 -0.0000 1.2097
vn -0.1281 0.0000 -0.2687
vn -0.3870 0.0000 -0.7096
vn 0.1478 0.0000 0.2090
vn 0.3991 -0.0000 0.6509
vn 0.5901 0.0000 0.9945
vn 0.6939 -0.0000 1.1911
vn 0.6936 0.0000 1.2094
vn 0.5864 0.0000 1.0413
vn 0.3868 0.0000 0.7092
vn 0.3868 -0.0000 0.7092
vn 0.1272 -0.0000 0.2672
vn -0.1491 0.0000 -0.2111
vn -0.3996 -0.0001 -0.6519
vn -0.5898 -0.0000 -0.9940
vn -0.6936 -0.0001 -1.1906
vn -0.6938 0.0000 -1.2097
vn -0.5866 0.0000 -1.0416
vn 0.3390 -0.0000 0.6284
vn 0.3390 0.0000 0.6284
vn 0.0782 0.0000 0.1829
vn 0.5901 0.0001 0.9945
vn -0.7073 0.0000 -1.2231
vn -0.7069 -0.0000 -1.2214
vn 0.7043 0.0000 1.2229
vn 0.7056 0.0000 1.2241
vn 0.7073 0.0000 1.2242
vn 0.7073 0.0000 1.2231
vn 0.0207 -0.0000 -0.0120
vn -0.7071 0.0000 -1.2245
vn -0.7073 0.0000 -1.2242
vn -0.7073 -0.0000 -1.2231
vn 0.7069 0.0000 1.2214
vn -0.7073 -0.0000 -1.2242
vn 0.6026 0.5225 1.0442
vn 0.6963 0.1712 1.2065
vn 0.6125 0.4991 1.0612
vn 0.6974 0.1619 1.2085
vn 0.7061 0.0441 1.2234
vn 0.7061 -0.0441 1.2234
vn 0.6974 -0.1619 1.2085
vn 0.6963 -0.1712 1.2065
vn 0.6125 -0.4991 1.0612
vn 0.5944 -0.5411 1.0299
vn -0.5947 -0.5403 -1.0305
vn -0.6127 -0.4984 -1.0617
vn -0.6963 -0.1711 -1.2066
vn -0.7061 -0.0441 -1.2234
vn -0.7061 0.0441 -1.2234
vn -0.6975 0.1618 -1.2085
vn -0.6127 0.4984 -1.0617
vn -0.6963 0.1711 -1.2066
vn -0.6029 0.5217 -1.0447
vn 0.5949 0.5399 1.0308
vn 0.6963 0.1715 1.2065
vn 0.6129 0.4980 1.0620
vn -0.5949 0.5399 -1.0308
vn 0.6974 0.1622 1.2084
vn 0.6974 -0.1622 1.2084
vn 0.6963 -0.1715 1.2065
vn 0.6129 -0.4980 1.0620
vn 0.5949 -0.5399 1.0308
vn -0.5949 -0.5399 -1.0308
vn -0.6129 -0.4980 -1.0620
vn -0.6963 -0.1715 -1.2065
vn -0.6999 -0.1387 -1.2128
vn -0.7057 -0.0547 -1.2228
vn -0.6999 0.1387 -1.2128
vn -0.7057 0.0547 -1.2228
vn -0.6129 0.4980 -1.0620
vn -0.6963 0.1715 -1.2065
vn -0.0342 0.0000 -0.0113
vn 0.7025 0.0000 1.2210
vn 0.7072 0.0000 1.2225
vn 0.0342 -0.0000 0.0113
vn -0.7049 -0.0000 -1.2235
vn -0.7072 -0.0000 -1.2225
vn -0.0342 0.0000 -0.0114
vn -0.7025 -0.0000 -1.2210
vn 0.7073 0.0000 1.2236
vn 0.6245 0.4688 1.0817
vn 0.6922 0.2036 1.1989
vn 0.6535 0.3814 1.1320
vn 0.6999 0.1414 1.2123
vn 0.7065 0.0379 1.2237
vn 0.7065 -0.0379 1.2237
vn 0.6999 -0.1414 1.2123
vn 0.6922 -0.2036 1.1989
vn 0.6535 -0.3814 1.1320
vn 0.5626 -0.6056 0.9745
vn -0.5619 -0.6068 -0.9733
vn -0.6240 -0.4702 -1.0808
vn -0.7000 -0.1407 -1.2124
vn -0.7065 -0.0382 -1.2237
vn -0.7065 0.0382 -1.2237
vn -0.7000 0.1407 -1.2124
vn -0.6533 0.3823 -1.1316
vn -0.6922 0.2033 -1.1990
vn -0.6240 0.4702 -1.0808
vn 0.6243 0.4692 1.0814
vn 0.6922 0.2034 1.1990
vn 0.6535 0.3816 1.1319
vn 0.6999 0.1410 1.2123
vn 0.6999 -0.1410 1.2123
vn 0.6922 -0.2034 1.1990
vn 0.6535 -0.3816 1.1319
vn 0.6243 -0.4692 1.0814
vn -0.6241 -0.4699 -1.0810
vn -0.6534 -0.3820 -1.1317
vn -0.6922 -0.2033 -1.1990
vn -0.7035 -0.0996 -1.2185
vn -0.7049 -0.0768 -1.2210
vn -0.7035 0.0996 -1.2185
vn -0.7049 0.0768 -1.2210
vn -0.6534 0.3820 -1.1317
vn -0.6241 0.4699 -1.0810
vn 0.6923 0.0000 1.1879
vn -0.6923 -0.0000 -1.1879
vn -0.7068 0.0007 -1.2246
vn -0.7073 0.0011 -1.2237
vn -0.7053 0.0652 -1.2220
vn -0.5264 0.6673 -0.9121
vn 0.6990 0.1478 1.2112
vn -0.6990 -0.1475 -1.2112
vn 0.5275 -0.6656 0.9139
vn 0.7053 -0.0643 1.2221
vn -0.5287 0.6636 -0.9161
vn 0.6989 0.1489 1.2110
vn -0.6989 -0.1485 -1.2110
vn 0.5298 -0.6619 0.9179
vn -0.7053 0.0635 -1.2222
vn -0.5243 0.6706 -0.9084
vn 0.5286 -0.6638 0.9159
vn 0.7053 -0.0651 1.2220
vn -0.5276 0.6654 -0.9141
vn 0.5286 -0.6637 0.9160
vn -0.5275 0.6655 -0.9141
vn 0.5298 -0.6619 0.9180
vn 0.7052 -0.0660 1.2220
vn -0.7018 -0.1094 -1.2170
vn -0.7018 -0.1100 -1.2170
vn -0.7015 -0.1130 -1.2165
vn 0.7059 0.0548 1.2227
vn 0.7060 0.0544 1.2228
vn 0.7059 0.0563 1.2226
vn -0.7012 -0.1172 -1.2159
vn -0.6974 -0.1554 -1.2095
vn -0.5957 -0.5336 -1.0343
vn -0.6992 -0.1386 -1.2125
vn 0.7073 -0.0006 1.2237
vn 0.7073 -0.0032 1.2237
vn 0.7073 -0.0007 1.2237
vn 0.7073 -0.0033 1.2237
vn 0.7058 0.0580 1.2225
vn 0.7055 0.0657 1.2219
vn 0.6966 0.1720 1.2062
vn 0.7050 0.0746 1.2212
vn 0.5926 -0.5459 1.0251
vn -0.5692 -0.5884 -0.9885
vn 0.6934 0.1961 1.2007
vn 0.6203 0.4804 1.0733
vn 0.6007 -0.5279 1.0392
vn 0.6132 0.4984 1.0609
vn -0.7060 -0.0547 -1.2227
vn -0.7059 -0.0561 -1.2226
vn -0.7060 -0.0543 -1.2228
vn 0.7016 0.1128 1.2166
vn 0.7018 0.1100 1.2170
vn 0.7018 0.1094 1.2170
vn -0.7051 -0.0739 -1.2212
vn -0.6978 -0.1618 -1.2084
vn -0.7055 -0.0654 -1.2219
vn -0.7058 -0.0578 -1.2225
vn -0.7073 0.0009 -1.2237
vn -0.7073 0.0037 -1.2237
vn -0.7073 0.0006 -1.2237
vn -0.7073 0.0038 -1.2237
vn 0.6974 0.1560 1.2094
vn 0.7012 0.1169 1.2160
vn 0.6992 0.1386 1.2126
vn 0.5612 0.6035 0.9746
vn -0.6949 -0.1849 -1.2034
vn -0.6231 -0.4731 -1.0782
vn -0.5955 0.5395 -1.0302
vn 0.5274 0.6614 0.9163
vn -0.6156 -0.4925 -1.0651
vn -0.6029 0.5230 -1.0429
vn -0.7019 -0.1092 -1.2171
vn -0.7018 -0.1098 -1.2170
vn -0.7016 -0.1130 -1.2165
vn 0.7059 0.0549 1.2227
vn 0.7060 0.0546 1.2227
vn 0.7059 0.0562 1.2226
vn -0.5955 -0.5340 -1.0340
vn 0.7073 -0.0031 1.2237
vn 0.7058 0.0579 1.2225
vn 0.5920 -0.5472 1.0240
vn -0.5689 -0.5889 -0.9880
vn 0.7073 0.0009 1.2237
vn 0.6206 0.4797 1.0738
vn 0.6001 -0.5292 1.0382
vn 0.7073 0.0013 1.2237
vn 0.6135 0.4976 1.0615
vn -0.7059 -0.0549 -1.2227
vn -0.7059 -0.0562 -1.2226
vn -0.7060 -0.0546 -1.2227
vn 0.7016 0.1130 1.2165
vn 0.7018 0.1098 1.2170
vn 0.7019 0.1092 1.2171
vn -0.7051 -0.0740 -1.2212
vn -0.6977 -0.1623 -1.2083
vn -0.7073 0.0004 -1.2237
vn -0.7073 0.0034 -1.2237
vn 0.6973 0.1564 1.2093
vn 0.7012 0.1171 1.2160
vn 0.6992 0.1389 1.2125
vn 0.5604 0.6048 0.9734
vn -0.6948 -0.1854 -1.2033
vn -0.6229 -0.4738 -1.0778
vn -0.7073 -0.0005 -1.2237
vn -0.5946 0.5416 -1.0286
vn 0.5265 0.6628 0.9148
vn -0.6153 -0.4932 -1.0646
vn -0.6020 0.5251 -1.0414
vn -0.6928 0.1978 -1.2004
vn 0.6907 0.2120 1.1968
vn -0.6907 0.2121 -1.1968
vn 0.6928 0.1978 1.2004
vn 0.7068 0.0003 1.2246
vn 0.7068 0.0004 1.2246
vn -0.0038 -1.0000 -0.0066
vn 0.2776 -0.9197 0.4803
vn 0.0038 -1.0000 0.0066
vn -0.2772 -0.9200 -0.4795
vn 0.2809 -0.9178 0.4859
vn 0.6883 -0.2305 1.1907
vn 0.6884 0.2298 1.1909
vn 0.2809 0.9178 0.4860
vn 0.2777 0.9197 0.4804
vn -0.2772 0.9200 -0.4796
vn -0.2804 0.9180 -0.4852
vn -0.6884 0.2296 -1.1910
vn -0.6883 -0.2303 -1.1908
vn -0.2804 -0.9181 -0.4851
vn 0.6962 -0.1713 1.2065
vn 0.6974 -0.1618 1.2085
vn 0.6987 -0.1511 1.2106
vn 0.6977 -0.1602 1.2088
vn 0.6988 -0.1504 1.2107
vn 0.7052 -0.0727 1.2213
vn 0.7071 -0.0082 1.2245
vn 0.7063 -0.0471 1.2232
vn 0.7071 0.0082 1.2245
vn 0.7063 0.0471 1.2232
vn 0.7052 0.0726 1.2213
vn 0.6988 0.1504 1.2107
vn 0.6987 0.1511 1.2106
vn 0.6977 0.1602 1.2088
vn 0.6974 0.1618 1.2085
vn 0.6962 0.1713 1.2065
vn 0.6961 0.1723 1.2063
vn 0.6934 0.1853 1.2028
vn 0.7042 0.0305 1.2226
vn 0.7003 0.1169 1.2153
vn 0.7042 -0.0305 1.2226
vn 0.7003 -0.1169 1.2153
vn 0.6934 -0.1853 1.2028
vn 0.6961 -0.1723 1.2063
vn 0.5829 -0.5665 1.0084
vn 0.7024 -0.1171 1.2153
vn 0.7024 0.1171 1.2153
vn 0.5829 0.5665 1.0084
vn -0.5833 0.5656 -1.0091
vn -0.7025 0.1165 -1.2154
vn -0.7025 -0.1165 -1.2154
vn -0.5833 -0.5657 -1.0091
vn -0.7068 -0.0006 -1.2246
vn -0.7012 -0.1207 -1.2156
vn -0.7009 -0.1245 -1.2150
vn -0.7055 -0.0587 -1.2225
vn 0.7011 0.1301 1.2141
vn -0.6694 0.3229 -1.1581
vn 0.6693 0.3235 1.1579
vn 0.7055 0.0599 1.2224
vn 0.7054 0.0614 1.2223
vn 0.7013 0.1202 1.2157
vn 0.7068 0.0012 1.2246
vn 0.7010 0.1237 1.2151
vn 0.7067 0.0012 1.2246
vn -0.7023 -0.1159 -1.2163
vn -0.7068 -0.0011 -1.2246
vn -0.7056 -0.0570 -1.2226
vn -0.7067 -0.0012 -1.2246
vn -0.7022 0.0001 -1.2092
vn 0.7064 0.0001 1.2245
vn -0.7064 0.0001 -1.2245
vn 0.7023 0.0001 1.2093
vn -0.7023 0.0001 -1.2093
vn 0.7022 0.0001 1.2092
vn -0.3807 -0.0000 -0.6184
vn -0.3807 -0.0000 -0.6183
vn 0.2971 -0.0000 0.5575
vn -0.2966 -0.0000 -0.5566
vn -0.5845 -0.0000 -1.0382
vn -0.3809 0.0000 -0.6186
vn 0.5846 0.0000 1.0383
vn -0.2976 -0.0000 -0.5583
vn -0.5849 -0.0000 -1.0388
vn -0.2967 -0.0000 -0.5568
vn -0.2981 -0.0000 -0.5590
vn -0.3816 0.0000 -0.6199
vn 0.2952 0.0000 0.5541
vn 0.7065 -0.0000 1.2246
vn 0.7070 -0.0000 1.2246
vn -0.5849 -0.0000 -1.0387
vn -0.3801 0.0000 -0.6172
vn 0.2984 0.0000 0.5597
vn -0.2984 -0.0000 -0.5597
vn -0.5851 -0.0000 -1.0391
vn -0.7042 0.0232 -1.2227
vn 0.7010 0.1314 1.2139
vn 0.7042 0.0232 1.2227
vn -0.7044 0.0001 -1.2230
vn -0.7070 0.0195 -1.2243
vn -0.7067 0.0319 -1.2239
vn 0.7070 0.0203 1.2242
vn 0.7067 0.0344 1.2238
vn -0.7061 0.0541 -1.2227
vn 0.7059 0.0579 1.2224
vn 0.6988 0.1248 1.2134
vn 0.7039 0.0340 1.2222
vn -0.6979 0.1351 -1.2117
vn -0.7040 0.0345 -1.2222
vn 0.6910 0.1938 1.1997
vn -0.6888 0.2090 -1.1959
vn -0.7065 0.0089 -1.2246
vn -0.6957 0.1798 -1.2042
vn 0.6958 0.1793 1.2043
vn 0.7065 0.0085 1.2246
vn -0.6308 0.4511 -1.0899
vn 0.6302 0.4530 1.0887
vn 0.7069 0.0063 1.2246
vn -0.7071 0.0066 -1.2245
vn 0.6353 0.4321 1.1029
vn -0.6351 0.4325 -1.1027
vn 0.7071 0.0062 1.2245
vn -0.6954 0.1772 -1.2052
vn 0.7072 0.0091 1.2241
vn -0.7066 0.0246 -1.2208
vn 0.7008 0.1313 1.2140
vn -0.7009 0.1306 -1.2141
vn 0.7066 0.0248 1.2208
vn -0.2964 -0.0000 -0.5563
vn -0.3805 0.0000 -0.6179
vn 0.3813 -0.0000 0.6193
vn -0.2959 -0.0000 -0.5554
vn -0.7042 0.0236 -1.2227
vn -0.7010 0.1314 -1.2139
vn 0.7010 0.1310 1.2139
vn 0.7069 0.0204 1.2242
vn 0.7067 0.0345 1.2238
vn -0.7061 0.0537 -1.2227
vn 0.7059 0.0581 1.2224
vn 0.6989 0.1245 1.2134
vn 0.7039 0.0339 1.2222
vn -0.6980 0.1345 -1.2119
vn -0.7039 0.0344 -1.2222
vn -0.7044 0.0001 -1.2229
vn 0.6911 0.1933 1.1999
vn -0.7069 0.0063 -1.2246
vn 0.6294 0.4552 1.0873
vn 0.6351 0.4324 1.1027
vn -0.6351 0.4324 -1.1027
vn 0.7071 0.0064 1.2245
vn -0.7072 0.0091 -1.2241
vn 0.6956 0.1755 1.2056
vn 0.7072 0.0083 1.2241
vn -0.7008 0.1309 -1.2141
vn 0.7066 0.0250 1.2208
vn 0.2968 0.0000 0.5570
vn -0.2952 -0.0000 -0.5541
vn -0.5841 -0.0000 -1.0375
vn -0.3812 0.0000 -0.6193
vn 0.2982 0.0000 0.5593
vn 0.5850 0.0000 1.0391
vn 0.7067 0.0346 1.2238
vn 0.7059 0.0583 1.2224
vn -0.6978 0.1359 -1.2116
vn -0.7039 0.0347 -1.2222
vn -0.6886 0.2102 -1.1956
vn -0.7065 0.0085 -1.2246
vn -0.6959 0.1789 -1.2044
vn 0.6957 0.1798 1.2042
vn 0.7065 0.0087 1.2246
vn -0.7069 0.0061 -1.2246
vn -0.6295 0.4549 -1.0875
vn 0.6308 0.4512 1.0899
vn 0.6358 0.4306 1.1039
vn -0.6345 0.4343 -1.1016
vn -0.6954 0.1768 -1.2053
vn 0.7072 0.0089 1.2241
vn -0.7066 0.0250 -1.2208
# 1473 vertex normals

vt 0.9043 0.4926 0.0000
vt 0.8467 0.5165 0.0000
vt 0.8228 0.5741 0.0000
vt 0.8467 0.6317 0.0000
vt 0.9043 0.6556 0.0000
vt 0.8169 0.5279 1.0000
vt 0.8169 0.5255 1.0000
vt 0.7965 0.5255 1.0000
vt 0.7965 0.5279 1.0000
vt 0.6671 0.5279 1.0000
vt 0.6671 0.5255 1.0000
vt 0.6539 0.5255 1.0000
vt 0.6539 0.5279 1.0000
vt 0.6758 0.5279 1.0000
vt 0.6758 0.5255 1.0000
vt 0.6989 0.5279 1.0000
vt 0.6989 0.5255 1.0000
vt 0.7354 0.5279 1.0000
vt 0.7354 0.5255 1.0000
vt 0.7447 0.5279 1.0000
vt 0.7447 0.5255 1.0000
vt 0.7634 0.5279 1.0000
vt 0.7634 0.5255 1.0000
vt 0.8466 0.5165 0.0000
vt 0.9042 0.4926 0.0000
vt 0.9042 0.6556 0.0000
vt 0.8466 0.6317 0.0000
vt 0.8167 0.5228 1.0000
vt 0.7963 0.5228 1.0000
vt 0.7965 0.5189 1.0000
vt 0.8169 0.5189 1.0000
vt 0.6669 0.5228 1.0000
vt 0.6537 0.5228 1.0000
vt 0.6539 0.5189 1.0000
vt 0.6671 0.5189 1.0000
vt 0.6756 0.5228 1.0000
vt 0.6758 0.5189 1.0000
vt 0.6988 0.5228 1.0000
vt 0.6989 0.5189 1.0000
vt 0.7352 0.5228 1.0000
vt 0.7354 0.5189 1.0000
vt 0.7445 0.5228 1.0000
vt 0.7447 0.5189 1.0000
vt 0.7632 0.5228 1.0000
vt 0.7634 0.5189 1.0000
vt 0.1986 0.2172 0.0000
vt 0.2021 0.2172 0.0000
vt 0.2021 0.3995 0.0000
vt 0.1986 0.3995 0.0000
vt 0.1635 0.2172 0.0000
vt 0.1661 0.2172 0.0000
vt 0.1661 0.3995 0.0000
vt 0.1635 0.3995 0.0000
vt 0.1696 0.2172 0.0000
vt 0.1696 0.3995 0.0000
vt 0.1732 0.2172 0.0000
vt 0.1732 0.3995 0.0000
vt 0.1758 0.2172 0.0000
vt 0.1758 0.3995 0.0000
vt 0.1793 0.2172 0.0000
vt 0.1793 0.3995 0.0000
vt 0.1828 0.2172 0.0000
vt 0.1828 0.3995 0.0000
vt 0.1854 0.2172 0.0000
vt 0.1854 0.3995 0.0000
vt 0.1889 0.2172 0.0000
vt 0.1889 0.3995 0.0000
vt 0.1925 0.2172 0.0000
vt 0.1925 0.3995 0.0000
vt 0.1950 0.2172 0.0000
vt 0.1950 0.3995 0.0000
vt 0.1786 0.4126 0.0000
vt 0.7219 0.8269 0.0000
vt 0.7564 0.8179 0.0000
vt 0.7558 0.7859 0.0000
vt 0.7038 0.7996 0.0000
vt 0.6970 0.8504 0.0000
vt 0.6663 0.8350 0.0000
vt 0.6883 0.8820 0.0000
vt 0.6531 0.8827 0.0000
vt 0.6981 0.9133 0.0000
vt 0.6679 0.9298 0.0000
vt 0.7238 0.9359 0.0000
vt 0.7067 0.9639 0.0000
vt 0.7586 0.9437 0.0000
vt 0.7592 0.9757 0.0000
vt 0.7930 0.9347 0.0000
vt 0.8111 0.9620 0.0000
vt 0.8179 0.9112 0.0000
vt 0.8487 0.9266 0.0000
vt 0.8266 0.8796 0.0000
vt 0.8618 0.8790 0.0000
vt 0.8168 0.8483 0.0000
vt 0.8470 0.8318 0.0000
vt 0.7911 0.8257 0.0000
vt 0.8082 0.7977 0.0000
vt 0.1962 0.2952 0.0000
vt 0.1927 0.2952 0.0000
vt 0.1927 0.4200 0.0000
vt 0.1962 0.4200 0.0000
vt 0.1995 0.2952 0.0000
vt 0.1995 0.4200 0.0000
vt 0.2026 0.2952 0.0000
vt 0.2026 0.4200 0.0000
vt 0.1663 0.2952 0.0000
vt 0.1632 0.2952 0.0000
vt 0.1632 0.4200 0.0000
vt 0.1663 0.4200 0.0000
vt 0.1695 0.2952 0.0000
vt 0.1695 0.4200 0.0000
vt 0.1730 0.2952 0.0000
vt 0.1730 0.4200 0.0000
vt 0.1765 0.2952 0.0000
vt 0.1765 0.4200 0.0000
vt 0.1798 0.2952 0.0000
vt 0.1798 0.4200 0.0000
vt 0.1829 0.2952 0.0000
vt 0.1829 0.4200 0.0000
vt 0.1860 0.2952 0.0000
vt 0.1860 0.4200 0.0000
vt 0.1893 0.2952 0.0000
vt 0.1893 0.4200 0.0000
vt 0.7554 0.7778 0.0000
vt 0.6993 0.7927 0.0000
vt 0.6588 0.8311 0.0000
vt 0.6446 0.8828 0.0000
vt 0.6606 0.9340 0.0000
vt 0.7024 0.9709 0.0000
vt 0.7590 0.9838 0.0000
vt 0.8151 0.9690 0.0000
vt 0.8557 0.9306 0.0000
vt 0.8699 0.8788 0.0000
vt 0.8539 0.8276 0.0000
vt 0.8120 0.7906 0.0000
vt 0.0116 0.1456 0.0000
vt 0.0116 0.1451 0.0000
vt 0.0537 0.1451 0.0000
vt 0.0537 0.1456 0.0000
vt 0.1009 0.1509 0.0000
vt 0.0117 0.1509 0.0000
vt 0.0117 0.1501 0.0000
vt 0.1009 0.1501 0.0000
vt 0.1009 0.1478 0.0000
vt 0.0108 0.1478 0.0000
vt 0.0108 0.1471 0.0000
vt 0.1009 0.1471 0.0000
vt 0.3532 0.8200 0.0000
vt 0.3532 0.9762 0.0000
vt 0.3520 0.9820 0.0000
vt 0.3485 0.9855 0.0000
vt 0.3428 0.9866 0.0000
vt 0.0235 0.9866 0.0000
vt 0.0177 0.9855 0.0000
vt 0.0142 0.9820 0.0000
vt 0.0131 0.9762 0.0000
vt 0.0131 0.8200 0.0000
vt 0.0142 0.8142 0.0000
vt 0.0177 0.8108 0.0000
vt 0.0235 0.8096 0.0000
vt 0.3428 0.8096 0.0000
vt 0.3485 0.8108 0.0000
vt 0.3520 0.8142 0.0000
vt 0.0579 0.1456 0.0000
vt 0.0579 0.1451 0.0000
vt 0.1000 0.1451 0.0000
vt 0.1000 0.1456 0.0000
vt 0.0111 0.0939 0.0000
vt 0.1003 0.0939 0.0000
vt 0.1019 0.0943 0.0000
vt 0.1029 0.0952 0.0000
vt 0.1032 0.0968 0.0000
vt 0.1032 0.1405 0.0000
vt 0.1029 0.1421 0.0000
vt 0.1019 0.1431 0.0000
vt 0.1003 0.1434 0.0000
vt 0.0111 0.1434 0.0000
vt 0.0095 0.1431 0.0000
vt 0.0085 0.1421 0.0000
vt 0.0082 0.1405 0.0000
vt 0.0082 0.0968 0.0000
vt 0.0085 0.0952 0.0000
vt 0.0095 0.0943 0.0000
vt 0.0101 0.1451 0.0000
vt 0.0101 0.1456 0.0000
vt 0.0553 0.1456 0.0000
vt 0.0553 0.1451 0.0000
vt 0.1026 0.1509 0.0000
vt 0.1026 0.1501 0.0000
vt 0.0092 0.1471 0.0000
vt 0.0092 0.1478 0.0000
vt 0.0091 0.1451 0.0000
vt 0.0091 0.1456 0.0000
vt 0.1025 0.1471 0.0000
vt 0.1025 0.1478 0.0000
vt 0.0101 0.1509 0.0000
vt 0.0091 0.1509 0.0000
vt 0.0091 0.1501 0.0000
vt 0.0101 0.1501 0.0000
vt 0.0564 0.1456 0.0000
vt 0.0554 0.1456 0.0000
vt 0.0554 0.1451 0.0000
vt 0.0564 0.1451 0.0000
vt 0.1016 0.1451 0.0000
vt 0.1025 0.1451 0.0000
vt 0.1025 0.1456 0.0000
vt 0.1016 0.1456 0.0000
vt 0.4019 0.2017 0.0000
vt 0.4019 0.3155 0.0000
vt 0.2775 0.3155 0.0000
vt 0.2775 0.2017 0.0000
vt 0.4012 0.4406 0.0000
vt 0.2769 0.4406 0.0000
vt 0.2769 0.3214 0.0000
vt 0.4012 0.3214 0.0000
vt 0.0116 0.4414 0.0000
vt 0.0116 0.3219 0.0000
vt 0.2664 0.3219 0.0000
vt 0.2674 0.4414 0.0000
vt 0.0116 0.3157 0.0000
vt 0.0126 0.2011 0.0000
vt 0.2674 0.2011 0.0000
vt 0.2674 0.3157 0.0000
vt 0.5494 0.7833 0.0000
vt 0.5042 0.7879 0.0000
vt 0.5042 0.5855 0.0000
vt 0.5494 0.5901 0.0000
vt 0.4590 0.7833 0.0000
vt 0.4590 0.5901 0.0000
vt 0.4590 0.7929 0.0000
vt 0.4590 0.9946 0.0000
vt 0.5750 0.9946 0.0000
vt 0.5750 0.7929 0.0000
vt 0.6599 0.7260 0.0000
vt 0.6219 0.7260 0.0000
vt 0.6219 0.6088 0.0000
vt 0.6599 0.6088 0.0000
vt 0.5838 0.7260 0.0000
vt 0.5838 0.6088 0.0000
vt 0.4592 0.9946 0.0000
vt 0.4592 0.7929 0.0000
vt 0.6535 0.7775 0.0000
vt 0.6535 0.7559 0.0000
vt 0.5868 0.7559 0.0000
vt 0.5868 0.7775 0.0000
vt 0.6535 0.7342 0.0000
vt 0.5868 0.7342 0.0000
vt 0.9622 0.3651 0.0000
vt 0.8317 0.3651 0.0000
vt 0.8317 0.3471 0.0000
vt 0.9622 0.3471 0.0000
vt 0.9955 0.3651 0.0000
vt 0.9955 0.3471 0.0000
vt 0.9959 0.3861 0.0000
vt 0.9626 0.3861 0.0000
vt 0.9626 0.3681 0.0000
vt 0.9959 0.3681 0.0000
vt 0.8322 0.3861 0.0000
vt 0.8322 0.3681 0.0000
vt 0.8369 0.4365 0.0000
vt 0.8369 0.3932 0.0000
vt 0.9932 0.3932 0.0000
vt 0.9932 0.4365 0.0000
vt 0.9960 0.3372 0.0000
vt 0.8304 0.3372 0.0000
vt 0.8304 0.3354 0.0000
vt 0.9960 0.3354 0.0000
vt 0.8739 0.3430 0.0000
vt 0.8306 0.3430 0.0000
vt 0.8306 0.3413 0.0000
vt 0.8739 0.3413 0.0000
vt 0.7481 0.3405 0.0000
vt 0.8245 0.3405 0.0000
vt 0.8245 0.3613 0.0000
vt 0.7481 0.3613 0.0000
vt 0.8306 0.3412 0.0000
vt 0.9963 0.3412 0.0000
vt 0.9963 0.3430 0.0000
vt 0.0137 0.0512 0.0000
vt 0.0205 0.0321 0.0000
vt 0.2999 0.0339 0.0000
vt 0.3076 0.0532 0.0000
vt 0.0205 0.0297 0.0000
vt 0.2999 0.0314 0.0000
vt 0.0122 0.0050 0.0000
vt 0.3113 0.0071 0.0000
vt 0.0119 0.0616 0.0000
vt 0.0137 0.0561 0.0000
vt 0.3076 0.0581 0.0000
vt 0.3109 0.0633 0.0000
vt 0.0118 0.0689 0.0000
vt 0.3108 0.0706 0.0000
vt 0.3113 0.1563 0.0000
vt 0.3113 0.1244 0.0000
vt 0.4443 0.1244 0.0000
vt 0.4443 0.1563 0.0000
vt 0.3095 0.1563 0.0000
vt 0.3095 0.1244 0.0000
vt 0.4443 0.1918 0.0000
vt 0.3113 0.1918 0.0000
vt 0.3113 0.1900 0.0000
vt 0.4443 0.1900 0.0000
vt 0.4461 0.1244 0.0000
vt 0.4461 0.1563 0.0000
vt 0.4443 0.1581 0.0000
vt 0.3113 0.1581 0.0000
vt 0.9760 0.8330 0.0000
vt 0.9760 0.9118 0.0000
vt 0.9347 0.9118 0.0000
vt 0.9347 0.8330 0.0000
vt 0.9824 0.8330 0.0000
vt 0.9824 0.9118 0.0000
vt 0.9283 0.9118 0.0000
vt 0.9283 0.8330 0.0000
vt 0.9252 0.9118 0.0000
vt 0.9252 0.8330 0.0000
vt 0.8862 0.9118 0.0000
vt 0.8862 0.8330 0.0000
vt 0.9209 0.8330 0.0000
vt 0.9209 0.9118 0.0000
vt 0.9857 0.8330 0.0000
vt 0.9857 0.9118 0.0000
vt 0.9900 0.8330 0.0000
vt 0.9900 0.9118 0.0000
vt 0.8151 0.2915 0.0000
vt 0.8151 0.3160 0.0000
vt 0.7014 0.3160 0.0000
vt 0.7014 0.2915 0.0000
vt 0.8177 0.2643 0.0000
vt 0.8177 0.2888 0.0000
vt 0.8151 0.2888 0.0000
vt 0.8151 0.2643 0.0000
vt 0.7014 0.2616 0.0000
vt 0.8151 0.2616 0.0000
vt 0.7014 0.2643 0.0000
vt 0.6988 0.2888 0.0000
vt 0.6988 0.2643 0.0000
vt 0.7014 0.2888 0.0000
vt 0.5256 0.0692 0.0000
vt 0.5256 0.0727 0.0000
vt 0.4662 0.0727 0.0000
vt 0.4662 0.0692 0.0000
vt 0.4663 0.0643 0.0000
vt 0.4663 0.0609 0.0000
vt 0.5494 0.0609 0.0000
vt 0.5494 0.0643 0.0000
vt 0.5851 0.0609 0.0000
vt 0.5851 0.0643 0.0000
vt 0.9135 0.4463 0.0000
vt 0.9099 0.6543 0.0000
vt 0.8903 0.5802 0.0000
vt 0.8927 0.5176 0.0000
vt 0.9388 0.5143 0.0000
vt 0.9183 0.4451 0.0000
vt 0.9899 0.4480 0.0000
vt 0.9690 0.5149 0.0000
vt 0.9454 0.5792 0.0000
vt 0.9433 0.6543 0.0000
vt 0.9361 0.5811 0.0000
vt 0.4778 0.0519 0.0000
vt 0.4778 0.0556 0.0000
vt 0.4715 0.0556 0.0000
vt 0.4715 0.0519 0.0000
vt 0.5086 0.0519 0.0000
vt 0.5086 0.0556 0.0000
vt 0.4662 0.0519 0.0000
vt 0.4662 0.0556 0.0000
vt 0.5151 0.0556 0.0000
vt 0.5151 0.0519 0.0000
vt 0.5315 0.0519 0.0000
vt 0.5315 0.0556 0.0000
vt 0.9857 0.5372 0.0000
vt 0.9699 0.5194 0.0000
vt 0.9147 0.6543 0.0000
vt 0.9302 0.5804 0.0000
vt 0.8572 0.5183 0.0000
vt 0.8403 0.5357 0.0000
vt 0.8450 0.4452 0.0000
vt 0.8603 0.5134 0.0000
vt 0.8793 0.6543 0.0000
vt 0.8820 0.5821 0.0000
vt 0.8747 0.5809 0.0000
vt 0.5851 0.0692 0.0000
vt 0.5851 0.0727 0.0000
vt 0.5477 0.0556 0.0000
vt 0.5477 0.0519 0.0000
vt 0.5851 0.0519 0.0000
vt 0.5851 0.0556 0.0000
vt 0.9335 0.5177 0.0000
vt 0.8896 0.5143 0.0000
vt 0.1090 0.0938 0.0000
vt 0.1090 0.0798 0.0000
vt 0.3734 0.0798 0.0000
vt 0.3734 0.0938 0.0000
vt 0.3734 0.0977 0.0000
vt 0.1090 0.0977 0.0000
vt 0.3734 0.1116 0.0000
vt 0.1090 0.1116 0.0000
vt 0.1839 0.1307 0.0000
vt 0.3015 0.1307 0.0000
vt 0.3015 0.1355 0.0000
vt 0.1839 0.1355 0.0000
vt 0.1839 0.1300 0.0000
vt 0.3015 0.1300 0.0000
vt 0.3015 0.1396 0.0000
vt 0.1839 0.1397 0.0000
vt 0.4222 0.3958 0.0000
vt 0.4222 0.4173 0.0000
vt 0.4191 0.4136 0.0000
vt 0.4191 0.3958 0.0000
vt 0.1839 0.1444 0.0000
vt 0.3015 0.1444 0.0000
vt 0.3015 0.1451 0.0000
vt 0.1839 0.1451 0.0000
vt 0.4034 0.4403 0.0000
vt 0.4034 0.4188 0.0000
vt 0.4065 0.4226 0.0000
vt 0.4065 0.4403 0.0000
vt 0.1839 0.1233 0.0000
vt 0.3015 0.1233 0.0000
vt 0.3015 0.1261 0.0000
vt 0.1839 0.1261 0.0000
vt 0.1839 0.1194 0.0000
vt 0.3015 0.1194 0.0000
vt 0.4224 0.4188 0.0000
vt 0.4193 0.4226 0.0000
vt 0.4224 0.4403 0.0000
vt 0.4193 0.4403 0.0000
vt 0.4032 0.4173 0.0000
vt 0.4032 0.3958 0.0000
vt 0.4063 0.3958 0.0000
vt 0.4063 0.4136 0.0000
vt 0.0644 0.6072 0.0000
vt 0.0644 0.5909 0.0000
vt 0.0924 0.5909 0.0000
vt 0.0924 0.6072 0.0000
vt 0.0644 0.5782 0.0000
vt 0.0924 0.5782 0.0000
vt 0.0644 0.5619 0.0000
vt 0.0924 0.5619 0.0000
vt 0.0644 0.5442 0.0000
vt 0.0924 0.5442 0.0000
vt 0.0644 0.5276 0.0000
vt 0.0924 0.5276 0.0000
vt 0.0644 0.5147 0.0000
vt 0.0924 0.5147 0.0000
vt 0.0644 0.4987 0.0000
vt 0.0924 0.4987 0.0000
vt 0.0644 0.4812 0.0000
vt 0.0924 0.4812 0.0000
vt 0.0644 0.4649 0.0000
vt 0.0924 0.4649 0.0000
vt 0.0644 0.4523 0.0000
vt 0.0924 0.4523 0.0000
vt 0.0644 0.7042 0.0000
vt 0.0644 0.6879 0.0000
vt 0.0924 0.6879 0.0000
vt 0.0924 0.7042 0.0000
vt 0.0644 0.6701 0.0000
vt 0.0924 0.6701 0.0000
vt 0.0644 0.6535 0.0000
vt 0.0924 0.6535 0.0000
vt 0.0644 0.6407 0.0000
vt 0.0924 0.6407 0.0000
vt 0.0644 0.6247 0.0000
vt 0.0924 0.6247 0.0000
vt 0.7098 0.9681 0.0000
vt 0.7066 0.9645 0.0000
vt 0.7066 0.9144 0.0000
vt 0.7098 0.9144 0.0000
vt 0.6721 0.9696 0.0000
vt 0.6743 0.9696 0.0000
vt 0.6743 0.9895 0.0000
vt 0.6721 0.9895 0.0000
vt 0.6723 0.9676 0.0000
vt 0.6723 0.9175 0.0000
vt 0.6755 0.9139 0.0000
vt 0.6755 0.9676 0.0000
vt 0.7082 0.9696 0.0000
vt 0.7082 0.9895 0.0000
vt 0.7049 0.9676 0.0000
vt 0.7049 0.9139 0.0000
vt 0.7121 0.9168 0.0000
vt 0.7156 0.9140 0.0000
vt 0.7156 0.9686 0.0000
vt 0.7121 0.9686 0.0000
vt 0.7437 0.9140 0.0000
vt 0.7437 0.9686 0.0000
vt 0.7471 0.9168 0.0000
vt 0.7471 0.9686 0.0000
vt 0.7472 0.9696 0.0000
vt 0.7472 0.9895 0.0000
vt 0.2083 0.1539 0.0000
vt 0.2083 0.1592 0.0000
vt 0.1626 0.1592 0.0000
vt 0.1626 0.1539 0.0000
vt 0.1534 0.1592 0.0000
vt 0.0722 0.1592 0.0000
vt 0.0722 0.1539 0.0000
vt 0.1534 0.1539 0.0000
vt 0.4312 0.5047 0.0000
vt 0.4312 0.3673 0.0000
vt 0.4279 0.3622 0.0000
vt 0.4279 0.5099 0.0000
vt 0.1615 0.1673 0.0000
vt 0.2423 0.1673 0.0000
vt 0.2423 0.1925 0.0000
vt 0.1615 0.1925 0.0000
vt 0.1575 0.1539 0.0000
vt 0.1575 0.1592 0.0000
vt 0.0630 0.1592 0.0000
vt 0.0630 0.1539 0.0000
vt 0.0680 0.1539 0.0000
vt 0.0680 0.1592 0.0000
vt 0.4363 0.5110 0.0000
vt 0.4330 0.5164 0.0000
vt 0.4437 0.3599 0.0000
vt 0.4404 0.3547 0.0000
vt 0.4330 0.3557 0.0000
vt 0.4363 0.3610 0.0000
vt 0.1571 0.1925 0.0000
vt 0.1571 0.1673 0.0000
vt 0.2522 0.1673 0.0000
vt 0.2522 0.1925 0.0000
vt 0.2467 0.1925 0.0000
vt 0.2467 0.1673 0.0000
vt 0.4437 0.5122 0.0000
vt 0.4404 0.5173 0.0000
vt 0.1517 0.1925 0.0000
vt 0.1517 0.1673 0.0000
vt 0.0173 0.1592 0.0000
vt 0.0173 0.1539 0.0000
vt 0.5160 0.3599 0.0000
vt 0.5193 0.3547 0.0000
vt 0.5193 0.5173 0.0000
vt 0.5160 0.5122 0.0000
vt 0.1070 0.1925 0.0000
vt 0.1070 0.1673 0.0000
vt 0.2175 0.1592 0.0000
vt 0.2175 0.1539 0.0000
vt 0.2987 0.1539 0.0000
vt 0.2987 0.1592 0.0000
vt 0.5285 0.5047 0.0000
vt 0.5318 0.5099 0.0000
vt 0.5318 0.3622 0.0000
vt 0.5285 0.3673 0.0000
vt 0.0971 0.1673 0.0000
vt 0.0971 0.1925 0.0000
vt 0.0163 0.1925 0.0000
vt 0.0163 0.1673 0.0000
vt 0.2133 0.1592 0.0000
vt 0.2133 0.1539 0.0000
vt 0.0122 0.1592 0.0000
vt 0.0122 0.1539 0.0000
vt 0.5234 0.5110 0.0000
vt 0.5267 0.5164 0.0000
vt 0.5234 0.3610 0.0000
vt 0.5267 0.3557 0.0000
vt 0.1015 0.1673 0.0000
vt 0.1015 0.1925 0.0000
vt 0.2968 0.1673 0.0000
vt 0.3023 0.1673 0.0000
vt 0.3023 0.1925 0.0000
vt 0.2968 0.1925 0.0000
vt 0.3028 0.1592 0.0000
vt 0.3028 0.1539 0.0000
vt 0.0119 0.1673 0.0000
vt 0.0119 0.1925 0.0000
vt 0.5216 0.3646 0.0000
vt 0.5143 0.3637 0.0000
vt 0.4471 0.3637 0.0000
vt 0.4396 0.3646 0.0000
vt 0.4352 0.3703 0.0000
vt 0.4352 0.5021 0.0000
vt 0.4396 0.5079 0.0000
vt 0.4469 0.5088 0.0000
vt 0.5141 0.5088 0.0000
vt 0.5216 0.5079 0.0000
vt 0.5260 0.5021 0.0000
vt 0.5260 0.3703 0.0000
vt 0.6540 0.7874 0.0000
vt 0.6360 0.7874 0.0000
vt 0.6360 0.9963 0.0000
vt 0.6540 0.9963 0.0000
vt 0.6020 0.7874 0.0000
vt 0.5859 0.7874 0.0000
vt 0.5860 0.9963 0.0000
vt 0.6020 0.9963 0.0000
vt 0.6200 0.9963 0.0000
vt 0.6200 0.7874 0.0000
vt 0.6066 0.7893 0.0000
vt 0.6066 0.9966 0.0000
vt 0.5977 0.9966 0.0000
vt 0.5977 0.7893 0.0000
vt 0.6119 0.7893 0.0000
vt 0.6119 0.9966 0.0000
vt 0.6213 0.7893 0.0000
vt 0.6213 0.9966 0.0000
vt 0.6341 0.7893 0.0000
vt 0.6341 0.9966 0.0000
vt 0.5846 0.9966 0.0000
vt 0.5846 0.7893 0.0000
vt 0.6532 0.7893 0.0000
vt 0.6532 0.9966 0.0000
vt 0.6483 0.9966 0.0000
vt 0.6483 0.7893 0.0000
vt 0.6430 0.9966 0.0000
vt 0.6430 0.7893 0.0000
vt 0.2956 0.5691 0.0000
vt 0.2909 0.5630 0.0000
vt 0.2915 0.5554 0.0000
vt 0.2970 0.5507 0.0000
vt 0.3043 0.5516 0.0000
vt 0.3090 0.5575 0.0000
vt 0.3084 0.5650 0.0000
vt 0.3028 0.5699 0.0000
vt 0.9966 0.5945 0.0000
vt 0.9966 0.5618 0.0000
vt 0.9991 0.5618 0.0000
vt 0.9991 0.5945 0.0000
vt 0.9903 0.2757 0.0000
vt 0.9903 0.3306 0.0000
vt 0.8862 0.3306 0.0000
vt 0.8862 0.2757 0.0000
vt 0.9903 0.2122 0.0000
vt 0.9903 0.2672 0.0000
vt 0.8862 0.2672 0.0000
vt 0.8862 0.2122 0.0000
vt 0.5119 0.0074 0.0000
vt 0.5505 0.0074 0.0000
vt 0.5505 0.0467 0.0000
vt 0.5119 0.0467 0.0000
vt 0.5767 0.0074 0.0000
vt 0.5767 0.0467 0.0000
vt 0.8431 0.1299 0.0000
vt 0.8742 0.1299 0.0000
vt 0.8742 0.1510 0.0000
vt 0.8431 0.1510 0.0000
vt 0.7836 0.1355 0.0000
vt 0.8174 0.1355 0.0000
vt 0.8174 0.1585 0.0000
vt 0.7836 0.1585 0.0000
vt 0.4470 0.0467 0.0000
vt 0.4470 0.0074 0.0000
vt 0.4857 0.0074 0.0000
vt 0.4857 0.0467 0.0000
vt 0.5855 0.7879 0.0000
vt 0.5955 0.7879 0.0000
vt 0.5955 0.9822 0.0000
vt 0.5855 0.9822 0.0000
vt 0.6054 0.7879 0.0000
vt 0.6054 0.9822 0.0000
vt 0.6122 0.7879 0.0000
vt 0.6122 0.9822 0.0000
vt 0.6193 0.7879 0.0000
vt 0.6193 0.9822 0.0000
vt 0.5955 0.9923 0.0000
vt 0.5855 0.9923 0.0000
vt 0.6054 0.9923 0.0000
vt 0.6122 0.9923 0.0000
vt 0.6193 0.9923 0.0000
vt 0.5955 0.9959 0.0000
vt 0.5855 0.9959 0.0000
vt 0.6054 0.9959 0.0000
vt 0.6122 0.9959 0.0000
vt 0.6193 0.9959 0.0000
vt 0.6540 0.9822 0.0000
vt 0.6460 0.9822 0.0000
vt 0.6460 0.7879 0.0000
vt 0.6540 0.7879 0.0000
vt 0.6391 0.9822 0.0000
vt 0.6391 0.7879 0.0000
vt 0.6293 0.9822 0.0000
vt 0.6293 0.7879 0.0000
vt 0.6460 0.9923 0.0000
vt 0.6540 0.9923 0.0000
vt 0.6391 0.9923 0.0000
vt 0.6293 0.9923 0.0000
vt 0.6460 0.9959 0.0000
vt 0.6540 0.9959 0.0000
vt 0.6391 0.9959 0.0000
vt 0.6293 0.9959 0.0000
vt 0.9719 0.6052 0.0000
vt 0.9690 0.6052 0.0000
vt 0.9690 0.7013 0.0000
vt 0.9720 0.7013 0.0000
vt 0.9928 0.6052 0.0000
vt 0.9897 0.6052 0.0000
vt 0.9897 0.7013 0.0000
vt 0.9928 0.7013 0.0000
vt 0.9866 0.6052 0.0000
vt 0.9866 0.7013 0.0000
vt 0.9837 0.6052 0.0000
vt 0.9837 0.7013 0.0000
vt 0.9809 0.6052 0.0000
vt 0.9809 0.7013 0.0000
vt 0.9779 0.6052 0.0000
vt 0.9779 0.7014 0.0000
vt 0.9749 0.6052 0.0000
vt 0.9749 0.7014 0.0000
vt 0.2324 0.5752 0.0000
vt 0.2288 0.5752 0.0000
vt 0.2289 0.5901 0.0000
vt 0.2324 0.5901 0.0000
vt 0.2574 0.5752 0.0000
vt 0.2537 0.5752 0.0000
vt 0.2536 0.5901 0.0000
vt 0.2574 0.5901 0.0000
vt 0.2500 0.5752 0.0000
vt 0.2500 0.5901 0.0000
vt 0.2466 0.5752 0.0000
vt 0.2465 0.5901 0.0000
vt 0.2431 0.5752 0.0000
vt 0.2431 0.5901 0.0000
vt 0.2395 0.5752 0.0000
vt 0.2395 0.5902 0.0000
vt 0.2359 0.5752 0.0000
vt 0.2360 0.5901 0.0000
vt 0.5563 0.2212 0.0000
vt 0.5466 0.2117 0.0000
vt 0.5325 0.2118 0.0000
vt 0.5222 0.2215 0.0000
vt 0.5218 0.2351 0.0000
vt 0.5315 0.2446 0.0000
vt 0.5456 0.2445 0.0000
vt 0.5559 0.2348 0.0000
vt 0.5364 0.3487 0.0000
vt 0.5505 0.3486 0.0000
vt 0.5608 0.3389 0.0000
vt 0.5612 0.3253 0.0000
vt 0.5514 0.3158 0.0000
vt 0.5373 0.3159 0.0000
vt 0.5271 0.3256 0.0000
vt 0.5267 0.3392 0.0000
vt 0.3499 0.7468 0.0000
vt 0.3345 0.7468 0.0000
vt 0.3345 0.7237 0.0000
vt 0.3499 0.7237 0.0000
vt 0.3224 0.7468 0.0000
vt 0.3224 0.7237 0.0000
vt 0.3070 0.7468 0.0000
vt 0.3070 0.7237 0.0000
vt 0.2901 0.7468 0.0000
vt 0.2901 0.7237 0.0000
vt 0.2743 0.7468 0.0000
vt 0.2743 0.7237 0.0000
vt 0.2621 0.7468 0.0000
vt 0.2621 0.7237 0.0000
vt 0.2469 0.7468 0.0000
vt 0.2469 0.7237 0.0000
vt 0.2303 0.7468 0.0000
vt 0.2303 0.7237 0.0000
vt 0.2148 0.7468 0.0000
vt 0.2148 0.7237 0.0000
vt 0.2028 0.7468 0.0000
vt 0.2028 0.7237 0.0000
vt 0.4421 0.7468 0.0000
vt 0.4266 0.7468 0.0000
vt 0.4266 0.7237 0.0000
vt 0.4421 0.7237 0.0000
vt 0.4097 0.7468 0.0000
vt 0.4097 0.7237 0.0000
vt 0.3939 0.7468 0.0000
vt 0.3939 0.7237 0.0000
vt 0.3817 0.7468 0.0000
vt 0.3817 0.7237 0.0000
vt 0.3665 0.7468 0.0000
vt 0.3665 0.7237 0.0000
vt 0.7729 0.2542 0.0000
vt 0.7784 0.2542 0.0000
vt 0.7784 0.2565 0.0000
vt 0.7729 0.2565 0.0000
vt 0.7826 0.2542 0.0000
vt 0.7826 0.2565 0.0000
vt 0.6980 0.2542 0.0000
vt 0.7034 0.2542 0.0000
vt 0.7034 0.2565 0.0000
vt 0.6980 0.2565 0.0000
vt 0.7094 0.2542 0.0000
vt 0.7094 0.2565 0.0000
vt 0.7149 0.2542 0.0000
vt 0.7149 0.2565 0.0000
vt 0.7192 0.2542 0.0000
vt 0.7192 0.2565 0.0000
vt 0.7246 0.2542 0.0000
vt 0.7246 0.2565 0.0000
vt 0.7304 0.2542 0.0000
vt 0.7304 0.2565 0.0000
vt 0.7359 0.2542 0.0000
vt 0.7359 0.2565 0.0000
vt 0.7401 0.2542 0.0000
vt 0.7401 0.2565 0.0000
vt 0.7460 0.2542 0.0000
vt 0.7460 0.2565 0.0000
vt 0.7516 0.2542 0.0000
vt 0.7516 0.2565 0.0000
vt 0.7558 0.2542 0.0000
vt 0.7558 0.2565 0.0000
vt 0.7617 0.2542 0.0000
vt 0.7617 0.2565 0.0000
vt 0.7671 0.2542 0.0000
vt 0.7671 0.2565 0.0000
vt 0.7179 0.1863 0.0000
vt 0.7180 0.1898 0.0000
vt 0.7194 0.1931 0.0000
vt 0.7219 0.1955 0.0000
vt 0.7252 0.1968 0.0000
vt 0.7287 0.1968 0.0000
vt 0.7320 0.1954 0.0000
vt 0.7344 0.1928 0.0000
vt 0.7357 0.1896 0.0000
vt 0.7357 0.1860 0.0000
vt 0.7343 0.1828 0.0000
vt 0.7317 0.1803 0.0000
vt 0.7285 0.1790 0.0000
vt 0.7249 0.1791 0.0000
vt 0.7217 0.1805 0.0000
vt 0.7192 0.1830 0.0000
vt 0.4741 0.2840 0.0000
vt 0.4220 0.2493 0.0000
vt 0.4127 0.2719 0.0000
vt 0.4127 0.2964 0.0000
vt 0.4618 0.2226 0.0000
vt 0.4392 0.2320 0.0000
vt 0.5088 0.2319 0.0000
vt 0.4862 0.2226 0.0000
vt 0.5355 0.2717 0.0000
vt 0.5261 0.2491 0.0000
vt 0.5262 0.3187 0.0000
vt 0.5355 0.2961 0.0000
vt 0.4865 0.3454 0.0000
vt 0.5090 0.3360 0.0000
vt 0.4394 0.3361 0.0000
vt 0.4620 0.3454 0.0000
vt 0.4221 0.3189 0.0000
vt 0.0100 0.0738 0.0000
vt 0.0064 0.0738 0.0000
vt 0.0064 0.0887 0.0000
vt 0.0100 0.0888 0.0000
vt 0.0350 0.0738 0.0000
vt 0.0312 0.0738 0.0000
vt 0.0312 0.0887 0.0000
vt 0.0350 0.0887 0.0000
vt 0.0276 0.0738 0.0000
vt 0.0276 0.0887 0.0000
vt 0.0242 0.0738 0.0000
vt 0.0241 0.0888 0.0000
vt 0.0207 0.0738 0.0000
vt 0.0207 0.0888 0.0000
vt 0.0171 0.0739 0.0000
vt 0.0171 0.0888 0.0000
vt 0.0135 0.0738 0.0000
vt 0.0135 0.0888 0.0000
vt 0.0764 0.0779 0.0000
vt 0.0713 0.0728 0.0000
vt 0.0638 0.0729 0.0000
vt 0.0583 0.0781 0.0000
vt 0.0581 0.0853 0.0000
vt 0.0633 0.0903 0.0000
vt 0.0708 0.0903 0.0000
vt 0.0762 0.0851 0.0000
vt 0.0429 0.0911 0.0000
vt 0.0505 0.0910 0.0000
vt 0.0559 0.0858 0.0000
vt 0.0561 0.0786 0.0000
vt 0.0510 0.0735 0.0000
vt 0.0435 0.0736 0.0000
vt 0.0380 0.0788 0.0000
vt 0.0378 0.0860 0.0000
vt 0.2030 0.7589 0.0000
vt 0.2030 0.7530 0.0000
vt 0.4419 0.7530 0.0000
vt 0.4419 0.7589 0.0000
vt 0.4419 0.7643 0.0000
vt 0.2030 0.7643 0.0000
vt 0.7575 0.1791 0.0000
vt 0.7659 0.1791 0.0000
vt 0.7659 0.1870 0.0000
vt 0.7575 0.1870 0.0000
vt 0.2030 0.7702 0.0000
vt 0.4419 0.7702 0.0000
vt 0.4419 0.7757 0.0000
vt 0.2030 0.7757 0.0000
vt 0.7659 0.1963 0.0000
vt 0.7574 0.1963 0.0000
vt 0.7574 0.1884 0.0000
vt 0.7659 0.1884 0.0000
vt 0.6452 0.9966 0.0000
vt 0.6452 0.7873 0.0000
vt 0.6365 0.7873 0.0000
vt 0.6365 0.9966 0.0000
vt 0.6280 0.7873 0.0000
vt 0.6280 0.9966 0.0000
vt 0.6195 0.7873 0.0000
vt 0.6195 0.9966 0.0000
vt 0.6110 0.7873 0.0000
vt 0.6110 0.9966 0.0000
vt 0.6025 0.7873 0.0000
vt 0.6024 0.9966 0.0000
vt 0.5938 0.7873 0.0000
vt 0.5938 0.9966 0.0000
vt 0.5850 0.7873 0.0000
vt 0.5848 0.9966 0.0000
vt 0.6540 0.9966 0.0000
vt 0.6542 0.7873 0.0000
vt 0.2949 0.5558 0.0000
vt 0.2946 0.5468 0.0000
vt 0.3013 0.5405 0.0000
vt 0.3111 0.5408 0.0000
vt 0.3183 0.5475 0.0000
vt 0.3186 0.5565 0.0000
vt 0.3119 0.5627 0.0000
vt 0.3021 0.5625 0.0000
vt 0.7042 0.1603 0.0000
vt 0.7120 0.1603 0.0000
vt 0.7120 0.1625 0.0000
vt 0.7042 0.1625 0.0000
vt 0.7196 0.1603 0.0000
vt 0.7196 0.1625 0.0000
vt 0.7271 0.1603 0.0000
vt 0.7271 0.1625 0.0000
vt 0.7350 0.1603 0.0000
vt 0.7350 0.1625 0.0000
vt 0.7601 0.1698 0.0000
vt 0.7655 0.1721 0.0000
vt 0.7633 0.1667 0.0000
vt 0.7601 0.1743 0.0000
vt 0.7632 0.1775 0.0000
vt 0.7677 0.1775 0.0000
vt 0.6963 0.1625 0.0000
vt 0.6963 0.1603 0.0000
vt 0.7579 0.1603 0.0000
vt 0.7579 0.1625 0.0000
vt 0.7504 0.1625 0.0000
vt 0.7504 0.1603 0.0000
vt 0.7428 0.1625 0.0000
vt 0.7428 0.1603 0.0000
vt 0.7678 0.1667 0.0000
vt 0.7709 0.1699 0.0000
vt 0.7709 0.1744 0.0000
vt 0.8958 0.1670 0.0000
vt 0.8818 0.1670 0.0000
vt 0.8818 0.1290 0.0000
vt 0.8958 0.1290 0.0000
vt 0.9895 0.1672 0.0000
vt 0.9766 0.1672 0.0000
vt 0.9766 0.1288 0.0000
vt 0.9895 0.1288 0.0000
vt 0.9638 0.1672 0.0000
vt 0.9638 0.1288 0.0000
vt 0.9495 0.1672 0.0000
vt 0.9495 0.1288 0.0000
vt 0.9099 0.1290 0.0000
vt 0.9099 0.1670 0.0000
vt 0.9226 0.1290 0.0000
vt 0.9226 0.1670 0.0000
vt 0.9353 0.1291 0.0000
vt 0.9353 0.1669 0.0000
vt -2.4746 0.8923 0.0000
vt -2.4380 0.9287 0.0000
vt -2.4392 0.9804 0.0000
vt -2.4775 1.0170 0.0000
vt -2.5306 1.0172 0.0000
vt -2.5672 0.9808 0.0000
vt -2.5661 0.9291 0.0000
vt -2.5277 0.8925 0.0000
vt 0.6834 0.3307 0.0000
vt 0.6820 0.3307 0.0000
vt 0.6820 0.2358 0.0000
vt 0.6834 0.2358 0.0000
vt 0.8734 0.3307 0.0000
vt 0.8734 0.3321 0.0000
vt 0.6834 0.3321 0.0000
vt 0.8734 0.2358 0.0000
vt 0.8748 0.2358 0.0000
vt 0.8748 0.3307 0.0000
vt 0.6834 0.2343 0.0000
vt 0.8734 0.2343 0.0000
vt 0.6914 0.3220 0.0000
vt 0.6914 0.2445 0.0000
vt 0.8641 0.2445 0.0000
vt 0.8641 0.3220 0.0000
vt 0.1573 0.6293 0.0000
vt 0.1573 0.6434 0.0000
vt 0.1008 0.6434 0.0000
vt 0.1008 0.6293 0.0000
vt 0.1573 0.5354 0.0000
vt 0.1008 0.5354 0.0000
vt 0.1008 0.5211 0.0000
vt 0.1573 0.5211 0.0000
vt 0.1008 0.5041 0.0000
vt 0.1573 0.5041 0.0000
vt 0.1573 0.6799 0.0000
vt 0.1008 0.6799 0.0000
vt 0.1008 0.6616 0.0000
vt 0.1573 0.6616 0.0000
vt 0.1008 0.6061 0.0000
vt 0.1573 0.6061 0.0000
vt 0.1008 0.5636 0.0000
vt 0.1573 0.5636 0.0000
vt 0.1008 0.5919 0.0000
vt 0.1573 0.5919 0.0000
vt 0.5599 0.4921 0.0000
vt 0.5595 0.4896 0.0000
vt 0.5622 0.4923 0.0000
vt 0.5644 0.4823 0.0000
vt 0.5689 0.4868 0.0000
vt 0.5651 0.4864 0.0000
vt 0.1573 0.6847 0.0000
vt 0.1008 0.6847 0.0000
vt 0.5689 0.5165 0.0000
vt 0.5651 0.5168 0.0000
vt 0.5427 0.4864 0.0000
vt 0.5427 0.4823 0.0000
vt 0.5644 0.5210 0.0000
vt 0.5427 0.5210 0.0000
vt 0.5427 0.5168 0.0000
vt 0.5595 0.5128 0.0000
vt 0.5599 0.5104 0.0000
vt 0.5622 0.5101 0.0000
vt 0.5464 0.5128 0.0000
vt 0.5464 0.5104 0.0000
vt 0.5464 0.4921 0.0000
vt 0.5464 0.4896 0.0000
vt 0.7252 0.1442 0.0000
vt 0.7307 0.1442 0.0000
vt 0.7307 0.1462 0.0000
vt 0.7252 0.1462 0.0000
vt 0.7349 0.1442 0.0000
vt 0.7349 0.1462 0.0000
vt 0.7409 0.1442 0.0000
vt 0.7409 0.1462 0.0000
vt 0.7464 0.1442 0.0000
vt 0.7464 0.1462 0.0000
vt 0.7506 0.1442 0.0000
vt 0.7506 0.1462 0.0000
vt 0.7565 0.1442 0.0000
vt 0.7565 0.1462 0.0000
vt 0.7619 0.1442 0.0000
vt 0.7619 0.1462 0.0000
vt 0.7678 0.1442 0.0000
vt 0.7678 0.1462 0.0000
vt 0.7732 0.1442 0.0000
vt 0.7732 0.1462 0.0000
vt 0.7774 0.1442 0.0000
vt 0.7774 0.1462 0.0000
vt 0.6927 0.1442 0.0000
vt 0.6982 0.1442 0.0000
vt 0.6982 0.1462 0.0000
vt 0.6927 0.1462 0.0000
vt 0.7041 0.1442 0.0000
vt 0.7041 0.1462 0.0000
vt 0.7097 0.1442 0.0000
vt 0.7097 0.1462 0.0000
vt 0.7140 0.1442 0.0000
vt 0.7140 0.1462 0.0000
vt 0.7194 0.1442 0.0000
vt 0.7194 0.1462 0.0000
vt 0.5861 0.2905 0.0000
vt 0.5613 0.2740 0.0000
vt 0.5569 0.2848 0.0000
vt 0.5569 0.2964 0.0000
vt 0.5802 0.2613 0.0000
vt 0.5695 0.2658 0.0000
vt 0.6026 0.2657 0.0000
vt 0.5918 0.2613 0.0000
vt 0.6153 0.2847 0.0000
vt 0.6108 0.2739 0.0000
vt 0.6109 0.3070 0.0000
vt 0.6153 0.2963 0.0000
vt 0.5920 0.3197 0.0000
vt 0.6027 0.3152 0.0000
vt 0.5696 0.3153 0.0000
vt 0.5804 0.3197 0.0000
vt 0.5614 0.3071 0.0000
vt 0.3013 0.5813 0.0000
vt 0.3072 0.5813 0.0000
vt 0.3072 0.5836 0.0000
vt 0.3013 0.5836 0.0000
vt 0.3126 0.5813 0.0000
vt 0.3126 0.5836 0.0000
vt 0.3168 0.5813 0.0000
vt 0.3168 0.5836 0.0000
vt 0.3228 0.5813 0.0000
vt 0.3228 0.5836 0.0000
vt 0.3283 0.5813 0.0000
vt 0.3283 0.5836 0.0000
vt 0.3325 0.5813 0.0000
vt 0.3325 0.5836 0.0000
vt 0.2479 0.5813 0.0000
vt 0.2533 0.5813 0.0000
vt 0.2533 0.5836 0.0000
vt 0.2479 0.5836 0.0000
vt 0.2591 0.5813 0.0000
vt 0.2591 0.5836 0.0000
vt 0.2646 0.5813 0.0000
vt 0.2646 0.5836 0.0000
vt 0.2688 0.5813 0.0000
vt 0.2688 0.5836 0.0000
vt 0.2748 0.5813 0.0000
vt 0.2748 0.5836 0.0000
vt 0.2803 0.5813 0.0000
vt 0.2803 0.5836 0.0000
vt 0.2846 0.5813 0.0000
vt 0.2846 0.5836 0.0000
vt 0.2905 0.5813 0.0000
vt 0.2905 0.5836 0.0000
vt 0.2959 0.5813 0.0000
vt 0.2959 0.5836 0.0000
vt 0.1933 0.8448 0.0000
vt 0.1625 0.8243 0.0000
vt 0.1570 0.8377 0.0000
vt 0.1571 0.8521 0.0000
vt 0.1860 0.8086 0.0000
vt 0.1727 0.8141 0.0000
vt 0.2137 0.8140 0.0000
vt 0.2004 0.8086 0.0000
vt 0.2295 0.8375 0.0000
vt 0.2239 0.8242 0.0000
vt 0.2240 0.8652 0.0000
vt 0.2295 0.8519 0.0000
vt 0.2006 0.8810 0.0000
vt 0.2139 0.8754 0.0000
vt 0.1728 0.8755 0.0000
vt 0.1862 0.8810 0.0000
vt 0.1626 0.8654 0.0000
vt 0.6778 0.8996 0.0000
vt 0.6674 0.8996 0.0000
vt 0.6674 0.7044 0.0000
vt 0.6778 0.7044 0.0000
vt 0.6806 0.7113 0.0000
vt 0.6806 0.8927 0.0000
vt 0.6843 0.7113 0.0000
vt 0.6843 0.8927 0.0000
vt 0.6816 0.9082 0.0000
vt 0.6678 0.9082 0.0000
vt 0.6678 0.9016 0.0000
vt 0.6816 0.9016 0.0000
vt 0.6831 0.9017 0.0000
vt 0.6968 0.9017 0.0000
vt 0.6968 0.9083 0.0000
vt 0.6831 0.9083 0.0000
vt 0.6975 0.8996 0.0000
vt 0.6870 0.8996 0.0000
vt 0.6870 0.7044 0.0000
vt 0.6975 0.7044 0.0000
vt 0.5731 0.9946 0.0000
vt 0.5731 0.7929 0.0000
vt 0.3983 0.4644 0.0000
vt 0.4146 0.4644 0.0000
vt 0.4146 0.4915 0.0000
vt 0.3983 0.4915 0.0000
vt 0.3753 0.4647 0.0000
vt 0.3753 0.4810 0.0000
vt 0.3736 0.4810 0.0000
vt 0.3736 0.4647 0.0000
vt 0.3980 0.1075 0.0000
vt 0.3809 0.1075 0.0000
vt 0.3809 0.0972 0.0000
vt 0.3980 0.0972 0.0000
vt 0.3729 0.6641 0.0000
vt 0.3729 0.4637 0.0000
vt 0.3966 0.4637 0.0000
vt 0.3966 0.6641 0.0000
vt 0.4172 0.4637 0.0000
vt 0.4172 0.6641 0.0000
vt 0.3578 0.4637 0.0000
vt 0.3578 0.6641 0.0000
vt 0.3729 0.4490 0.0000
vt 0.3966 0.4490 0.0000
vt 0.3966 0.6884 0.0000
vt 0.3729 0.6884 0.0000
vt 0.1020 0.0972 0.0000
vt 0.1020 0.1390 0.0000
vt 0.1017 0.1406 0.0000
vt 0.1007 0.1415 0.0000
vt 0.0992 0.1418 0.0000
vt 0.0136 0.1418 0.0000
vt 0.0121 0.1415 0.0000
vt 0.0111 0.1406 0.0000
vt 0.0108 0.1390 0.0000
vt 0.0108 0.0972 0.0000
vt 0.0111 0.0956 0.0000
vt 0.0121 0.0947 0.0000
vt 0.0136 0.0944 0.0000
vt 0.0992 0.0944 0.0000
vt 0.1007 0.0947 0.0000
vt 0.1017 0.0956 0.0000
vt 0.9847 0.0128 0.0000
vt 0.9432 0.0128 0.0000
vt 0.9432 0.0611 0.0000
vt 0.9847 0.0611 0.0000
vt 0.9025 0.0128 0.0000
vt 0.9025 0.0611 0.0000
vt 0.8740 0.0128 0.0000
vt 0.8740 0.0611 0.0000
vt 0.8447 0.0128 0.0000
vt 0.8447 0.0611 0.0000
vt 0.7006 0.0611 0.0000
vt 0.7340 0.0611 0.0000
vt 0.7340 0.0128 0.0000
vt 0.7006 0.0128 0.0000
vt 0.7625 0.0611 0.0000
vt 0.7625 0.0128 0.0000
vt 0.8032 0.0611 0.0000
vt 0.8032 0.0128 0.0000
vt 0.7413 0.2486 0.0000
vt 0.7486 0.2486 0.0000
vt 0.7486 0.2513 0.0000
vt 0.7413 0.2513 0.0000
vt 0.7543 0.2486 0.0000
vt 0.7543 0.2513 0.0000
vt 0.7615 0.2486 0.0000
vt 0.7615 0.2513 0.0000
vt 0.7695 0.2486 0.0000
vt 0.7695 0.2513 0.0000
vt 0.7769 0.2486 0.0000
vt 0.7769 0.2513 0.0000
vt 0.7827 0.2486 0.0000
vt 0.7827 0.2513 0.0000
vt 0.6929 0.1378 0.0000
vt 0.7149 0.1378 0.0000
vt 0.7149 0.1415 0.0000
vt 0.6929 0.1415 0.0000
vt 0.7351 0.1378 0.0000
vt 0.7351 0.1415 0.0000
vt 0.7570 0.1378 0.0000
vt 0.7570 0.1415 0.0000
vt 0.7774 0.1378 0.0000
vt 0.7774 0.1415 0.0000
vt 0.6979 0.2486 0.0000
vt 0.7052 0.2486 0.0000
vt 0.7052 0.2513 0.0000
vt 0.6979 0.2513 0.0000
vt 0.7132 0.2486 0.0000
vt 0.7132 0.2513 0.0000
vt 0.7206 0.2486 0.0000
vt 0.7206 0.2513 0.0000
vt 0.7263 0.2486 0.0000
vt 0.7263 0.2513 0.0000
vt 0.7335 0.2486 0.0000
vt 0.7335 0.2513 0.0000
vt 0.6099 0.2761 0.0000
vt 0.5578 0.2415 0.0000
vt 0.5485 0.2640 0.0000
vt 0.5486 0.2885 0.0000
vt 0.5976 0.2148 0.0000
vt 0.5750 0.2241 0.0000
vt 0.6446 0.2240 0.0000
vt 0.6220 0.2147 0.0000
vt 0.6713 0.2638 0.0000
vt 0.6619 0.2412 0.0000
vt 0.6620 0.3108 0.0000
vt 0.6713 0.2882 0.0000
vt 0.6223 0.3375 0.0000
vt 0.6448 0.3281 0.0000
vt 0.5753 0.3282 0.0000
vt 0.5978 0.3375 0.0000
vt 0.5580 0.3110 0.0000
vt 0.5832 0.2913 0.0000
vt 0.5590 0.2752 0.0000
vt 0.5547 0.2857 0.0000
vt 0.5548 0.2970 0.0000
vt 0.5775 0.2629 0.0000
vt 0.5670 0.2672 0.0000
vt 0.5992 0.2671 0.0000
vt 0.5888 0.2628 0.0000
vt 0.6116 0.2855 0.0000
vt 0.6072 0.2751 0.0000
vt 0.6073 0.3073 0.0000
vt 0.6116 0.2969 0.0000
vt 0.5889 0.3197 0.0000
vt 0.5993 0.3153 0.0000
vt 0.5671 0.3154 0.0000
vt 0.5776 0.3197 0.0000
vt 0.5591 0.3074 0.0000
vt 0.1766 0.7974 0.0000
vt 0.1618 0.7974 0.0000
vt 0.1618 0.7169 0.0000
vt 0.1767 0.7169 0.0000
vt 0.1472 0.7974 0.0000
vt 0.1473 0.7169 0.0000
vt 0.1329 0.7974 0.0000
vt 0.1329 0.7169 0.0000
vt 0.1185 0.7974 0.0000
vt 0.1185 0.7169 0.0000
vt 0.1042 0.7974 0.0000
vt 0.1042 0.7169 0.0000
vt 0.0899 0.7974 0.0000
vt 0.0899 0.7169 0.0000
vt 0.0756 0.7974 0.0000
vt 0.0756 0.7169 0.0000
vt 0.0613 0.7974 0.0000
vt 0.0613 0.7169 0.0000
vt 0.0467 0.7974 0.0000
vt 0.0468 0.7169 0.0000
vt 0.0319 0.7974 0.0000
vt 0.0320 0.7169 0.0000
vt 0.0166 0.7974 0.0000
vt 0.0167 0.7169 0.0000
vt 0.1920 0.7974 0.0000
vt 0.1921 0.7170 0.0000
vt 0.7148 0.1347 0.0000
vt 0.7091 0.1347 0.0000
vt 0.7091 0.1330 0.0000
vt 0.7148 0.1330 0.0000
vt 0.7050 0.1347 0.0000
vt 0.7050 0.1330 0.0000
vt 0.6994 0.1347 0.0000
vt 0.6994 0.1330 0.0000
vt 0.6938 0.1347 0.0000
vt 0.6938 0.1330 0.0000
vt 0.7553 0.1347 0.0000
vt 0.7512 0.1347 0.0000
vt 0.7512 0.1330 0.0000
vt 0.7553 0.1330 0.0000
vt 0.7456 0.1347 0.0000
vt 0.7456 0.1330 0.0000
vt 0.7399 0.1347 0.0000
vt 0.7399 0.1330 0.0000
vt 0.7358 0.1347 0.0000
vt 0.7358 0.1330 0.0000
vt 0.7302 0.1347 0.0000
vt 0.7302 0.1330 0.0000
vt 0.7245 0.1347 0.0000
vt 0.7245 0.1330 0.0000
vt 0.7204 0.1347 0.0000
vt 0.7204 0.1330 0.0000
vt 0.7258 0.3836 0.0000
vt 0.7136 0.3835 0.0000
vt 0.7030 0.3773 0.0000
vt 0.6970 0.3667 0.0000
vt 0.6971 0.3545 0.0000
vt 0.7033 0.3440 0.0000
vt 0.7139 0.3380 0.0000
vt 0.7261 0.3381 0.0000
vt 0.7366 0.3442 0.0000
vt 0.7426 0.3548 0.0000
vt 0.7425 0.3670 0.0000
vt 0.7364 0.3775 0.0000
vt 0.8536 0.2772 0.0000
vt 0.8454 0.2819 0.0000
vt 0.8359 0.2818 0.0000
vt 0.8277 0.2770 0.0000
vt 0.8230 0.2688 0.0000
vt 0.8231 0.2593 0.0000
vt 0.8279 0.2511 0.0000
vt 0.8361 0.2464 0.0000
vt 0.8456 0.2465 0.0000
vt 0.8538 0.2513 0.0000
vt 0.8585 0.2595 0.0000
vt 0.8584 0.2690 0.0000
vt 0.7230 0.2016 0.0000
vt 0.7163 0.2016 0.0000
vt 0.7163 0.1993 0.0000
vt 0.7230 0.1993 0.0000
vt 0.7115 0.2016 0.0000
vt 0.7115 0.1993 0.0000
vt 0.7048 0.2016 0.0000
vt 0.7048 0.1993 0.0000
vt 0.6982 0.2016 0.0000
vt 0.6982 0.1993 0.0000
vt 0.7708 0.2016 0.0000
vt 0.7659 0.2016 0.0000
vt 0.7659 0.1993 0.0000
vt 0.7708 0.1993 0.0000
vt 0.7592 0.2016 0.0000
vt 0.7592 0.1993 0.0000
vt 0.7526 0.2016 0.0000
vt 0.7526 0.1993 0.0000
vt 0.7477 0.2016 0.0000
vt 0.7477 0.1993 0.0000
vt 0.7411 0.2016 0.0000
vt 0.7411 0.1993 0.0000
vt 0.7345 0.2016 0.0000
vt 0.7345 0.1993 0.0000
vt 0.7296 0.2016 0.0000
vt 0.7296 0.1993 0.0000
vt 0.8579 0.1973 0.0000
vt 0.8493 0.1973 0.0000
vt 0.8420 0.1930 0.0000
vt 0.8378 0.1856 0.0000
vt 0.8379 0.1770 0.0000
vt 0.8422 0.1697 0.0000
vt 0.8496 0.1655 0.0000
vt 0.8581 0.1656 0.0000
vt 0.8654 0.1699 0.0000
vt 0.8696 0.1773 0.0000
vt 0.8696 0.1858 0.0000
vt 0.8653 0.1931 0.0000
vt 0.8272 0.2885 0.0000
vt 0.8351 0.2841 0.0000
vt 0.8441 0.2841 0.0000
vt 0.8518 0.2887 0.0000
vt 0.8563 0.2965 0.0000
vt 0.8562 0.3055 0.0000
vt 0.8517 0.3133 0.0000
vt 0.8438 0.3177 0.0000
vt 0.8348 0.3176 0.0000
vt 0.8271 0.3131 0.0000
vt 0.8226 0.3053 0.0000
vt 0.8227 0.2963 0.0000
vt 0.4204 0.7837 0.0000
vt 0.4422 0.7837 0.0000
vt 0.4422 0.7960 0.0000
vt 0.4204 0.7960 0.0000
vt 0.2037 0.7837 0.0000
vt 0.2197 0.7837 0.0000
vt 0.2197 0.7960 0.0000
vt 0.2037 0.7960 0.0000
vt 0.2415 0.7837 0.0000
vt 0.2415 0.7960 0.0000
vt 0.2634 0.7837 0.0000
vt 0.2634 0.7960 0.0000
vt 0.2793 0.7837 0.0000
vt 0.2793 0.7960 0.0000
vt 0.3012 0.7837 0.0000
vt 0.3012 0.7960 0.0000
vt 0.3230 0.7837 0.0000
vt 0.3230 0.7960 0.0000
vt 0.3390 0.7837 0.0000
vt 0.3390 0.7960 0.0000
vt 0.3608 0.7837 0.0000
vt 0.3608 0.7960 0.0000
vt 0.3826 0.7837 0.0000
vt 0.3826 0.7960 0.0000
vt 0.3986 0.7837 0.0000
vt 0.3986 0.7960 0.0000
vt 0.4394 0.9813 0.0000
vt 0.4191 0.9929 0.0000
vt 0.3957 0.9927 0.0000
vt 0.3755 0.9809 0.0000
vt 0.3640 0.9605 0.0000
vt 0.3642 0.9371 0.0000
vt 0.3760 0.9170 0.0000
vt 0.3963 0.9054 0.0000
vt 0.4197 0.9056 0.0000
vt 0.4399 0.9174 0.0000
vt 0.4514 0.9378 0.0000
vt 0.4513 0.9611 0.0000
vt 0.8512 0.9887 0.0000
vt 0.8379 0.9887 0.0000
vt 0.8380 0.9399 0.0000
vt 0.8513 0.9399 0.0000
vt 0.9895 0.9887 0.0000
vt 0.9763 0.9887 0.0000
vt 0.9763 0.9398 0.0000
vt 0.9896 0.9399 0.0000
vt 0.9635 0.9887 0.0000
vt 0.9635 0.9398 0.0000
vt 0.9510 0.9887 0.0000
vt 0.9510 0.9398 0.0000
vt 0.9386 0.9887 0.0000
vt 0.9386 0.9398 0.0000
vt 0.9262 0.9887 0.0000
vt 0.9262 0.9398 0.0000
vt 0.9138 0.9887 0.0000
vt 0.9138 0.9398 0.0000
vt 0.9015 0.9887 0.0000
vt 0.9015 0.9398 0.0000
vt 0.8891 0.9887 0.0000
vt 0.8891 0.9398 0.0000
vt 0.8767 0.9887 0.0000
vt 0.8767 0.9398 0.0000
vt 0.8641 0.9887 0.0000
vt 0.8641 0.9398 0.0000
vt 0.1080 0.6912 0.0000
vt 0.1158 0.6912 0.0000
vt 0.1158 0.7058 0.0000
vt 0.1080 0.7058 0.0000
vt 0.1234 0.6912 0.0000
vt 0.1234 0.7058 0.0000
vt 0.1309 0.6912 0.0000
vt 0.1309 0.7058 0.0000
vt 0.1383 0.6912 0.0000
vt 0.1383 0.7058 0.0000
vt 0.1457 0.6912 0.0000
vt 0.1457 0.7058 0.0000
vt 0.1531 0.6912 0.0000
vt 0.1531 0.7058 0.0000
vt 0.1606 0.6912 0.0000
vt 0.1606 0.7058 0.0000
vt 0.1680 0.6912 0.0000
vt 0.1680 0.7058 0.0000
vt 0.1756 0.6912 0.0000
vt 0.1756 0.7058 0.0000
vt 0.1833 0.6912 0.0000
vt 0.1833 0.7058 0.0000
vt 0.1912 0.6912 0.0000
vt 0.1912 0.7058 0.0000
vt 0.1002 0.6912 0.0000
vt 0.1002 0.7058 0.0000
vt 0.5479 0.5286 0.0000
vt 0.5591 0.5286 0.0000
vt 0.5591 0.5778 0.0000
vt 0.5480 0.5778 0.0000
vt 0.4303 0.5286 0.0000
vt 0.4415 0.5286 0.0000
vt 0.4415 0.5778 0.0000
vt 0.4304 0.5778 0.0000
vt 0.4524 0.5286 0.0000
vt 0.4524 0.5778 0.0000
vt 0.4631 0.5286 0.0000
vt 0.4631 0.5778 0.0000
vt 0.4737 0.5286 0.0000
vt 0.4737 0.5778 0.0000
vt 0.4842 0.5286 0.0000
vt 0.4842 0.5778 0.0000
vt 0.4947 0.5286 0.0000
vt 0.4947 0.5778 0.0000
vt 0.5052 0.5286 0.0000
vt 0.5051 0.5778 0.0000
vt 0.5157 0.5286 0.0000
vt 0.5157 0.5778 0.0000
vt 0.5263 0.5286 0.0000
vt 0.5263 0.5778 0.0000
vt 0.5370 0.5286 0.0000
vt 0.5370 0.5778 0.0000
vt 0.4158 0.9774 0.0000
vt 0.4013 0.9772 0.0000
vt 0.3888 0.9699 0.0000
vt 0.3816 0.9573 0.0000
vt 0.3817 0.9428 0.0000
vt 0.3890 0.9302 0.0000
vt 0.4016 0.9231 0.0000
vt 0.4161 0.9232 0.0000
vt 0.4286 0.9305 0.0000
vt 0.4358 0.9431 0.0000
vt 0.4358 0.9576 0.0000
vt 0.4285 0.9702 0.0000
vt 0.4294 0.8832 0.0000
vt 0.4152 0.8913 0.0000
vt 0.3990 0.8911 0.0000
vt 0.3850 0.8829 0.0000
vt 0.3769 0.8688 0.0000
vt 0.3769 0.8525 0.0000
vt 0.3851 0.8385 0.0000
vt 0.3993 0.8305 0.0000
vt 0.4155 0.8306 0.0000
vt 0.4296 0.8388 0.0000
vt 0.4376 0.8529 0.0000
vt 0.4376 0.8692 0.0000
vt 0.6947 0.6206 0.0000
vt 0.6947 0.6291 0.0000
vt 0.6694 0.6291 0.0000
vt 0.6694 0.6206 0.0000
vt 0.6947 0.6354 0.0000
vt 0.6694 0.6354 0.0000
vt 0.6947 0.6439 0.0000
vt 0.6694 0.6439 0.0000
vt 0.6947 0.6524 0.0000
vt 0.6694 0.6524 0.0000
vt 0.6947 0.6587 0.0000
vt 0.6694 0.6587 0.0000
vt 0.6947 0.6672 0.0000
vt 0.6694 0.6672 0.0000
vt 0.6947 0.6758 0.0000
vt 0.6694 0.6758 0.0000
vt 0.6947 0.6820 0.0000
vt 0.6694 0.6820 0.0000
vt 0.6947 0.6905 0.0000
vt 0.6694 0.6905 0.0000
vt 0.6947 0.6991 0.0000
vt 0.6694 0.6991 0.0000
vt 0.6947 0.6058 0.0000
vt 0.6947 0.6120 0.0000
vt 0.6694 0.6120 0.0000
vt 0.6694 0.6058 0.0000
vt 0.3761 0.8100 0.0000
vt 0.3688 0.8100 0.0000
vt 0.3688 0.8061 0.0000
vt 0.3761 0.8061 0.0000
vt 0.3635 0.8100 0.0000
vt 0.3635 0.8061 0.0000
vt 0.4427 0.8100 0.0000
vt 0.4354 0.8100 0.0000
vt 0.4354 0.8061 0.0000
vt 0.4427 0.8061 0.0000
vt 0.4282 0.8100 0.0000
vt 0.4282 0.8061 0.0000
vt 0.4229 0.8100 0.0000
vt 0.4229 0.8061 0.0000
vt 0.4156 0.8100 0.0000
vt 0.4156 0.8061 0.0000
vt 0.4084 0.8100 0.0000
vt 0.4084 0.8061 0.0000
vt 0.4031 0.8100 0.0000
vt 0.4031 0.8061 0.0000
vt 0.3959 0.8100 0.0000
vt 0.3959 0.8061 0.0000
vt 0.3886 0.8100 0.0000
vt 0.3886 0.8061 0.0000
vt 0.3833 0.8100 0.0000
vt 0.3833 0.8061 0.0000
vt 0.4338 0.8320 0.0000
vt 0.4438 0.8497 0.0000
vt 0.4437 0.8700 0.0000
vt 0.4334 0.8875 0.0000
vt 0.4158 0.8975 0.0000
vt 0.3955 0.8974 0.0000
vt 0.3779 0.8871 0.0000
vt 0.3679 0.8694 0.0000
vt 0.3681 0.8491 0.0000
vt 0.3783 0.8316 0.0000
vt 0.3960 0.8216 0.0000
vt 0.4163 0.8217 0.0000
vt 0.7443 0.7436 0.0000
vt 0.7345 0.7492 0.0000
vt 0.7232 0.7491 0.0000
vt 0.7134 0.7434 0.0000
vt 0.7078 0.7335 0.0000
vt 0.7079 0.7222 0.0000
vt 0.7136 0.7124 0.0000
vt 0.7235 0.7068 0.0000
vt 0.7348 0.7069 0.0000
vt 0.7446 0.7127 0.0000
vt 0.7502 0.7225 0.0000
vt 0.7501 0.7338 0.0000
vt 0.7677 0.9790 0.0000
vt 0.7584 0.9625 0.0000
vt 0.7585 0.9435 0.0000
vt 0.7681 0.9271 0.0000
vt 0.7846 0.9177 0.0000
vt 0.8037 0.9179 0.0000
vt 0.8200 0.9275 0.0000
vt 0.8294 0.9440 0.0000
vt 0.8293 0.9630 0.0000
vt 0.8197 0.9794 0.0000
vt 0.8031 0.9888 0.0000
vt 0.7841 0.9887 0.0000
vt 0.8784 0.8598 0.0000
vt 0.8773 0.8785 0.0000
vt 0.8670 0.8941 0.0000
vt 0.8502 0.9024 0.0000
vt 0.8315 0.9013 0.0000
vt 0.8159 0.8910 0.0000
vt 0.8076 0.8742 0.0000
vt 0.8087 0.8555 0.0000
vt 0.8190 0.8399 0.0000
vt 0.8358 0.8316 0.0000
vt 0.8544 0.8327 0.0000
vt 0.8701 0.8430 0.0000
vt 0.4300 0.5848 0.0000
vt 0.4470 0.5920 0.0000
vt 0.4468 0.6301 0.0000
vt 0.4297 0.6370 0.0000
vt 0.4299 0.6442 0.0000
vt 0.4292 0.6425 0.0000
vt 0.4461 0.6349 0.0000
vt 0.4471 0.6372 0.0000
vt 0.4476 0.6318 0.0000
vt 0.4307 0.6394 0.0000
vt 0.4468 0.6895 0.0000
vt 0.4297 0.6823 0.0000
vt 0.7198 0.1286 0.0000
vt 0.7198 0.1247 0.0000
vt 0.7930 0.1247 0.0000
vt 0.7930 0.1286 0.0000
vt 0.9896 0.0760 0.0000
vt 0.9896 0.1102 0.0000
vt 0.9842 0.1194 0.0000
vt 0.8547 0.1192 0.0000
vt 0.8488 0.1100 0.0000
vt 0.8489 0.0759 0.0000
vt 0.7989 0.1286 0.0000
vt 0.7989 0.1247 0.0000
vt 0.8181 0.1247 0.0000
vt 0.8181 0.1286 0.0000
vt 0.7137 0.1247 0.0000
vt 0.7137 0.1286 0.0000
vt 0.6945 0.1286 0.0000
vt 0.6945 0.1247 0.0000
vt 0.8375 0.0768 0.0000
vt 0.8375 0.1109 0.0000
vt 0.8316 0.1202 0.0000
vt 0.7022 0.1200 0.0000
vt 0.6967 0.1107 0.0000
vt 0.6968 0.0766 0.0000
vt 0.9894 0.5945 0.0000
vt 0.9894 0.5590 0.0000
vt 0.9919 0.5590 0.0000
vt 0.9919 0.5945 0.0000
vt 0.3028 0.5646 0.0000
vt 0.3067 0.5392 0.0000
vt 0.2295 0.5410 0.0000
vt 0.2347 0.5658 0.0000
vt 0.2284 0.5399 0.0000
vt 0.2324 0.5650 0.0000
vt 0.3017 0.5651 0.0000
vt 0.3057 0.5398 0.0000
vt 0.9563 0.4658 0.0000
vt 0.9563 0.4705 0.0000
vt 0.9620 0.4705 0.0000
vt 0.9620 0.4658 0.0000
vt 0.9407 0.4705 0.0000
vt 0.9407 0.4658 0.0000
vt 0.9350 0.4658 0.0000
vt 0.9350 0.4705 0.0000
vt 0.6194 0.9012 0.0000
vt 0.6220 0.9012 0.0000
vt 0.6219 0.8726 0.0000
vt 0.6193 0.8726 0.0000
vt 0.6490 0.9013 0.0000
vt 0.6490 0.8726 0.0000
vt 0.5897 0.9014 0.0000
vt 0.5923 0.9014 0.0000
vt 0.5923 0.8728 0.0000
vt 0.5897 0.8728 0.0000
vt 0.5923 0.8702 0.0000
vt 0.6193 0.8701 0.0000
vt 0.5923 0.9039 0.0000
vt 0.6194 0.9038 0.0000
vt 0.4911 0.2697 0.0000
vt 0.4940 0.2697 0.0000
vt 0.4939 0.2374 0.0000
vt 0.4911 0.2374 0.0000
vt 0.5245 0.2698 0.0000
vt 0.5245 0.2374 0.0000
vt 0.4576 0.2700 0.0000
vt 0.4605 0.2700 0.0000
vt 0.4605 0.2376 0.0000
vt 0.4576 0.2376 0.0000
vt 0.4605 0.2346 0.0000
vt 0.4911 0.2345 0.0000
vt 0.4605 0.2728 0.0000
vt 0.4911 0.2727 0.0000
vt 0.4739 0.0440 0.0000
vt 0.4772 0.0440 0.0000
vt 0.4771 0.0075 0.0000
vt 0.4739 0.0074 0.0000
vt 0.5117 0.0442 0.0000
vt 0.5117 0.0075 0.0000
vt 0.4361 0.0443 0.0000
vt 0.4394 0.0443 0.0000
vt 0.4394 0.0077 0.0000
vt 0.4361 0.0077 0.0000
vt 0.4393 0.0044 0.0000
vt 0.4739 0.0042 0.0000
vt 0.4394 0.0475 0.0000
vt 0.4739 0.0473 0.0000
vt 0.0204 0.3412 0.0000
vt 0.0204 0.3151 0.0000
vt 0.0143 0.3151 0.0000
vt 0.0143 0.3412 0.0000
vt 0.0240 0.3412 0.0000
vt 0.0240 0.3151 0.0000
vt 0.0304 0.3412 0.0000
vt 0.0304 0.3151 0.0000
vt 0.0391 0.3412 0.0000
vt 0.0391 0.3151 0.0000
vt 0.0054 0.3151 0.0000
vt 0.0054 0.3412 0.0000
vt 0.0521 0.3412 0.0000
vt 0.0521 0.3151 0.0000
vt 0.0487 0.3151 0.0000
vt 0.0487 0.3412 0.0000
vt 0.0451 0.3151 0.0000
vt 0.0451 0.3412 0.0000
vt 0.9857 0.5945 0.0000
vt 0.9857 0.5590 0.0000
vt 0.9882 0.5590 0.0000
vt 0.9882 0.5945 0.0000
vt 0.2939 0.5597 0.0000
vt 0.2979 0.5343 0.0000
vt 0.2207 0.5361 0.0000
vt 0.2259 0.5608 0.0000
vt 0.2207 0.5351 0.0000
vt 0.2247 0.5603 0.0000
vt 0.2939 0.5604 0.0000
vt 0.2980 0.5350 0.0000
vt 0.9930 0.5945 0.0000
vt 0.9930 0.5618 0.0000
vt 0.9955 0.5618 0.0000
vt 0.9955 0.5945 0.0000
vt 0.3221 0.7102 0.0000
vt 0.3221 0.7185 0.0000
vt 0.2942 0.7185 0.0000
vt 0.2942 0.7102 0.0000
vt 0.3540 0.7102 0.0000
vt 0.3540 0.7185 0.0000
vt 0.3816 0.7102 0.0000
vt 0.3816 0.7185 0.0000
vt 0.4139 0.7102 0.0000
vt 0.4139 0.7185 0.0000
vt 0.4418 0.7102 0.0000
vt 0.4418 0.7185 0.0000
vt 0.2343 0.7102 0.0000
vt 0.2343 0.7185 0.0000
vt 0.2024 0.7185 0.0000
vt 0.2024 0.7102 0.0000
vt 0.2619 0.7102 0.0000
vt 0.2619 0.7185 0.0000
vt 0.1718 0.5898 0.0000
vt 0.1673 0.5824 0.0000
vt 0.1694 0.5741 0.0000
vt 0.1768 0.5696 0.0000
vt 0.1853 0.5717 0.0000
vt 0.1897 0.5790 0.0000
vt 0.1877 0.5874 0.0000
vt 0.1802 0.5918 0.0000
vt 0.1927 0.5888 0.0000
vt 0.1891 0.5811 0.0000
vt 0.1921 0.5732 0.0000
vt 0.1998 0.5697 0.0000
vt 0.2078 0.5726 0.0000
vt 0.2114 0.5803 0.0000
vt 0.2085 0.5882 0.0000
vt 0.2008 0.5917 0.0000
vt 0.2149 0.5886 0.0000
vt 0.2113 0.5810 0.0000
vt 0.2143 0.5731 0.0000
vt 0.2221 0.5696 0.0000
vt 0.2301 0.5725 0.0000
vt 0.2336 0.5802 0.0000
vt 0.2307 0.5881 0.0000
vt 0.2229 0.5916 0.0000
vt 0.2391 0.5902 0.0000
vt 0.2342 0.5833 0.0000
vt 0.2356 0.5750 0.0000
vt 0.2426 0.5701 0.0000
vt 0.2510 0.5715 0.0000
vt 0.2559 0.5784 0.0000
vt 0.2545 0.5867 0.0000
vt 0.2475 0.5916 0.0000
vt 0.2600 0.5898 0.0000
vt 0.2555 0.5824 0.0000
vt 0.2576 0.5741 0.0000
vt 0.2650 0.5696 0.0000
vt 0.2735 0.5717 0.0000
vt 0.2780 0.5790 0.0000
vt 0.2759 0.5874 0.0000
vt 0.2685 0.5918 0.0000
vt 0.2810 0.5888 0.0000
vt 0.2774 0.5811 0.0000
vt 0.2803 0.5732 0.0000
vt 0.2881 0.5697 0.0000
vt 0.2961 0.5726 0.0000
vt 0.2997 0.5803 0.0000
vt 0.2967 0.5882 0.0000
vt 0.2890 0.5917 0.0000
vt 0.3032 0.5886 0.0000
vt 0.2996 0.5810 0.0000
vt 0.3026 0.5731 0.0000
vt 0.3103 0.5696 0.0000
vt 0.3183 0.5725 0.0000
vt 0.3219 0.5802 0.0000
vt 0.3189 0.5881 0.0000
vt 0.3112 0.5916 0.0000
vt 0.3273 0.5902 0.0000
vt 0.3224 0.5833 0.0000
vt 0.3239 0.5750 0.0000
vt 0.3308 0.5701 0.0000
vt 0.3392 0.5715 0.0000
vt 0.3442 0.5784 0.0000
vt 0.3427 0.5867 0.0000
vt 0.3357 0.5916 0.0000
vt 0.0500 0.7071 0.0000
vt 0.0404 0.7071 0.0000
vt 0.0404 0.6113 0.0000
vt 0.0500 0.6113 0.0000
vt 0.0305 0.7071 0.0000
vt 0.0305 0.6113 0.0000
vt 0.0500 0.4555 0.0000
vt 0.0567 0.4555 0.0000
vt 0.0567 0.5272 0.0000
vt 0.0500 0.5272 0.0000
vt 0.0166 0.7071 0.0000
vt 0.0166 0.6113 0.0000
vt 0.0404 0.5631 0.0000
vt 0.0404 0.5272 0.0000
vt 0.0500 0.5631 0.0000
vt 0.0305 0.5631 0.0000
vt 0.0305 0.5272 0.0000
vt 0.0567 0.5925 0.0000
vt 0.0567 0.6113 0.0000
vt 0.0500 0.5925 0.0000
vt 0.0166 0.5631 0.0000
vt 0.0166 0.5272 0.0000
vt 0.0404 0.5757 0.0000
vt 0.0500 0.5757 0.0000
vt 0.0404 0.5925 0.0000
vt 0.0305 0.5757 0.0000
vt 0.0305 0.5925 0.0000
vt 0.0567 0.5757 0.0000
vt 0.0567 0.5631 0.0000
vt 0.0166 0.5757 0.0000
vt 0.0166 0.5925 0.0000
vt 0.0567 0.7071 0.0000
vt 0.0404 0.4555 0.0000
vt 0.0305 0.4555 0.0000
vt 0.0166 0.4555 0.0000
vt 0.0924 1.5902 0.0000
vt 0.0924 1.6051 0.0000
vt 0.0644 1.6051 0.0000
vt 0.0644 1.5902 0.0000
vt 0.0924 1.5786 0.0000
vt 0.0644 1.5786 0.0000
vt 0.0924 1.5637 0.0000
vt 0.0644 1.5637 0.0000
vt 0.0924 1.5474 0.0000
vt 0.0644 1.5474 0.0000
vt 0.0924 1.5322 0.0000
vt 0.0644 1.5322 0.0000
vt 0.0924 1.5204 0.0000
vt 0.0644 1.5204 0.0000
vt 0.0924 1.5057 0.0000
vt 0.0644 1.5057 0.0000
vt 0.0924 1.4897 0.0000
vt 0.0644 1.4897 0.0000
vt 0.0924 1.4748 0.0000
vt 0.0644 1.4748 0.0000
vt 0.0924 1.4632 0.0000
vt 0.0644 1.4632 0.0000
vt 0.0924 1.6791 0.0000
vt 0.0924 1.6940 0.0000
vt 0.0644 1.6940 0.0000
vt 0.0644 1.6791 0.0000
vt 0.0924 1.6628 0.0000
vt 0.0644 1.6628 0.0000
vt 0.0924 1.6476 0.0000
vt 0.0644 1.6476 0.0000
vt 0.0924 1.6358 0.0000
vt 0.0644 1.6358 0.0000
vt 0.0924 1.6211 0.0000
vt 0.0644 1.6211 0.0000
vt 0.7486 1.2513 0.0000
vt 0.7413 1.2513 0.0000
vt 0.7413 1.2486 0.0000
vt 0.7486 1.2486 0.0000
vt 0.7543 1.2513 0.0000
vt 0.7543 1.2486 0.0000
vt 0.7615 1.2513 0.0000
vt 0.7615 1.2486 0.0000
vt 0.7695 1.2513 0.0000
vt 0.7695 1.2486 0.0000
vt 0.7769 1.2513 0.0000
vt 0.7769 1.2486 0.0000
vt 0.7827 1.2513 0.0000
vt 0.7827 1.2486 0.0000
vt 0.7149 1.1415 0.0000
vt 0.6929 1.1415 0.0000
vt 0.6929 1.1378 0.0000
vt 0.7149 1.1378 0.0000
vt 0.7351 1.1415 0.0000
vt 0.7351 1.1378 0.0000
vt 0.7570 1.1415 0.0000
vt 0.7570 1.1378 0.0000
vt 0.7774 1.1415 0.0000
vt 0.7774 1.1378 0.0000
vt 0.7052 1.2513 0.0000
vt 0.6979 1.2513 0.0000
vt 0.6979 1.2486 0.0000
vt 0.7052 1.2486 0.0000
vt 0.7132 1.2513 0.0000
vt 0.7132 1.2486 0.0000
vt 0.7206 1.2513 0.0000
vt 0.7206 1.2486 0.0000
vt 0.7263 1.2513 0.0000
vt 0.7263 1.2486 0.0000
vt 0.7335 1.2513 0.0000
vt 0.7335 1.2486 0.0000
vt 0.7179 1.1863 0.0000
vt 0.7180 1.1898 0.0000
vt 0.7194 1.1931 0.0000
vt 0.7219 1.1955 0.0000
vt 0.7252 1.1968 0.0000
vt 0.7287 1.1968 0.0000
vt 0.7320 1.1954 0.0000
vt 0.7344 1.1928 0.0000
vt 0.7357 1.1896 0.0000
vt 0.7357 1.1860 0.0000
vt 0.7343 1.1828 0.0000
vt 0.7317 1.1803 0.0000
vt 0.7285 1.1790 0.0000
vt 0.7249 1.1791 0.0000
vt 0.7217 1.1805 0.0000
vt 0.7192 1.1830 0.0000
vt 0.9165 1.4136 0.0000
vt 0.8996 1.4023 0.0000
vt 0.8966 1.4096 0.0000
vt 0.8966 1.4176 0.0000
vt 0.9125 1.3937 0.0000
vt 0.9052 1.3967 0.0000
vt 0.9277 1.3967 0.0000
vt 0.9204 1.3937 0.0000
vt 0.9364 1.4096 0.0000
vt 0.9333 1.4023 0.0000
vt 0.9334 1.4248 0.0000
vt 0.9364 1.4175 0.0000
vt 0.9205 1.4334 0.0000
vt 0.9278 1.4304 0.0000
vt 0.9053 1.4304 0.0000
vt 0.9126 1.4335 0.0000
vt 0.8997 1.4249 0.0000
vt 0.5957 0.9966 0.0000
vt 0.6068 0.9966 0.0000
vt 0.6067 0.7872 0.0000
vt 0.5957 0.7872 0.0000
vt 0.6194 0.9966 0.0000
vt 0.6194 0.7872 0.0000
vt 0.6305 0.9966 0.0000
vt 0.6305 0.7872 0.0000
vt 0.5846 0.7872 0.0000
vt 0.6415 0.9966 0.0000
vt 0.6542 0.9966 0.0000
vt 0.6542 0.7872 0.0000
vt 0.6415 0.7872 0.0000
vt 0.6419 0.7873 0.0000
vt 0.6532 0.7873 0.0000
vt 0.6532 0.8827 0.0000
vt 0.6419 0.8827 0.0000
vt 0.6304 0.8827 0.0000
vt 0.6304 0.7873 0.0000
vt 0.6245 0.8827 0.0000
vt 0.6245 0.7873 0.0000
vt 0.6532 0.9406 0.0000
vt 0.6532 0.9867 0.0000
vt 0.6419 0.9867 0.0000
vt 0.6419 0.9406 0.0000
vt 0.6304 0.9406 0.0000
vt 0.6304 0.9867 0.0000
vt 0.6245 0.9406 0.0000
vt 0.6245 0.9867 0.0000
vt 0.6419 0.9910 0.0000
vt 0.6532 0.9910 0.0000
vt 0.6304 0.9910 0.0000
vt 0.6245 0.9910 0.0000
vt 0.6419 0.9966 0.0000
vt 0.6304 0.9966 0.0000
vt 0.6245 0.9966 0.0000
vt 0.5959 0.8827 0.0000
vt 0.5844 0.8827 0.0000
vt 0.5844 0.7873 0.0000
vt 0.5959 0.7873 0.0000
vt 0.6074 0.7873 0.0000
vt 0.6074 0.8827 0.0000
vt 0.5959 0.9867 0.0000
vt 0.5844 0.9867 0.0000
vt 0.5844 0.9406 0.0000
vt 0.5959 0.9406 0.0000
vt 0.6074 0.9406 0.0000
vt 0.6074 0.9867 0.0000
vt 0.5959 0.9910 0.0000
vt 0.5844 0.9910 0.0000
vt 0.6074 0.9910 0.0000
vt 0.5959 0.9966 0.0000
vt 0.5844 0.9966 0.0000
vt 0.6074 0.9966 0.0000
vt 0.3979 0.6366 0.0000
vt 0.4142 0.6366 0.0000
vt 0.4142 0.6636 0.0000
vt 0.3979 0.6636 0.0000
vt 0.3949 0.6459 0.0000
vt 0.3949 0.6622 0.0000
vt 0.3933 0.6622 0.0000
vt 0.3933 0.6459 0.0000
vt 0.1737 0.6806 0.0000
vt 0.1704 0.6752 0.0000
vt 0.1719 0.6691 0.0000
vt 0.1774 0.6659 0.0000
vt 0.1835 0.6674 0.0000
vt 0.1868 0.6728 0.0000
vt 0.1853 0.6789 0.0000
vt 0.1799 0.6821 0.0000
vt 0.1946 0.6802 0.0000
vt 0.1918 0.6743 0.0000
vt 0.1941 0.6682 0.0000
vt 0.2000 0.6655 0.0000
vt 0.2062 0.6677 0.0000
vt 0.2090 0.6736 0.0000
vt 0.2067 0.6797 0.0000
vt 0.2008 0.6824 0.0000
vt 0.2168 0.6801 0.0000
vt 0.2142 0.6745 0.0000
vt 0.2164 0.6687 0.0000
vt 0.2220 0.6661 0.0000
vt 0.2279 0.6683 0.0000
vt 0.2305 0.6739 0.0000
vt 0.2283 0.6797 0.0000
vt 0.2226 0.6823 0.0000
vt 0.2407 0.6809 0.0000
vt 0.2371 0.6759 0.0000
vt 0.2382 0.6698 0.0000
vt 0.2433 0.6662 0.0000
vt 0.2494 0.6672 0.0000
vt 0.2531 0.6723 0.0000
vt 0.2520 0.6784 0.0000
vt 0.2469 0.6820 0.0000
vt 0.3922 0.6286 0.0000
vt 0.3922 0.6491 0.0000
vt 0.3756 0.6286 0.0000
vt 0.4903 0.4636 0.0000
vt 0.5082 0.4636 0.0000
vt 0.5081 0.4622 0.0000
vt 0.4904 0.4622 0.0000
vt 0.5102 0.4634 0.0000
vt 0.5095 0.4620 0.0000
vt 0.5115 0.4616 0.0000
vt 0.5102 0.4611 0.0000
vt 0.5116 0.4278 0.0000
vt 0.5103 0.4283 0.0000
vt 0.5102 0.4261 0.0000
vt 0.5096 0.4274 0.0000
vt 0.5083 0.4258 0.0000
vt 0.5082 0.4272 0.0000
vt 0.4903 0.4258 0.0000
vt 0.4904 0.4272 0.0000
vt 0.4884 0.4261 0.0000
vt 0.4890 0.4274 0.0000
vt 0.4870 0.4278 0.0000
vt 0.4883 0.4283 0.0000
vt 0.4870 0.4616 0.0000
vt 0.4883 0.4611 0.0000
vt 0.4883 0.4633 0.0000
vt 0.4890 0.4620 0.0000
vt 0.1008 0.1919 0.0000
vt 0.1512 0.1919 0.0000
vt 0.1512 0.1868 0.0000
vt 0.1008 0.1868 0.0000
vt 0.1548 0.1919 0.0000
vt 0.1548 0.1868 0.0000
vt 0.1562 0.1919 0.0000
vt 0.1562 0.1868 0.0000
vt 0.2405 0.1919 0.0000
vt 0.2405 0.1868 0.0000
vt 0.2441 0.1919 0.0000
vt 0.2441 0.1868 0.0000
vt 0.2488 0.1919 0.0000
vt 0.2488 0.1868 0.0000
vt 0.2970 0.1919 0.0000
vt 0.2970 0.1868 0.0000
vt 0.3022 0.1919 0.0000
vt 0.3022 0.1868 0.0000
vt 0.0123 0.1919 0.0000
vt 0.0163 0.1919 0.0000
vt 0.0163 0.1868 0.0000
vt 0.0123 0.1868 0.0000
vt 0.0918 0.1919 0.0000
vt 0.0918 0.1868 0.0000
vt 0.0953 0.1919 0.0000
vt 0.0953 0.1868 0.0000
vt 0.1008 0.1845 0.0000
vt 0.1512 0.1845 0.0000
vt 0.1548 0.1845 0.0000
vt 0.1562 0.1845 0.0000
vt 0.2405 0.1845 0.0000
vt 0.2441 0.1845 0.0000
vt 0.2488 0.1845 0.0000
vt 0.2970 0.1845 0.0000
vt 0.3022 0.1845 0.0000
vt 0.0123 0.1845 0.0000
vt 0.0163 0.1845 0.0000
vt 0.0918 0.1845 0.0000
vt 0.0953 0.1845 0.0000
vt 0.6027 0.9539 0.0000
vt 0.6027 0.8956 0.0000
vt 0.5860 0.8956 0.0000
vt 0.5860 0.9539 0.0000
vt 0.6195 0.9539 0.0000
vt 0.6195 0.8956 0.0000
vt 0.6363 0.9539 0.0000
vt 0.6363 0.8956 0.0000
vt 0.6530 0.9539 0.0000
vt 0.6530 0.8956 0.0000
vt 0.6366 0.9539 0.0000
vt 0.6366 0.8956 0.0000
vt 0.6534 0.8956 0.0000
vt 0.6534 0.9539 0.0000
vt 0.6199 0.9539 0.0000
vt 0.6199 0.8956 0.0000
vt 0.6031 0.9539 0.0000
vt 0.6031 0.8956 0.0000
vt 0.5863 0.9539 0.0000
vt 0.5863 0.8956 0.0000
vt 0.5949 0.8956 0.0000
# 2174 texture coords

g ¶ÔÏó10296
usemtl Material__196a
s 1
f 1/1/1 2/2/2 3/3/2 4/4/2 5/5/1 
s 8
f 2/6/3 6/7/4 7/8/5 3/9/6 
f 1/10/7 8/11/8 6/12/4 2/13/3 
f 9/14/9 10/15/10 8/11/8 1/10/7 
f 11/16/11 12/17/12 10/15/10 9/14/9 
f 13/18/13 14/19/14 12/17/12 11/16/11 
f 5/20/15 15/21/16 14/19/14 13/18/13 
f 4/22/17 16/23/18 15/21/16 5/20/15 
f 3/9/6 7/8/5 16/23/18 4/22/17 
s 1
f 11/3/1 9/24/1 1/25/1 5/26/1 13/27/1 
s 8
f 17/28/19 18/29/20 19/30/21 20/31/22 
f 21/32/23 17/33/19 20/34/22 22/35/24 
f 23/36/25 21/32/23 22/35/24 24/37/26 
f 25/38/27 23/36/25 24/37/26 26/39/28 
f 27/40/29 25/38/27 26/39/28 28/41/30 
f 29/42/31 27/40/29 28/41/30 30/43/32 
f 31/44/33 29/42/31 30/43/32 32/45/34 
f 18/29/20 31/44/33 32/45/34 19/30/21 
f 20/31/22 19/30/21 7/30/5 6/31/4 
f 22/35/24 20/34/22 6/34/4 8/35/8 
f 24/37/26 22/35/24 8/35/8 10/37/10 
f 26/39/28 24/37/26 10/37/10 12/39/12 
f 28/41/30 26/39/28 12/39/12 14/41/14 
f 30/43/32 28/41/30 14/41/14 15/43/16 
f 32/45/34 30/43/32 15/43/16 16/45/18 
f 19/30/21 32/45/34 16/45/18 7/30/5 
s 1
f 33/3/35 34/2/35 35/1/36 36/5/36 37/4/35 
s 8
f 34/6/37 33/9/6 38/8/38 39/7/39 
f 35/10/40 34/13/37 39/12/39 40/11/41 
f 41/14/42 35/10/40 40/11/41 42/15/43 
f 43/16/44 41/14/42 42/15/43 44/17/45 
f 45/18/46 43/16/44 44/17/45 46/19/47 
f 36/20/48 45/18/46 46/19/47 47/21/49 
f 37/22/50 36/20/48 47/21/49 48/23/51 
f 33/9/6 37/22/50 48/23/51 38/8/38 
s 1
f 35/25/36 41/24/36 43/3/36 45/27/36 36/26/36 
s 8
f 17/28/19 49/31/52 50/30/53 18/29/20 
f 21/32/23 51/35/54 49/34/52 17/33/19 
f 23/36/25 52/37/55 51/35/54 21/32/23 
f 25/38/27 53/39/56 52/37/55 23/36/25 
f 27/40/29 54/41/57 53/39/56 25/38/27 
f 29/42/31 55/43/58 54/41/57 27/40/29 
f 31/44/33 56/45/59 55/43/58 29/42/31 
f 18/29/20 50/30/53 56/45/59 31/44/33 
f 49/31/52 39/31/39 38/30/38 50/30/53 
f 51/35/54 40/35/41 39/34/39 49/34/52 
f 52/37/55 42/37/43 40/35/41 51/35/54 
f 53/39/56 44/39/45 42/37/43 52/37/55 
f 54/41/57 46/41/47 44/39/45 53/39/56 
f 55/43/58 47/43/49 46/41/47 54/41/57 
f 56/45/59 48/45/51 47/43/49 55/43/58 
f 50/30/53 38/30/38 48/45/51 56/45/59 
usemtl Material__1286557106
s 1
f 57/46/60 58/47/60 59/48/60 60/49/60 
s 2
f 58/50/35 61/51/61 62/52/61 59/53/35 
f 61/51/61 63/54/62 64/55/62 62/52/61 
f 63/54/62 65/56/63 66/57/63 64/55/62 
s 1
f 65/56/11 67/58/64 68/59/64 66/57/11 
f 67/58/64 69/60/65 70/61/65 68/59/64 
s 2
f 69/60/66 71/62/67 72/63/67 70/61/66 
f 71/62/67 73/64/2 74/65/2 72/63/67 
s 1
f 73/64/68 75/66/69 76/67/69 74/65/68 
f 75/66/69 77/68/70 78/69/70 76/67/69 
s 2
f 77/68/6 79/70/71 80/71/71 78/69/6 
f 79/70/71 57/46/72 60/49/72 80/71/71 
s 1
f 81/72/73 82/72/73 83/72/73 84/72/73 85/72/73 86/72/73 87/72/73 88/72/73 89/72/73 90/72/73 91/72/73 92/72/73 
s 4
f 59/72/74 81/72/75 92/72/76 60/72/77 
f 62/72/78 82/72/79 81/72/75 59/72/74 
f 64/72/80 83/72/81 82/72/79 62/72/78 
f 66/72/82 84/72/83 83/72/81 64/72/80 
f 68/72/84 85/72/85 84/72/83 66/72/82 
f 70/72/86 86/72/87 85/72/85 68/72/84 
f 72/72/88 87/72/89 86/72/87 70/72/86 
f 74/72/90 88/72/91 87/72/89 72/72/88 
f 76/72/92 89/72/93 88/72/91 74/72/90 
f 78/72/94 90/72/95 89/72/93 76/72/92 
f 80/72/96 91/72/97 90/72/95 78/72/94 
f 60/72/77 92/72/76 91/72/97 80/72/96 
s 1
f 93/73/98 94/74/99 95/75/100 96/76/100 
f 97/77/101 93/73/98 96/76/100 98/78/102 
f 99/79/103 97/77/101 98/78/102 100/80/101 
f 101/81/103 99/79/103 100/80/101 102/82/104 
f 103/83/104 101/81/103 102/82/104 104/84/105 
f 105/85/101 103/83/104 104/84/105 106/86/99 
f 107/87/103 105/85/101 106/86/99 108/88/106 
f 109/89/103 107/87/103 108/88/106 110/90/101 
f 111/91/103 109/89/103 110/90/101 112/92/103 
f 113/93/103 111/91/103 112/92/103 114/94/98 
f 115/95/98 113/93/103 114/94/98 116/96/101 
f 94/74/99 115/95/98 116/96/101 95/75/100 
f 117/97/107 118/98/108 119/99/108 120/100/109 
f 121/101/110 117/97/107 120/100/109 122/102/110 
f 123/103/111 121/101/110 122/102/110 124/104/111 
f 125/105/112 123/106/111 124/107/111 126/108/112 
s 2
f 127/109/113 125/105/113 126/108/113 128/110/113 
s 1
f 129/111/114 127/109/114 128/110/114 130/112/114 
s 2
f 131/113/115 129/111/116 130/112/116 132/114/117 
f 133/115/118 131/113/115 132/114/117 134/116/118 
f 135/117/119 133/115/118 134/116/118 136/118/119 
f 137/119/120 135/117/119 136/118/119 138/120/120 
s 1
f 139/121/44 137/119/44 138/120/44 140/122/44 
s 2
f 118/98/121 139/121/121 140/122/121 119/99/121 
s 1
f 141/72/122 142/72/122 143/72/122 144/72/123 
f 145/72/124 146/72/125 141/72/122 144/72/123 
f 145/72/124 144/72/123 147/72/123 
f 148/72/123 149/72/123 147/72/123 144/72/123 
f 148/72/123 144/72/123 150/72/126 
f 151/72/125 152/72/123 150/72/126 144/72/123 
f 143/72/122 153/72/125 151/72/125 144/72/123 
s 4
f 118/123/127 117/124/128 96/76/129 95/75/130 
f 117/124/128 121/125/131 98/78/132 96/76/129 
f 98/78/132 121/125/131 123/126/133 100/80/134 
f 100/80/134 123/126/133 125/127/135 102/82/136 
f 102/82/136 125/127/135 127/128/137 104/84/138 
f 104/84/138 127/128/137 129/129/139 106/86/140 
f 106/86/140 129/129/139 131/130/141 108/88/142 
f 108/88/142 131/130/141 133/131/143 110/90/144 
f 110/90/144 133/131/143 135/132/145 112/92/146 
f 112/92/146 135/132/145 137/133/147 114/94/148 
f 137/133/147 139/134/149 116/96/150 114/94/148 
f 139/134/149 118/123/127 95/75/130 116/96/150 
f 143/72/151 142/72/152 120/72/153 119/72/154 
f 142/72/152 141/72/155 122/72/156 120/72/153 
f 122/72/156 141/72/155 146/72/157 124/72/158 
f 124/72/158 146/72/157 145/72/159 126/72/160 
f 126/72/160 145/72/159 147/72/161 128/72/162 
f 128/72/162 147/72/161 149/72/163 130/72/164 
f 130/72/164 149/72/163 148/72/165 132/72/166 
f 132/72/166 148/72/165 150/72/167 134/72/168 
f 134/72/168 150/72/167 152/72/169 136/72/170 
f 136/72/170 152/72/169 151/72/171 138/72/172 
f 151/72/171 153/72/173 140/72/174 138/72/172 
f 153/72/173 143/72/151 119/72/154 140/72/174 
s 1
f 154/73/98 155/74/99 156/75/100 157/76/100 
f 158/77/101 154/73/98 157/76/100 159/78/105 
f 160/79/103 158/77/101 159/78/105 161/80/101 
f 162/81/103 160/79/103 161/80/101 163/82/104 
f 164/83/104 162/81/103 163/82/104 165/84/103 
f 166/85/103 164/83/104 165/84/103 167/86/99 
f 168/87/103 166/85/103 167/86/99 169/88/106 
f 170/89/101 168/87/103 169/88/106 171/90/101 
f 172/91/106 170/89/101 171/90/101 173/92/101 
f 174/93/106 172/91/106 173/92/101 175/94/103 
f 176/95/103 174/93/106 175/94/103 177/96/101 
f 155/74/99 176/95/103 177/96/101 156/75/100 
f 178/97/175 179/98/176 180/99/176 181/100/177 
f 182/101/110 178/97/175 181/100/177 183/102/110 
f 184/103/111 182/101/110 183/102/110 185/104/111 
f 186/105/112 184/106/111 185/107/111 187/108/112 
s 2
f 188/109/113 186/105/113 187/108/113 189/110/113 
s 1
f 190/111/114 188/109/114 189/110/114 191/112/114 
s 2
f 192/113/178 190/111/179 191/112/179 193/114/180 
f 194/115/118 192/113/178 193/114/180 195/116/118 
f 196/117/119 194/115/118 195/116/118 197/118/119 
f 198/119/120 196/117/119 197/118/119 199/120/120 
s 1
f 200/121/44 198/119/44 199/120/44 201/122/44 
s 2
f 179/98/181 200/121/181 201/122/181 180/99/181 
s 1
f 202/72/122 203/72/122 204/72/125 205/72/182 
f 206/72/124 207/72/125 202/72/122 205/72/182 
f 206/72/124 205/72/182 208/72/182 
f 209/72/182 210/72/182 208/72/182 205/72/182 
f 209/72/182 205/72/182 211/72/183 
f 212/72/125 213/72/123 211/72/183 205/72/182 
f 204/72/125 214/72/125 212/72/125 205/72/182 
s 4
f 179/123/184 178/124/185 157/76/186 156/75/187 
f 178/124/185 182/125/188 159/78/189 157/76/186 
f 159/78/189 182/125/188 184/126/190 161/80/134 
f 161/80/134 184/126/190 186/127/191 163/82/192 
f 163/82/192 186/127/191 188/128/193 165/84/194 
f 165/84/194 188/128/193 190/129/195 167/86/196 
f 167/86/196 190/129/195 192/130/197 169/88/198 
f 169/88/198 192/130/197 194/131/199 171/90/200 
f 171/90/200 194/131/199 196/132/201 173/92/146 
f 173/92/146 196/132/201 198/133/202 175/94/146 
f 198/133/202 200/134/203 177/96/204 175/94/146 
f 200/134/203 179/123/184 156/75/187 177/96/204 
f 204/72/205 203/72/206 181/72/207 180/72/208 
f 203/72/206 202/72/209 183/72/210 181/72/207 
f 183/72/210 202/72/209 207/72/211 185/72/212 
f 185/72/212 207/72/211 206/72/213 187/72/214 
f 187/72/214 206/72/213 208/72/215 189/72/216 
f 189/72/216 208/72/215 210/72/217 191/72/164 
f 191/72/164 210/72/217 209/72/218 193/72/219 
f 193/72/219 209/72/218 211/72/220 195/72/221 
f 195/72/221 211/72/220 213/72/222 197/72/223 
f 197/72/223 213/72/222 212/72/224 199/72/225 
f 212/72/224 214/72/226 201/72/227 199/72/225 
f 214/72/226 204/72/205 180/72/208 201/72/227 
s 1
f 215/73/98 216/74/228 217/75/106 218/76/106 
f 219/77/106 215/73/98 218/76/106 220/78/102 
f 221/79/106 219/77/106 220/78/102 222/80/106 
f 223/81/99 221/79/106 222/80/106 224/82/103 
f 225/83/101 223/81/99 224/82/103 226/84/103 
f 227/85/99 225/83/101 226/84/103 228/86/100 
f 229/87/103 227/85/99 228/86/100 230/88/100 
f 231/89/98 229/87/103 230/88/100 232/90/101 
f 233/91/106 231/89/98 232/90/101 234/92/98 
f 235/93/106 233/91/106 234/92/98 236/94/101 
f 237/95/101 235/93/106 236/94/101 238/96/101 
f 216/74/228 237/95/101 238/96/101 217/75/106 
f 239/97/229 240/98/176 241/99/176 242/100/177 
f 243/101/110 239/97/229 242/100/177 244/102/110 
f 245/103/111 243/101/110 244/102/110 246/104/111 
f 247/105/112 245/106/111 246/107/111 248/108/112 
s 2
f 249/109/113 247/105/113 248/108/113 250/110/113 
s 1
f 251/111/114 249/109/114 250/110/114 252/112/114 
s 2
f 253/113/178 251/111/179 252/112/179 254/114/180 
f 255/115/118 253/113/178 254/114/180 256/116/118 
f 257/117/119 255/115/118 256/116/118 258/118/119 
f 259/119/120 257/117/119 258/118/119 260/120/120 
s 1
f 261/121/44 259/119/44 260/120/44 262/122/44 
s 2
f 240/98/121 261/121/121 262/122/121 241/99/121 
s 1
f 263/72/122 264/72/122 265/72/125 266/72/182 
f 267/72/124 268/72/125 263/72/122 266/72/182 
f 267/72/124 266/72/182 269/72/123 
f 270/72/123 271/72/123 269/72/123 266/72/182 
f 270/72/123 266/72/182 272/72/126 
f 273/72/182 274/72/123 272/72/126 266/72/182 
f 265/72/125 275/72/182 273/72/182 266/72/182 
s 4
f 240/123/230 239/124/231 218/76/232 217/75/233 
f 239/124/231 243/125/234 220/78/189 218/76/232 
f 220/78/189 243/125/234 245/126/235 222/80/236 
f 222/80/236 245/126/235 247/127/237 224/82/236 
f 224/82/236 247/127/237 249/128/238 226/84/239 
f 226/84/239 249/128/238 251/129/240 228/86/241 
f 228/86/241 251/129/240 253/130/197 230/88/242 
f 230/88/242 253/130/197 255/131/243 232/90/244 
f 232/90/244 255/131/243 257/132/245 234/92/246 
f 234/92/246 257/132/245 259/133/247 236/94/146 
f 259/133/247 261/134/248 238/96/249 236/94/146 
f 261/134/248 240/123/230 217/75/233 238/96/249 
f 265/72/205 264/72/206 242/72/207 241/72/208 
f 264/72/206 263/72/250 244/72/251 242/72/207 
f 244/72/251 263/72/250 268/72/252 246/72/253 
f 246/72/253 268/72/252 267/72/159 248/72/254 
f 248/72/254 267/72/159 269/72/255 250/72/256 
f 250/72/256 269/72/255 271/72/257 252/72/258 
f 252/72/258 271/72/257 270/72/165 254/72/166 
f 254/72/166 270/72/165 272/72/259 256/72/168 
f 256/72/168 272/72/259 274/72/260 258/72/261 
f 258/72/261 274/72/260 273/72/262 260/72/263 
f 273/72/262 275/72/264 262/72/227 260/72/263 
f 275/72/264 265/72/205 241/72/208 262/72/227 
f 58/50/265 57/46/265 276/46/265 277/50/265 
f 57/46/265 79/70/265 278/70/265 276/46/265 
f 79/70/265 77/68/265 279/68/265 278/70/265 
f 77/68/265 75/66/265 280/66/265 279/68/265 
f 75/66/265 73/64/265 281/64/265 280/66/265 
f 73/64/265 71/62/265 282/62/265 281/64/265 
f 71/62/265 69/60/265 283/60/265 282/62/265 
f 69/60/265 67/58/265 284/58/265 283/60/265 
f 67/58/265 65/56/265 285/56/265 284/58/265 
f 65/56/265 63/54/265 286/54/265 285/56/265 
f 63/54/265 61/51/265 287/51/265 286/54/265 
f 61/51/265 58/50/265 277/50/265 287/51/265 
s 1
f 277/50/266 276/46/60 288/46/60 289/50/266 
s 2
f 276/46/267 278/70/5 290/70/5 288/46/267 
f 278/70/5 279/68/20 291/68/20 290/70/5 
s 1
f 279/68/70 280/66/268 292/66/268 291/68/70 
f 280/66/268 281/64/269 293/64/269 292/66/268 
f 281/64/269 282/62/67 294/62/67 293/64/269 
f 282/62/67 283/60/66 295/60/66 294/62/67 
s 2
f 283/60/65 284/58/64 296/58/64 295/60/65 
f 284/58/64 285/56/11 297/56/11 296/58/64 
s 1
f 285/56/63 286/54/62 298/54/62 297/56/63 
f 286/54/62 287/51/270 299/51/270 298/54/62 
f 287/51/270 277/50/266 289/50/266 299/51/270 
f 300/46/60 301/47/60 302/48/60 303/49/60 
s 2
f 301/50/35 304/51/271 305/52/271 302/53/35 
f 304/51/271 306/54/272 307/55/272 305/52/271 
f 306/54/272 308/56/63 309/57/63 307/55/272 
s 1
f 308/56/11 310/58/64 311/59/64 309/57/11 
f 310/58/64 312/60/65 313/61/65 311/59/64 
s 2
f 312/60/66 314/62/67 315/63/67 313/61/66 
f 314/62/67 316/64/2 317/65/2 315/63/67 
s 1
f 316/64/273 318/66/274 319/67/274 317/65/273 
f 318/66/274 320/68/70 321/69/70 319/67/274 
s 2
f 320/68/20 322/70/5 323/71/5 321/69/20 
f 322/70/5 300/46/267 303/49/267 323/71/5 
s 1
f 324/72/73 325/72/73 326/72/73 327/72/73 328/72/73 329/72/73 330/72/73 331/72/73 332/72/73 333/72/73 334/72/73 335/72/73 
s 4
f 302/72/275 324/72/276 335/72/277 303/72/278 
f 305/72/279 325/72/280 324/72/276 302/72/275 
f 307/72/281 326/72/282 325/72/280 305/72/279 
f 309/72/283 327/72/83 326/72/282 307/72/281 
f 311/72/284 328/72/285 327/72/83 309/72/283 
f 313/72/286 329/72/287 328/72/285 311/72/284 
f 315/72/288 330/72/289 329/72/287 313/72/286 
f 317/72/90 331/72/290 330/72/289 315/72/288 
f 319/72/291 332/72/292 331/72/290 317/72/90 
f 321/72/293 333/72/294 332/72/292 319/72/291 
f 323/72/295 334/72/277 333/72/294 321/72/293 
f 303/72/278 335/72/277 334/72/277 323/72/295 
f 301/50/265 300/46/265 336/46/265 337/50/265 
f 300/46/265 322/70/265 338/70/265 336/46/265 
f 322/70/265 320/68/265 339/68/265 338/70/265 
f 320/68/265 318/66/265 340/66/265 339/68/265 
f 318/66/265 316/64/265 341/64/265 340/66/265 
f 316/64/265 314/62/265 342/62/265 341/64/265 
f 314/62/265 312/60/265 343/60/265 342/62/265 
f 312/60/265 310/58/265 344/58/265 343/60/265 
f 310/58/265 308/56/265 345/56/265 344/58/265 
f 308/56/265 306/54/265 346/54/265 345/56/265 
f 306/54/265 304/51/265 347/51/265 346/54/265 
f 304/51/265 301/50/265 337/50/265 347/51/265 
s 1
f 337/50/266 336/46/60 348/46/60 349/50/266 
s 2
f 336/46/267 338/70/5 350/70/5 348/46/267 
f 338/70/5 339/68/20 351/68/20 350/70/5 
s 1
f 339/68/70 340/66/296 352/66/296 351/68/70 
f 340/66/296 341/64/297 353/64/297 352/66/296 
f 341/64/297 342/62/67 354/62/67 353/64/297 
f 342/62/67 343/60/66 355/60/66 354/62/67 
s 2
f 343/60/65 344/58/64 356/58/64 355/60/65 
f 344/58/64 345/56/11 357/56/11 356/58/64 
s 1
f 345/56/63 346/54/298 358/54/298 357/56/63 
f 346/54/298 347/51/299 359/51/299 358/54/298 
f 347/51/299 337/50/266 349/50/266 359/51/299 
f 360/46/60 361/47/60 362/48/60 363/49/60 
s 2
f 361/50/35 364/51/300 365/52/300 362/53/35 
f 364/51/300 366/54/298 367/55/298 365/52/300 
f 366/54/298 368/56/63 369/57/63 367/55/298 
s 1
f 368/56/11 370/58/64 371/59/64 369/57/11 
f 370/58/64 372/60/65 373/61/65 371/59/64 
s 2
f 372/60/301 374/62/302 375/63/302 373/61/301 
f 374/62/302 376/64/1 377/65/1 375/63/302 
s 1
f 376/64/273 378/66/274 379/67/274 377/65/273 
f 378/66/274 380/68/70 381/69/70 379/67/274 
s 2
f 380/68/20 382/70/5 383/71/5 381/69/20 
f 382/70/5 360/46/267 363/49/267 383/71/5 
s 1
f 384/72/73 385/72/73 386/72/73 387/72/73 388/72/73 389/72/73 390/72/73 391/72/73 392/72/73 393/72/73 394/72/73 395/72/73 
s 4
f 362/72/303 384/72/304 395/72/305 363/72/306 
f 365/72/307 385/72/308 384/72/304 362/72/303 
f 367/72/309 386/72/310 385/72/308 365/72/307 
f 369/72/311 387/72/312 386/72/310 367/72/309 
f 371/72/313 388/72/314 387/72/312 369/72/311 
f 373/72/86 389/72/87 388/72/314 371/72/313 
f 375/72/315 390/72/89 389/72/87 373/72/86 
f 377/72/90 391/72/316 390/72/89 375/72/315 
f 379/72/291 392/72/317 391/72/316 377/72/90 
f 381/72/318 393/72/319 392/72/317 379/72/291 
f 383/72/320 394/72/321 393/72/319 381/72/318 
f 363/72/306 395/72/305 394/72/321 383/72/320 
f 361/50/265 360/46/265 396/46/265 397/50/265 
f 360/46/265 382/70/265 398/70/265 396/46/265 
f 382/70/265 380/68/265 399/68/265 398/70/265 
f 380/68/265 378/66/265 400/66/265 399/68/265 
f 378/66/265 376/64/265 401/64/265 400/66/265 
f 376/64/265 374/62/265 402/62/265 401/64/265 
f 374/62/265 372/60/265 403/60/265 402/62/265 
f 372/60/265 370/58/265 404/58/265 403/60/265 
f 370/58/265 368/56/265 405/56/265 404/58/265 
f 368/56/265 366/54/265 406/54/265 405/56/265 
f 366/54/265 364/51/265 407/51/265 406/54/265 
f 364/51/265 361/50/265 397/50/265 407/51/265 
s 1
f 397/50/266 396/46/60 408/46/60 409/50/266 
s 2
f 396/46/267 398/70/5 410/70/5 408/46/267 
f 398/70/5 399/68/20 411/68/20 410/70/5 
s 1
f 399/68/70 400/66/296 412/66/296 411/68/70 
f 400/66/296 401/64/297 413/64/297 412/66/296 
f 401/64/297 402/62/67 414/62/67 413/64/297 
f 402/62/67 403/60/66 415/60/66 414/62/67 
s 2
f 403/60/65 404/58/64 416/58/64 415/60/65 
f 404/58/64 405/56/11 417/56/11 416/58/64 
s 1
f 405/56/63 406/54/62 418/54/62 417/56/63 
f 406/54/62 407/51/270 419/51/270 418/54/62 
f 407/51/270 397/50/266 409/50/266 419/51/270 
f 420/46/60 421/47/60 422/48/60 423/49/60 
s 2
f 421/50/35 424/51/271 425/52/271 422/53/35 
f 424/51/271 426/54/272 427/55/272 425/52/271 
f 426/54/272 428/56/63 429/57/63 427/55/272 
s 1
f 428/56/11 430/58/64 431/59/64 429/57/11 
f 430/58/64 432/60/65 433/61/65 431/59/64 
s 2
f 432/60/66 434/62/67 435/63/67 433/61/66 
f 434/62/67 436/64/2 437/65/2 435/63/67 
s 1
f 436/64/273 438/66/274 439/67/274 437/65/273 
f 438/66/274 440/68/70 441/69/70 439/67/274 
s 2
f 440/68/20 442/70/5 443/71/5 441/69/20 
f 442/70/5 420/46/267 423/49/267 443/71/5 
s 1
f 444/72/73 445/72/73 446/72/73 447/72/73 448/72/73 449/72/73 450/72/73 451/72/73 452/72/73 453/72/73 454/72/73 455/72/73 
s 4
f 422/72/322 444/72/75 455/72/321 423/72/323 
f 425/72/324 445/72/325 444/72/75 422/72/322 
f 427/72/326 446/72/327 445/72/325 425/72/324 
f 429/72/328 447/72/329 446/72/327 427/72/326 
f 431/72/330 448/72/331 447/72/329 429/72/328 
f 433/72/332 449/72/314 448/72/331 431/72/330 
f 435/72/288 450/72/333 449/72/314 433/72/332 
f 437/72/90 451/72/290 450/72/333 435/72/288 
f 439/72/291 452/72/334 451/72/290 437/72/90 
f 441/72/335 453/72/336 452/72/334 439/72/291 
f 443/72/337 454/72/277 453/72/336 441/72/335 
f 423/72/323 455/72/321 454/72/277 443/72/337 
f 421/50/265 420/46/265 456/46/265 457/50/265 
f 420/46/265 442/70/265 458/70/265 456/46/265 
f 442/70/265 440/68/265 459/68/265 458/70/265 
f 440/68/265 438/66/265 460/66/265 459/68/265 
f 438/66/265 436/64/265 461/64/265 460/66/265 
f 436/64/265 434/62/265 462/62/265 461/64/265 
f 434/62/265 432/60/265 463/60/265 462/62/265 
f 432/60/265 430/58/265 464/58/265 463/60/265 
f 430/58/265 428/56/265 465/56/265 464/58/265 
f 428/56/265 426/54/265 466/54/265 465/56/265 
f 426/54/265 424/51/265 467/51/265 466/54/265 
f 424/51/265 421/50/265 457/50/265 467/51/265 
s 1
f 457/50/266 456/46/60 468/46/60 469/50/266 
s 2
f 456/46/267 458/70/5 470/70/5 468/46/267 
f 458/70/5 459/68/20 471/68/20 470/70/5 
s 1
f 459/68/70 460/66/296 472/66/296 471/68/70 
f 460/66/296 461/64/297 473/64/297 472/66/296 
f 461/64/297 462/62/67 474/62/67 473/64/297 
f 462/62/67 463/60/66 475/60/66 474/62/67 
s 2
f 463/60/65 464/58/64 476/58/64 475/60/65 
f 464/58/64 465/56/11 477/56/11 476/58/64 
s 1
f 465/56/63 466/54/338 478/54/338 477/56/63 
f 466/54/338 467/51/271 479/51/271 478/54/338 
f 467/51/271 457/50/266 469/50/266 479/51/271 
usemtl Material__1286557105
f 480/135/339 481/136/339 482/137/340 483/138/340 
f 484/139/341 485/140/342 486/141/342 487/142/341 
f 488/143/343 489/144/344 490/145/344 491/146/343 
s 2
f 492/147/345 493/148/345 494/149/345 495/150/345 487/151/345 486/152/345 496/153/345 497/154/345 482/155/345 481/156/345 498/157/345 499/158/345 491/159/345 490/160/345 500/161/345 501/162/345 
s 1
f 502/163/346 493/164/346 492/165/347 503/166/347 
s 2
f 489/167/348 488/168/348 504/169/348 505/170/348 480/171/348 483/172/348 506/173/348 507/174/348 485/175/348 484/176/348 508/177/348 509/178/348 502/179/348 503/180/348 510/181/348 511/182/348 
s 1
f 498/183/349 481/136/339 480/135/339 505/184/349 
f 506/185/350 483/138/340 482/137/340 497/186/350 
f 508/187/266 484/139/341 487/142/341 495/188/266 
f 500/189/351 490/145/344 489/144/344 511/190/351 
s 4
f 499/191/352 498/183/352 505/184/352 504/192/352 
s 1
f 491/146/343 499/193/353 504/194/353 488/143/343 
s 4
f 507/195/354 506/196/354 497/197/354 496/198/354 
s 1
f 485/140/342 507/195/355 496/198/355 486/141/342 
s 4
f 509/199/356 508/200/356 495/201/356 494/202/356 
s 1
f 502/163/346 509/199/357 494/202/357 493/164/346 
s 4
f 501/203/358 500/204/358 511/205/358 510/206/358 
s 1
f 492/165/347 501/203/359 510/206/359 503/166/347 
f 512/207/360 513/208/360 514/209/360 515/210/360 
f 516/211/27 517/212/27 518/213/27 519/214/27 
s 2
f 517/215/36 516/216/36 512/217/36 515/218/36 
f 514/219/2 513/220/2 519/221/2 518/222/2 
s 1
f 520/223/35 521/224/35 522/225/35 523/226/35 
f 524/227/35 525/228/35 522/225/35 521/224/35 
s 2
f 526/229/20 527/230/20 520/231/20 523/232/20 
s 4
f 527/233/361 528/234/362 521/235/363 520/236/361 
f 528/234/362 529/237/364 524/238/364 521/235/363 
s 2
f 529/239/11 530/240/11 525/232/11 524/231/11 
s 4
f 530/241/365 531/242/366 522/243/367 525/244/365 
f 531/242/366 526/245/368 523/246/368 522/243/367 
s 1
f 531/225/1 528/224/1 527/223/1 526/226/1 
f 530/228/1 529/227/1 528/224/1 531/225/1 
f 532/247/2 533/248/2 534/249/2 535/250/2 
s 2
f 536/251/20 532/247/20 535/250/20 537/252/20 
f 533/253/27 538/254/27 539/255/27 534/256/27 
s 1
f 536/257/36 537/258/36 539/255/36 538/254/36 
f 540/259/345 541/260/345 542/261/345 543/262/345 
s 2
f 542/263/369 541/264/369 544/265/369 545/266/369 
s 4
f 543/267/20 542/268/20 545/269/20 546/270/20 
f 541/269/370 540/270/370 547/267/370 544/268/370 
s 1
f 545/271/265 544/272/265 547/273/265 546/274/265 
s 2
f 543/268/35 546/275/35 547/276/35 540/277/35 
s 1
f 548/278/371 549/279/371 550/280/371 551/281/371 
s 2
f 549/279/372 552/282/372 553/283/372 550/280/372 
s 1
f 553/283/373 552/282/373 554/284/373 555/285/373 
f 556/286/374 557/287/374 558/288/374 559/289/374 
s 2
f 554/290/375 556/286/375 559/289/375 555/291/375 
f 551/281/376 558/288/376 557/287/376 548/278/376 
s 1
f 560/292/73 561/293/73 562/294/73 563/295/73 
s 2
f 561/293/11 560/292/11 564/296/11 565/297/11 
s 4
f 562/298/2 561/299/2 565/300/2 566/301/2 
s 2
f 563/295/20 562/294/20 566/302/20 567/303/20 
s 4
f 560/292/35 563/295/35 567/304/35 564/305/35 
s 1
f 567/304/265 566/301/265 565/300/265 564/305/265 
f 568/306/2 569/307/2 570/308/2 571/309/2 
s 2
f 569/307/11 568/306/11 572/310/11 573/311/11 
f 571/309/20 570/308/20 574/312/20 575/313/20 
s 1
f 574/312/35 576/314/35 577/315/35 575/313/35 
f 578/316/35 579/317/35 580/318/35 581/319/35 
f 573/311/35 572/310/35 582/320/35 583/321/35 
s 2
f 583/321/20 582/320/20 579/322/20 578/323/20 
f 577/315/11 576/314/11 581/319/11 580/318/11 
s 1
f 584/324/73 585/325/73 586/326/73 587/327/73 
s 2
f 585/328/11 584/329/11 588/330/11 589/331/11 
s 4
f 586/332/2 585/333/2 589/331/2 590/334/2 
s 2
f 587/335/20 586/336/20 590/334/20 591/337/20 
s 4
f 584/324/35 587/327/35 591/337/35 588/330/35 
s 1
f 591/337/265 590/334/265 589/331/265 588/330/265 
f 592/338/377 593/339/378 594/340/265 595/341/265 
f 596/342/73 597/343/73 598/344/73 599/345/73 
s 2
f 600/346/20 601/347/20 599/345/20 598/344/20 
s 4
f 596/348/36 599/349/36 602/350/36 603/351/379 
f 604/352/380 597/353/2 594/354/1 605/355/1 
f 606/356/1 600/357/381 607/358/382 
s 1
f 608/359/383 606/360/383 607/361/383 609/362/383 
s 2
f 610/363/384 611/364/384 606/360/384 608/359/384 
f 602/365/385 609/362/385 607/361/385 612/366/385 
s 1
f 605/367/386 613/368/386 614/369/386 604/370/386 
s 8
f 611/364/387 610/363/387 613/368/387 605/367/387 
s 4
f 594/354/1 593/371/2 611/372/1 605/355/1 
f 593/371/2 600/357/381 606/356/1 611/372/1 
f 600/357/381 598/373/381 612/374/382 607/358/382 
f 610/375/388 592/376/388 595/377/36 
f 613/378/389 610/375/388 595/377/36 
f 601/379/36 609/380/35 602/350/36 599/349/36 
f 601/379/36 608/381/388 609/380/35 
f 601/379/36 592/376/388 610/375/388 608/381/388 
s 1
f 601/382/390 600/383/390 593/339/378 592/338/377 
f 615/384/391 603/385/391 602/386/391 612/387/391 
s 4
f 604/352/380 615/388/382 597/353/2 
s 2
f 615/384/392 604/370/392 614/369/392 603/385/392 
s 4
f 615/388/382 612/374/382 598/373/381 597/353/2 
f 614/389/393 613/378/389 595/377/36 596/348/36 
f 596/348/36 603/351/379 614/389/393 
s 1
f 616/390/11 617/391/11 618/392/11 619/393/11 
s 2
f 616/390/35 619/393/35 620/394/35 621/395/35 
s 1
f 620/394/20 622/396/20 623/397/20 621/395/20 
f 624/398/348 625/399/348 626/400/348 627/401/348 
s 2
f 624/398/394 628/402/394 629/403/394 625/399/394 
f 626/400/35 630/404/35 631/405/35 627/401/35 
s 4
f 624/406/395 627/407/20 632/408/346 628/409/395 
s 1
f 633/410/345 631/405/345 630/404/345 634/411/345 
s 2
f 633/410/396 634/411/396 635/412/396 636/413/396 
s 4
f 634/414/397 630/415/44 637/416/398 635/417/397 
s 1
f 638/418/2 637/419/2 639/420/2 632/421/2 
s 8
f 632/421/399 639/420/399 629/403/399 628/402/399 
f 637/419/23 638/418/23 636/422/23 635/423/23 
s 4
f 630/415/44 626/424/44 639/425/397 637/416/398 
f 626/424/44 625/426/400 629/427/400 639/425/397 
f 631/428/401 633/429/402 636/430/402 638/431/403 
f 631/428/401 638/431/403 632/408/346 627/407/20 
s 1
f 640/432/404 641/433/60 642/434/60 643/435/404 
f 641/433/60 644/436/267 645/437/267 642/434/60 
f 644/436/267 646/438/5 647/439/5 645/437/267 
f 646/438/5 648/440/405 649/441/405 647/439/5 
f 648/440/405 650/442/406 651/443/406 649/441/405 
f 650/442/406 652/444/407 653/445/408 651/443/406 
f 652/444/407 654/446/409 655/447/409 653/445/408 
f 654/446/409 656/448/410 657/449/410 655/447/409 
f 656/448/410 658/450/301 659/451/301 657/449/410 
f 658/450/301 660/452/65 661/453/65 659/451/301 
f 660/454/65 662/455/64 663/456/64 661/457/65 
f 662/455/64 664/458/411 665/459/411 663/456/64 
f 664/458/411 666/460/412 667/461/412 665/459/411 
f 666/460/412 668/462/413 669/463/413 667/461/412 
f 668/462/413 670/464/414 671/465/414 669/463/413 
f 670/464/414 640/432/404 643/435/404 671/465/414 
f 672/466/388 673/467/415 674/468/416 675/469/416 
s 2
f 675/470/27 674/471/27 676/472/27 677/473/27 
s 1
f 676/474/417 678/475/418 679/476/382 677/477/417 
s 4
f 676/472/348 674/471/348 673/478/348 678/479/348 
f 675/480/399 677/477/399 679/476/399 672/481/399 
s 1
f 673/482/415 672/483/388 680/484/36 681/485/36 
s 2
f 672/483/6 679/486/6 682/487/6 680/484/6 
s 1
f 679/486/382 678/488/418 683/489/1 682/487/1 
s 2
f 678/479/44 673/478/44 681/490/44 683/491/44 
s 1
f 684/492/419 685/493/420 686/494/421 687/495/422 
f 688/496/2 689/497/2 690/498/2 691/499/2 
s 2
f 692/500/423 693/501/424 689/502/401 688/503/113 
s 1
f 694/504/2 695/505/2 693/506/2 692/507/2 
s 4
f 688/496/425 691/499/425 696/508/425 697/509/425 
s 1
f 698/510/426 699/511/427 700/512/428 701/513/428 
s 2
f 702/514/423 692/500/423 688/503/113 697/515/429 
f 703/516/6 698/517/401 701/518/346 704/519/401 
s 4
f 694/504/430 692/507/430 702/520/430 705/521/430 
s 1
f 706/522/431 703/523/432 704/524/433 707/525/433 
f 697/509/434 696/508/434 687/495/422 686/494/421 
s 4
f 701/513/435 700/512/435 690/498/435 689/497/435 
s 2
f 708/526/346 702/514/423 697/515/429 686/527/113 
f 704/519/401 701/518/346 689/502/401 693/501/424 
s 1
f 705/521/436 702/520/436 708/528/437 709/529/438 
s 4
f 707/525/439 704/524/439 693/506/439 695/505/439 
s 1
f 699/511/427 698/510/426 710/530/440 711/531/441 
s 2
f 703/516/6 712/532/6 710/533/423 698/517/401 
f 708/526/346 686/527/113 685/534/424 713/535/346 
s 1
f 709/529/438 708/528/437 713/536/442 714/537/443 
f 715/538/35 716/539/35 717/540/35 718/541/35 
s 2
f 719/542/20 715/543/20 718/544/6 720/545/113 
s 1
f 721/546/35 719/547/35 720/548/35 722/549/35 
s 4
f 715/538/444 723/550/444 724/551/444 716/539/444 
s 1
f 710/530/440 725/552/445 726/553/445 711/531/441 
s 2
f 727/554/424 723/555/401 715/543/20 719/542/20 
f 712/532/6 728/556/423 725/557/113 710/533/423 
s 4
f 721/546/446 729/558/446 727/559/446 719/547/446 
s 1
f 730/560/447 731/561/448 728/562/448 712/563/449 
f 723/550/450 685/493/420 684/492/419 724/551/450 
s 4
f 725/564/451 718/541/451 717/540/451 726/565/451 
s 2
f 713/535/346 685/534/424 723/555/401 727/554/424 
f 728/556/423 720/545/113 718/544/6 725/557/113 
s 1
f 729/558/452 714/537/443 713/536/442 727/559/452 
s 4
f 731/566/453 722/549/453 720/548/453 728/567/453 
s 1
f 703/523/432 706/522/431 730/560/447 712/563/449 
f 732/568/11 733/569/11 734/570/11 735/571/11 736/572/11 737/573/11 738/574/11 739/575/11 740/576/11 741/577/11 742/578/11 743/579/11 
f 744/580/36 745/581/36 746/582/36 747/583/36 
s 2
f 748/584/6 744/585/6 747/586/6 749/587/6 
s 1
f 748/584/2 749/587/2 750/588/2 751/589/2 
s 2
f 745/581/11 751/589/11 750/588/11 746/582/11 
s 1
f 752/590/454 753/591/455 754/592/456 755/593/454 
s 2
f 756/594/457 757/595/458 753/591/459 752/590/457 
s 1
f 758/596/460 759/597/461 757/595/462 756/594/460 
s 2
f 760/598/463 761/599/464 759/597/465 758/596/463 
f 755/593/466 754/592/467 762/600/468 763/601/466 
s 1
f 763/602/469 762/603/470 764/604/471 765/605/469 
s 2
f 765/605/472 764/604/473 766/606/474 767/607/472 
s 1
f 767/607/475 766/606/476 761/599/477 760/598/475 
f 754/592/456 753/591/455 768/591/478 769/592/478 
s 2
f 753/591/459 757/595/458 770/595/479 768/591/480 
s 1
f 757/595/462 759/597/461 771/597/481 770/595/482 
s 2
f 759/597/465 761/599/464 772/599/483 771/597/483 
f 762/600/468 754/592/467 769/592/484 773/600/484 
s 1
f 764/604/471 762/603/470 773/603/485 774/604/486 
s 2
f 766/606/474 764/604/473 774/604/487 775/606/488 
s 1
f 761/599/477 766/606/476 775/606/489 772/599/489 
s 4
f 769/592/490 768/591/490 776/591/490 777/592/490 
s 2
f 768/591/480 770/595/479 778/595/491 776/591/492 
s 1
f 770/595/482 771/597/481 779/597/493 778/595/494 
s 4
f 771/597/495 772/599/495 780/599/495 779/597/495 
s 8
f 773/600/496 769/592/496 777/592/496 781/600/496 
s 1
f 774/604/486 773/603/485 781/603/497 782/604/498 
s 2
f 775/606/488 774/604/487 782/604/499 783/606/500 
s 8
f 772/599/501 775/606/501 783/606/501 780/599/501 
s 1
f 777/592/267 776/591/267 784/591/267 785/592/267 
s 2
f 776/591/492 778/595/491 786/595/502 784/591/502 
s 1
f 778/595/494 779/597/493 787/597/503 786/595/503 
s 2
f 779/597/504 780/599/504 788/599/504 787/597/504 
f 781/600/505 777/592/505 785/592/505 789/600/505 
s 1
f 782/604/498 781/603/497 789/603/506 790/604/506 
s 2
f 783/606/500 782/604/499 790/604/507 791/606/507 
s 1
f 780/599/64 783/606/64 791/606/64 788/599/64 
s 4
f 763/608/11 765/609/11 767/610/11 760/611/11 758/612/11 756/613/11 752/614/11 755/615/11 
s 1
f 792/616/388 793/617/388 794/618/388 795/619/388 
s 2
f 794/620/348 796/621/348 797/622/348 795/623/348 
f 798/624/399 793/625/399 792/626/399 799/627/399 
s 1
f 800/628/399 801/629/399 802/630/399 803/631/399 
s 2
f 802/630/2 801/629/2 804/632/2 805/633/2 
s 4
f 803/634/20 802/635/20 805/636/20 806/637/20 
f 801/638/44 800/639/44 807/640/44 804/641/44 
s 1
f 805/642/348 804/643/348 807/644/348 806/645/348 
s 2
f 803/631/379 806/645/379 807/644/379 800/628/379 
s 1
f 808/646/508 809/647/508 810/648/509 811/649/510 
s 2
f 809/647/511 812/650/511 813/651/512 810/648/513 
s 1
f 812/650/514 814/652/514 815/653/515 813/651/516 
s 2
f 814/652/517 816/654/517 817/655/517 815/653/517 
s 1
f 818/656/518 819/657/519 811/649/510 810/648/509 
s 2
f 820/658/520 818/656/521 810/648/513 813/651/512 
s 1
f 821/659/522 820/658/523 813/651/516 815/653/515 
s 4
f 821/659/524 815/653/525 817/655/525 822/660/526 
s 1
f 823/661/527 824/662/527 819/657/519 818/656/518 
s 2
f 825/663/528 823/661/529 818/656/521 820/658/520 
s 1
f 826/664/530 825/663/531 820/658/523 821/659/522 
s 4
f 827/665/532 826/664/533 821/659/524 822/660/526 
f 828/661/534 829/662/534 824/662/534 823/661/534 
s 2
f 830/663/535 828/661/535 823/661/529 825/663/528 
s 1
f 831/664/536 830/663/536 825/663/531 826/664/530 
s 4
f 832/665/537 831/664/537 826/664/533 827/665/532 
s 2
f 811/666/538 833/667/539 834/668/540 808/669/540 
s 1
f 833/667/541 835/670/542 836/671/543 834/668/543 
s 2
f 836/671/507 835/670/544 837/672/545 838/673/507 
s 1
f 838/673/546 837/672/547 817/655/546 816/654/546 
s 2
f 839/674/548 833/667/539 811/666/538 819/675/549 
s 1
f 840/676/550 835/670/542 833/667/541 839/674/551 
s 2
f 841/677/552 837/672/545 835/670/544 840/676/553 
s 8
f 841/677/554 822/660/555 817/655/556 837/672/556 
s 2
f 842/678/557 839/674/548 819/675/549 824/679/557 
s 1
f 843/680/558 840/676/550 839/674/551 842/678/559 
s 2
f 844/681/560 841/677/552 840/676/553 843/680/561 
s 8
f 827/665/562 822/660/555 841/677/554 844/681/563 
f 845/678/564 842/678/564 824/679/564 829/679/564 
s 1
f 846/680/565 843/680/558 842/678/559 845/678/565 
s 2
f 847/681/566 844/681/560 843/680/561 846/680/566 
s 8
f 832/665/567 827/665/562 844/681/563 847/681/567 
s 1
f 848/682/27 849/683/27 850/684/27 851/685/27 
s 2
f 849/686/568 852/687/568 853/688/568 850/689/568 
s 1
f 852/687/569 854/690/569 855/691/569 853/688/569 
s 2
f 854/690/570 856/692/570 857/693/570 855/691/570 
s 1
f 856/692/20 858/694/20 859/695/20 857/693/20 
s 2
f 858/694/571 860/696/571 861/697/571 859/695/571 
s 1
f 860/696/572 862/698/572 863/699/572 861/697/572 
s 2
f 862/698/573 848/682/573 851/685/573 863/699/573 
s 1
f 864/700/574 865/701/574 866/702/574 867/703/574 
s 2
f 865/704/575 868/705/575 869/706/575 866/707/575 
s 1
f 868/705/576 870/708/576 871/709/576 869/706/576 
s 2
f 870/708/577 872/710/577 873/711/577 871/709/577 
s 1
f 872/710/578 874/712/578 875/713/578 873/711/578 
s 2
f 874/712/579 876/714/579 877/715/579 875/713/579 
s 1
f 876/714/580 878/716/580 879/717/580 877/715/580 
s 2
f 878/716/581 864/700/581 867/703/581 879/717/581 
s 4
f 864/718/44 878/719/44 876/720/44 874/721/44 872/722/44 870/723/44 868/724/44 865/725/44 
f 866/726/20 869/727/20 871/728/20 873/729/20 875/730/20 877/731/20 879/732/20 867/733/20 
s 1
f 880/734/582 881/735/583 882/736/584 883/737/585 
f 881/735/583 884/738/586 885/739/587 882/736/584 
f 884/738/586 886/740/588 887/741/589 885/739/587 
f 886/740/588 888/742/590 889/743/591 887/741/589 
f 888/742/590 890/744/592 891/745/593 889/743/591 
f 890/744/592 892/746/594 893/747/595 891/745/593 
f 892/746/594 894/748/596 895/749/597 893/747/595 
f 894/748/596 896/750/598 897/751/599 895/749/597 
f 896/750/598 898/752/600 899/753/601 897/751/599 
f 898/752/600 900/754/602 901/755/603 899/753/601 
f 900/756/602 902/757/604 903/758/605 901/759/603 
f 902/757/604 904/760/606 905/761/607 903/758/605 
f 904/760/606 906/762/608 907/763/609 905/761/607 
f 906/762/608 908/764/610 909/765/330 907/763/609 
f 908/764/610 910/766/611 911/767/612 909/765/330 
f 910/766/611 880/734/582 883/737/585 911/767/612 
f 912/768/613 913/769/583 914/770/614 915/771/615 
f 913/769/583 916/772/616 917/773/617 914/770/614 
f 916/774/616 918/775/588 919/776/618 917/777/617 
f 918/775/588 920/778/590 921/779/619 919/776/618 
f 920/778/590 922/780/620 923/781/621 921/779/619 
f 922/780/620 924/782/622 925/783/595 923/781/621 
f 924/782/622 926/784/596 927/785/623 925/783/595 
f 926/784/596 928/786/624 929/787/625 927/785/623 
f 928/786/624 930/788/626 931/789/627 929/787/625 
f 930/788/626 932/790/628 933/791/603 931/789/627 
f 932/790/628 934/792/604 935/793/629 933/791/603 
f 934/792/604 936/794/606 937/795/630 935/793/629 
f 936/794/606 938/796/631 939/797/609 937/795/630 
f 938/796/631 940/798/632 941/799/330 939/797/609 
f 940/798/632 942/800/633 943/801/634 941/799/330 
f 942/800/633 912/768/613 915/771/615 943/801/634 
s 2
f 927/802/36 929/803/36 931/804/36 933/805/36 935/806/36 937/807/36 939/808/36 941/809/36 943/810/36 915/811/36 914/812/36 917/813/36 919/814/36 921/815/36 923/816/36 925/817/36 
f 944/818/1 918/819/2 916/820/382 913/821/382 
f 944/818/1 922/822/381 920/823/381 918/819/2 
f 944/818/1 926/824/2 924/825/1 922/822/381 
f 944/818/1 930/826/1 928/827/2 926/824/2 
f 944/818/1 934/828/2 932/829/1 930/826/1 
f 944/818/1 938/830/1 936/831/2 934/828/2 
f 944/818/1 942/832/382 940/833/382 938/830/1 
f 944/818/1 913/821/382 912/834/382 942/832/382 
s 1
f 945/835/635 946/836/635 947/837/635 948/838/635 
s 2
f 946/839/636 949/840/636 950/841/636 947/842/636 
s 1
f 949/840/637 951/843/637 952/844/637 950/841/637 
s 2
f 951/843/638 953/845/638 954/846/638 952/844/638 
s 1
f 953/845/639 955/847/639 956/848/639 954/846/639 
s 2
f 955/847/640 957/849/640 958/850/640 956/848/640 
s 1
f 957/849/267 959/851/267 960/852/267 958/850/267 
s 2
f 959/851/641 945/835/641 948/838/641 960/852/641 
s 4
f 945/853/642 959/854/642 957/855/642 955/856/642 953/857/642 951/858/642 949/859/642 946/860/642 
f 947/861/643 950/862/643 952/863/643 954/864/643 956/865/643 958/866/643 960/867/643 948/868/643 
s 1
f 961/869/35 962/870/35 963/871/35 964/872/35 
s 2
f 965/873/644 966/874/644 961/869/644 964/872/644 
s 4
f 966/875/645 967/876/645 962/877/645 961/878/645 
s 2
f 967/879/646 968/880/646 963/881/646 962/882/646 
s 4
f 968/883/20 965/884/20 964/885/20 963/886/20 
s 1
f 968/880/647 967/879/647 966/874/647 965/873/647 
f 969/887/648 970/888/648 971/889/648 972/890/648 
s 2
f 972/890/649 971/889/649 973/891/649 974/892/649 
s 1
f 974/892/650 973/891/650 975/893/650 976/894/650 
s 2
f 976/894/651 975/893/651 977/895/651 978/896/651 
s 1
f 978/896/652 977/895/652 979/897/652 980/898/652 
s 2
f 980/898/653 979/897/653 981/899/653 982/900/653 
s 1
f 982/900/654 981/899/654 983/901/654 984/902/654 
s 2
f 984/903/655 983/904/655 970/888/655 969/887/655 
s 4
f 974/905/381 976/906/381 978/907/381 980/908/381 982/909/381 984/910/381 969/911/381 972/912/381 
s 1
f 985/913/656 986/914/656 987/915/656 988/916/656 
s 2
f 986/914/657 989/917/657 990/918/657 987/915/657 
s 1
f 989/917/658 991/919/658 992/920/658 990/918/658 
s 2
f 991/919/659 993/921/659 994/922/659 992/920/659 
s 4
f 987/923/388 995/924/379 988/925/35 
f 990/926/36 995/924/379 987/923/388 
f 992/927/379 995/924/379 990/926/36 
f 994/928/393 995/924/379 992/927/379 
s 2
f 985/913/660 988/916/660 996/929/660 997/930/660 
s 1
f 997/931/661 996/932/661 998/933/661 999/934/661 
s 2
f 999/934/662 998/933/662 1000/935/662 1001/936/662 
s 1
f 1001/936/663 1000/935/663 994/922/663 993/921/663 
s 4
f 996/937/664 988/925/35 995/924/379 
f 998/938/36 996/937/664 995/924/379 
f 1000/939/393 998/938/36 995/924/379 
f 994/928/393 1000/939/393 995/924/379 
s 1
f 1002/940/665 1003/941/665 1004/942/665 1005/943/665 
s 2
f 1003/944/666 1006/945/666 1007/946/666 1004/947/666 
s 1
f 1006/945/667 1008/948/667 1009/949/667 1007/946/667 
s 2
f 1008/948/668 1010/950/668 1011/951/668 1009/949/668 
f 1002/940/669 1005/943/669 1012/952/669 1013/953/669 
s 1
f 1013/953/670 1012/952/670 1014/954/670 1015/955/670 
s 2
f 1015/955/671 1014/954/671 1016/956/671 1017/957/671 
s 1
f 1017/957/672 1016/956/672 1011/951/672 1010/950/672 
s 4
f 997/958/381 999/959/381 1001/960/381 993/961/381 991/962/381 989/963/381 986/964/381 985/965/381 
s 1
f 1018/966/673 1019/967/673 1020/968/673 1021/969/673 
s 2
f 1022/970/664 1023/971/664 1019/972/664 1018/966/664 
s 1
f 1024/973/424 1025/974/424 1023/975/424 1022/970/424 
s 2
f 1021/969/2 1020/976/2 1025/977/2 1024/973/2 
s 4
f 517/978/345 1018/966/345 1021/969/674 518/979/31 
f 1026/980/399 518/979/31 1021/969/674 1024/973/345 
f 1026/980/399 1024/973/345 1022/970/675 1027/981/646 
f 1027/981/646 1022/970/675 1018/966/345 517/978/345 
s 1
f 1028/982/1 1029/983/1 1030/984/1 1031/985/1 
f 1032/986/676 1033/987/676 1034/988/676 1035/989/676 
s 2
f 1035/989/388 1034/988/388 1036/990/388 1037/991/388 
s 1
f 1038/992/674 1039/993/674 1040/994/674 1041/995/674 
s 2
f 1028/982/676 1031/985/676 1042/996/676 1043/997/676 
f 1044/998/2 1033/987/2 1032/986/2 1045/999/2 
s 1
f 1043/997/388 1042/996/388 1046/1000/388 1047/1001/388 
s 4
f 1044/998/676 1045/999/676 1047/1001/676 1046/1000/676 
s 8
f 1045/1002/677 1037/1003/678 1038/1004/679 
f 1030/1005/680 1040/1006/681 1046/1007/682 
s 4
f 1038/992/683 1037/1008/683 1036/1009/683 1039/993/683 
s 2
f 1029/983/684 1041/995/684 1040/994/684 1030/984/684 
s 8
f 1040/1006/681 1039/1010/685 1044/1011/686 1046/1007/682 
f 1042/1012/687 1031/1013/687 1030/1005/680 1046/1007/682 
f 1044/1011/686 1039/1010/685 1036/1014/680 
f 1034/1015/687 1033/1016/687 1044/1011/686 1036/1014/680 
f 1029/1017/678 1047/1018/688 1041/1019/679 
f 1028/1020/689 1043/1021/689 1047/1018/688 1029/1017/678 
f 1041/1019/679 1047/1018/688 1045/1002/677 1038/1004/679 
f 1032/1022/689 1035/1023/689 1037/1003/678 1045/1002/677 
s 1
f 1048/1024/404 1049/1025/60 1050/1026/60 1051/1027/404 
f 1049/1025/60 1052/1028/267 1053/1029/267 1050/1026/60 
f 1052/1028/267 1054/1030/5 1055/1031/5 1053/1029/267 
f 1054/1030/5 1056/1032/405 1057/1033/405 1055/1031/5 
f 1056/1032/405 1058/1034/690 1059/1035/690 1057/1033/405 
f 1058/1034/690 1060/1036/691 1061/1037/692 1059/1035/690 
f 1060/1036/691 1062/1038/409 1063/1039/409 1061/1037/692 
f 1062/1038/409 1064/1040/693 1065/1041/693 1063/1039/409 
f 1064/1040/693 1066/1042/66 1067/1043/66 1065/1041/693 
f 1066/1042/66 1068/1044/65 1069/1045/65 1067/1043/66 
f 1068/1046/65 1070/1047/64 1071/1048/64 1069/1049/65 
f 1070/1047/64 1072/1050/411 1073/1051/411 1071/1048/64 
f 1072/1050/411 1074/1052/412 1075/1053/412 1073/1051/411 
f 1074/1052/412 1076/1054/694 1077/1055/695 1075/1053/412 
f 1076/1054/694 1078/1056/414 1079/1057/414 1077/1055/695 
f 1078/1056/414 1048/1024/404 1051/1027/404 1079/1057/414 
s 2
f 1063/802/23 1065/803/23 1067/804/23 1069/805/23 1071/806/23 1073/807/23 1075/808/23 1077/809/23 1079/810/23 1051/811/23 1050/812/23 1053/813/23 1055/814/23 1057/815/23 1059/816/23 1061/817/23 
f 1080/1058/345 1054/1059/345 1052/1060/345 1049/1061/345 
f 1080/1058/345 1058/1062/345 1056/1063/345 1054/1059/345 
f 1080/1058/345 1062/1064/345 1060/1065/73 1058/1062/345 
f 1080/1058/345 1066/1066/345 1064/1067/345 1062/1064/345 
f 1080/1058/345 1070/1068/345 1068/1069/345 1066/1066/345 
f 1080/1058/345 1074/1070/345 1072/1071/345 1070/1068/345 
f 1080/1058/345 1078/1072/345 1076/1073/345 1074/1070/345 
f 1080/1058/345 1049/1061/345 1048/1074/345 1078/1072/345 
s 1
f 1081/1075/404 1082/1076/60 1083/1077/60 1084/1078/404 
f 1082/1076/60 1085/1079/267 1086/1080/267 1083/1077/60 
f 1085/1079/267 1087/1081/5 1088/1082/5 1086/1080/267 
f 1087/1081/5 1089/1083/405 1090/1084/405 1088/1082/5 
f 1089/1083/405 1091/1085/690 1092/1086/690 1090/1084/405 
f 1091/1085/690 1093/1087/696 1094/1088/696 1092/1086/690 
f 1093/1089/696 1095/1090/409 1096/1091/409 1094/1092/696 
f 1095/1090/409 1097/1093/693 1098/1094/693 1096/1091/409 
f 1097/1093/693 1099/1095/66 1100/1096/66 1098/1094/693 
f 1099/1095/66 1101/1097/65 1102/1098/65 1100/1096/66 
f 1101/1097/65 1103/1099/64 1104/1100/64 1102/1098/65 
f 1103/1099/64 1105/1101/411 1106/1102/411 1104/1100/64 
f 1105/1101/411 1107/1103/412 1108/1104/412 1106/1102/411 
f 1107/1103/412 1109/1105/413 1110/1106/413 1108/1104/412 
f 1109/1105/413 1111/1107/414 1112/1108/414 1110/1106/413 
f 1111/1107/414 1081/1075/404 1084/1078/404 1112/1108/414 
s 2
f 1096/802/23 1098/803/23 1100/804/23 1102/805/23 1104/806/23 1106/807/23 1108/808/23 1110/809/23 1112/810/23 1084/811/23 1083/812/23 1086/813/23 1088/814/23 1090/815/23 1092/816/23 1094/817/23 
f 1113/1109/345 1087/1110/73 1085/1111/73 1082/1112/345 
f 1113/1109/345 1091/1113/73 1089/1114/73 1087/1110/73 
f 1113/1109/345 1095/1115/345 1093/1116/73 1091/1113/73 
f 1113/1109/345 1099/1117/697 1097/1118/697 1095/1115/345 
f 1113/1109/345 1103/1119/345 1101/1120/345 1099/1117/697 
f 1113/1109/345 1107/1121/345 1105/1122/345 1103/1119/345 
f 1113/1109/345 1111/1123/345 1109/1124/345 1107/1121/345 
f 1113/1109/345 1082/1112/345 1081/1125/345 1111/1123/345 
s 1
f 1114/1126/6 1115/1127/6 1116/1128/6 1117/1129/6 1118/1130/6 1119/1131/6 
s 2
f 1119/1131/674 1118/1130/674 1120/1132/674 1121/1133/674 
f 1115/1134/2 1114/1135/2 1122/1136/2 1123/1137/2 
f 1117/1138/35 1116/1139/35 1124/1140/35 1125/1141/35 
s 1
f 1123/1142/339 1122/1143/339 1121/1133/339 1120/1132/339 1125/1144/339 1124/1145/339 
s 4
f 1121/1133/698 1122/1143/698 1114/1126/698 1119/1131/698 
f 1118/1130/699 1117/1129/699 1125/1144/699 1120/1132/699 
s 1
f 1126/223/35 1127/224/36 1128/225/36 1129/226/35 
f 1130/227/36 1131/228/36 1128/225/36 1127/224/36 
s 2
f 1132/229/20 1133/230/20 1126/231/20 1129/232/20 
s 4
f 1133/233/700 1134/234/701 1127/235/702 1126/236/700 
f 1134/234/701 1135/237/364 1130/238/364 1127/235/702 
s 2
f 1135/239/11 1136/240/11 1131/232/11 1130/231/11 
s 4
f 1136/241/365 1137/242/366 1128/243/367 1131/244/365 
f 1137/242/366 1132/245/368 1129/246/368 1128/243/367 
s 1
f 1137/225/2 1134/224/2 1133/223/2 1132/226/2 
f 1136/228/2 1135/227/2 1134/224/2 1137/225/2 
f 1138/223/35 1139/224/35 1140/225/35 1141/226/35 
f 1142/227/35 1143/228/35 1140/225/35 1139/224/35 
s 2
f 1144/229/20 1145/230/20 1138/231/20 1141/232/20 
s 4
f 1145/233/703 1146/234/704 1139/235/705 1138/236/703 
f 1146/234/704 1147/237/706 1142/238/706 1139/235/705 
s 2
f 1147/239/11 1148/240/11 1143/232/11 1142/231/11 
s 4
f 1148/241/707 1149/242/366 1140/243/708 1143/244/707 
f 1149/242/366 1144/245/368 1141/246/368 1140/243/708 
s 1
f 1149/225/2 1146/224/2 1145/223/2 1144/226/2 
f 1148/228/2 1147/227/2 1146/224/2 1149/225/2 
f 1150/223/36 1151/224/36 1152/225/36 1153/226/36 
f 1154/227/35 1155/228/35 1152/225/36 1151/224/36 
s 2
f 1156/229/6 1157/230/6 1150/1146/6 1153/1147/6 
s 4
f 1157/233/709 1158/234/710 1151/235/711 1150/236/709 
f 1158/234/710 1159/237/712 1154/238/712 1151/235/711 
s 2
f 1159/239/11 1160/240/11 1155/232/11 1154/231/11 
s 4
f 1160/241/365 1161/242/366 1152/243/367 1155/244/365 
f 1161/242/366 1156/245/368 1153/246/368 1152/243/367 
s 1
f 1161/225/2 1158/224/2 1157/223/2 1156/226/2 
f 1160/228/2 1159/227/2 1158/224/2 1161/225/2 
f 1162/1148/20 1163/1149/20 1164/1150/20 1165/1151/20 
s 2
f 1166/1152/2 1167/1153/2 1163/1154/2 1162/1155/2 
s 1
f 1166/1156/27 1168/1157/27 1169/1158/27 1167/1159/27 
f 1170/1160/1 1171/1161/1 1172/1162/1 1173/1163/1 
s 2
f 1172/1162/11 1174/1164/11 1175/1165/11 1173/1163/11 
f 1176/1166/20 1171/1161/20 1170/1160/20 1177/1167/20 
s 4
f 1172/1162/73 1171/1161/73 1176/1168/73 1174/1169/73 
f 1175/1170/265 1177/1171/265 1170/1160/265 1173/1163/265 
s 1
f 1178/1159/113 1179/1156/113 1180/1157/113 1181/1158/113 
s 2
f 1182/1152/381 1183/1153/381 1179/1154/381 1178/1155/381 
s 1
f 1182/1149/339 1184/1150/339 1185/1151/339 1183/1148/339 
f 1186/135/339 1187/136/339 1188/137/340 1189/138/340 
f 1190/139/341 1191/140/342 1192/141/342 1193/142/341 
f 1194/143/343 1195/144/344 1196/145/344 1197/146/343 
s 2
f 1198/1172/345 1199/1173/345 1200/1174/345 1201/1175/345 1193/1176/345 1192/1177/345 1202/1178/345 1203/1179/345 1188/1180/345 1187/1181/345 1204/1182/345 1205/1183/345 1197/1184/345 1196/1185/345 1206/1186/345 1207/1187/345 
s 1
f 1208/163/346 1199/164/346 1198/165/347 1209/166/347 
s 2
f 1195/167/348 1194/168/348 1210/169/348 1211/170/348 1186/171/348 1189/172/348 1212/173/348 1213/174/348 1191/175/348 1190/176/348 1214/177/348 1215/178/348 1208/179/348 1209/180/348 1216/181/348 1217/182/348 
s 1
f 1204/183/349 1187/136/339 1186/135/339 1211/184/349 
f 1212/185/350 1189/138/340 1188/137/340 1203/186/350 
f 1214/187/266 1190/139/341 1193/142/341 1201/188/266 
f 1206/189/351 1196/145/344 1195/144/344 1217/190/351 
s 4
f 1205/191/352 1204/183/352 1211/184/352 1210/192/352 
s 1
f 1197/146/343 1205/193/353 1210/194/353 1194/143/343 
s 4
f 1213/195/354 1212/196/354 1203/197/354 1202/198/354 
s 1
f 1191/140/342 1213/195/355 1202/198/355 1192/141/342 
s 4
f 1215/199/356 1214/200/356 1201/201/356 1200/202/356 
s 1
f 1208/163/346 1215/199/357 1200/202/357 1199/164/346 
s 4
f 1207/203/358 1206/204/358 1217/205/358 1216/206/358 
s 1
f 1198/165/347 1207/203/359 1216/206/359 1209/166/347 
f 1218/324/73 1219/325/73 1220/326/73 1221/327/73 
s 2
f 1219/328/11 1218/329/11 1222/330/11 1223/331/11 
s 4
f 1220/332/2 1219/333/2 1223/331/2 1224/334/2 
s 2
f 1221/335/20 1220/336/20 1224/334/20 1225/337/20 
s 4
f 1218/324/35 1221/327/35 1225/337/35 1222/330/35 
s 1
f 1225/337/265 1224/334/265 1223/331/265 1222/330/265 
f 1226/432/713 1227/433/714 1228/434/714 1229/435/713 
f 1227/433/714 1230/436/67 1231/437/67 1228/434/714 
f 1230/436/67 1232/438/715 1233/439/715 1231/437/67 
f 1232/438/715 1234/440/65 1235/441/65 1233/439/715 
f 1234/440/65 1236/442/11 1237/443/11 1235/441/65 
f 1236/442/11 1238/444/716 1239/445/716 1237/443/11 
f 1238/444/716 1240/446/717 1241/447/717 1239/445/716 
f 1240/446/717 1242/448/718 1243/449/719 1241/447/717 
f 1242/448/718 1244/450/720 1245/451/720 1243/449/719 
f 1244/450/720 1246/452/266 1247/453/266 1245/451/720 
f 1246/454/266 1248/455/721 1249/456/721 1247/457/266 
f 1248/455/721 1250/458/112 1251/459/112 1249/456/721 
f 1250/458/112 1252/460/6 1253/461/6 1251/459/112 
f 1252/460/6 1254/462/722 1255/463/722 1253/461/6 
f 1254/462/722 1256/464/723 1257/465/723 1255/463/722 
f 1256/464/723 1226/432/713 1229/435/713 1257/465/723 
f 1258/338/724 1259/341/265 1260/340/265 1261/339/377 
f 1262/342/73 1263/345/73 1264/344/73 1265/343/73 
s 2
f 1266/346/20 1264/344/20 1263/345/20 1267/347/20 
s 4
f 1262/348/2 1268/351/381 1269/350/2 1263/349/1 
f 1270/352/393 1271/355/36 1260/354/35 1265/353/35 
f 1272/356/36 1273/358/379 1266/357/35 
s 1
f 1274/359/725 1275/362/725 1273/361/725 1272/360/725 
s 2
f 1276/363/726 1274/359/726 1272/360/726 1277/364/726 
f 1269/365/727 1278/366/727 1273/361/727 1275/362/727 
s 1
f 1271/367/728 1270/370/728 1279/369/728 1280/368/728 
s 8
f 1277/364/729 1271/367/729 1280/368/729 1276/363/729 
s 4
f 1260/354/35 1271/355/36 1277/372/36 1261/371/36 
f 1261/371/36 1277/372/36 1272/356/36 1266/357/35 
f 1266/357/35 1273/358/379 1278/374/35 1264/373/35 
f 1276/375/382 1259/377/1 1258/376/1 
f 1280/378/394 1259/377/1 1276/375/382 
f 1267/379/1 1263/349/1 1269/350/2 1275/380/2 
f 1267/379/1 1275/380/2 1274/381/1 
f 1267/379/1 1274/381/1 1276/375/382 1258/376/1 
s 1
f 1267/382/730 1258/338/724 1261/339/377 1266/383/730 
f 1281/384/731 1278/387/731 1269/386/731 1268/385/731 
s 4
f 1270/352/393 1265/353/35 1281/388/35 
s 2
f 1281/384/732 1268/385/732 1279/369/732 1270/370/732 
s 4
f 1281/388/35 1265/353/35 1264/373/35 1278/374/35 
f 1279/389/380 1262/348/2 1259/377/1 1280/378/394 
f 1262/348/2 1279/389/380 1268/351/381 
s 1
f 1282/1188/733 1283/1189/733 1284/1190/733 1285/1191/733 
s 2
f 1283/1189/734 1286/1192/734 1287/1193/734 1284/1190/734 
s 1
f 1286/1192/735 1288/1194/735 1289/1195/735 1287/1193/735 
s 2
f 1288/1194/736 1290/1196/736 1291/1197/736 1289/1195/736 
f 1285/1198/737 1292/1199/737 1293/1200/737 1282/1201/737 
s 1
f 1292/1199/738 1294/1202/738 1295/1203/738 1293/1200/738 
s 2
f 1295/1203/739 1294/1202/739 1296/1204/739 1297/1205/739 
s 1
f 1297/1205/740 1296/1204/740 1291/1197/740 1290/1196/740 
f 1298/1188/741 1299/1189/741 1300/1190/741 1301/1191/741 
s 2
f 1299/1189/742 1302/1192/742 1303/1193/742 1300/1190/742 
s 1
f 1302/1192/743 1304/1194/743 1305/1195/743 1303/1193/743 
s 2
f 1304/1194/744 1306/1196/744 1307/1197/744 1305/1195/744 
f 1301/1198/745 1308/1199/745 1309/1200/745 1298/1201/745 
s 1
f 1308/1199/746 1310/1202/746 1311/1203/746 1309/1200/746 
s 2
f 1311/1203/747 1310/1202/747 1312/1204/747 1313/1205/747 
s 1
f 1313/1205/740 1312/1204/740 1307/1197/740 1306/1196/740 
f 1314/1188/748 1315/1189/748 1316/1190/748 1317/1191/748 
s 2
f 1315/1189/749 1318/1192/749 1319/1193/749 1316/1190/749 
s 1
f 1318/1192/735 1320/1194/735 1321/1195/735 1319/1193/735 
s 2
f 1320/1194/750 1322/1196/750 1323/1197/750 1321/1195/750 
f 1317/1198/751 1324/1199/751 1325/1200/751 1314/1201/751 
s 1
f 1324/1199/752 1326/1202/752 1327/1203/752 1325/1200/752 
s 2
f 1327/1203/739 1326/1202/739 1328/1204/739 1329/1205/739 
s 1
f 1329/1205/753 1328/1204/753 1323/1197/753 1322/1196/753 
f 1330/292/73 1331/295/73 1332/294/73 1333/293/73 
s 2
f 1333/293/11 1334/297/11 1335/296/11 1330/292/11 
s 4
f 1332/298/35 1336/301/35 1334/300/35 1333/299/35 
s 2
f 1331/295/20 1337/303/20 1336/302/20 1332/294/20 
s 4
f 1330/292/2 1335/305/2 1337/304/2 1331/295/2 
s 1
f 1337/304/348 1335/305/348 1334/300/348 1336/301/348 
f 1338/306/35 1339/309/35 1340/308/35 1341/307/35 
s 2
f 1341/307/11 1342/311/11 1343/310/11 1338/306/11 
f 1339/309/20 1344/313/20 1345/312/20 1340/308/20 
s 1
f 1345/312/2 1344/313/2 1346/315/2 1347/314/2 
f 1348/316/2 1349/319/2 1350/318/2 1351/317/2 
f 1342/311/2 1352/321/2 1353/320/2 1343/310/2 
s 2
f 1352/321/20 1348/323/20 1351/322/20 1353/320/20 
f 1346/315/11 1350/318/11 1349/319/11 1347/314/11 
s 1
f 1354/324/73 1355/327/73 1356/326/73 1357/325/73 
s 2
f 1357/328/11 1358/331/11 1359/330/11 1354/329/11 
s 4
f 1356/332/35 1360/334/35 1358/331/35 1357/333/35 
s 2
f 1355/335/20 1361/337/20 1360/334/20 1356/336/20 
s 4
f 1354/324/2 1359/330/2 1361/337/2 1355/327/2 
s 1
f 1361/337/265 1359/330/265 1358/331/265 1360/334/265 
f 1362/338/378 1363/341/265 1364/340/265 1365/339/377 
f 1366/342/73 1367/345/73 1368/344/73 1369/343/73 
s 2
f 1370/346/20 1368/344/20 1367/345/20 1371/347/20 
s 4
f 1366/348/1 1372/351/1 1373/350/1 1367/349/2 
f 1374/352/35 1375/355/35 1364/354/35 1369/353/36 
f 1376/356/35 1377/358/379 1370/357/388 
s 1
f 1378/359/754 1379/362/754 1377/361/754 1376/360/754 
s 2
f 1380/363/755 1378/359/755 1376/360/755 1381/364/755 
f 1373/365/756 1382/366/756 1377/361/756 1379/362/756 
s 1
f 1375/367/757 1374/370/757 1383/369/757 1384/368/757 
s 8
f 1381/364/758 1375/367/758 1384/368/758 1380/363/758 
s 4
f 1364/354/35 1375/355/35 1381/372/388 1365/371/388 
f 1365/371/388 1381/372/388 1376/356/35 1370/357/388 
f 1370/357/388 1377/358/379 1382/374/379 1368/373/388 
f 1380/375/2 1363/377/1 1362/376/2 
f 1384/378/647 1363/377/1 1380/375/2 
f 1371/379/2 1367/349/2 1373/350/1 1379/380/382 
f 1371/379/2 1379/380/382 1378/381/1 
f 1371/379/2 1378/381/1 1380/375/2 1362/376/2 
s 1
f 1371/382/390 1362/338/378 1365/339/377 1370/383/390 
f 1385/384/759 1382/387/759 1373/386/759 1372/385/759 
s 4
f 1374/352/35 1369/353/36 1385/388/379 
s 2
f 1385/384/732 1372/385/732 1383/369/732 1374/370/732 
s 4
f 1385/388/379 1369/353/36 1368/373/388 1382/374/379 
f 1383/389/381 1366/348/1 1363/377/1 1384/378/647 
f 1366/348/1 1383/389/381 1372/351/1 
s 1
f 1386/390/11 1387/393/11 1388/392/11 1389/391/11 
s 2
f 1386/390/2 1390/395/2 1391/394/2 1387/393/2 
s 1
f 1391/394/20 1390/395/20 1392/397/20 1393/396/20 
f 1394/324/73 1395/327/73 1396/326/73 1397/325/73 
s 2
f 1397/328/11 1398/331/11 1399/330/11 1394/329/11 
s 4
f 1396/332/35 1400/334/35 1398/331/35 1397/333/35 
s 2
f 1395/335/20 1401/337/20 1400/334/20 1396/336/20 
s 4
f 1394/324/2 1399/330/2 1401/337/2 1395/327/2 
s 1
f 1401/337/265 1399/330/265 1398/331/265 1400/334/265 
f 1402/338/377 1403/339/378 1404/340/265 1405/341/265 
f 1406/342/399 1407/343/399 1408/344/399 1409/345/399 
s 2
f 1410/346/20 1411/347/20 1409/345/20 1408/344/20 
s 4
f 1406/348/35 1409/349/36 1412/350/35 1413/351/388 
f 1414/352/381 1407/353/2 1404/354/2 1415/355/1 
f 1416/356/1 1410/357/2 1417/358/381 
s 1
f 1418/359/383 1416/360/383 1417/361/383 1419/362/383 
s 2
f 1420/363/384 1421/364/384 1416/360/384 1418/359/384 
f 1412/365/385 1419/362/385 1417/361/385 1422/366/385 
s 1
f 1415/367/386 1423/368/386 1424/369/386 1414/370/386 
s 8
f 1421/364/387 1420/363/387 1423/368/387 1415/367/387 
s 4
f 1404/354/2 1403/371/1 1421/372/1 1415/355/1 
f 1403/371/1 1410/357/2 1416/356/1 1421/372/1 
f 1410/357/2 1408/373/2 1422/374/1 1417/358/381 
f 1420/375/379 1402/376/379 1405/377/36 
f 1423/378/393 1420/375/379 1405/377/36 
f 1411/379/36 1419/380/35 1412/350/35 1409/349/36 
f 1411/379/36 1418/381/36 1419/380/35 
f 1411/379/36 1402/376/379 1420/375/379 1418/381/36 
s 1
f 1411/382/390 1410/383/390 1403/339/378 1402/338/377 
f 1425/384/760 1413/385/760 1412/386/760 1422/387/760 
s 4
f 1414/352/381 1425/388/2 1407/353/2 
s 2
f 1425/384/761 1414/370/761 1424/369/761 1413/385/761 
s 4
f 1425/388/2 1422/374/1 1408/373/2 1407/353/2 
f 1424/389/389 1423/378/393 1405/377/36 1406/348/35 
f 1406/348/35 1413/351/388 1424/389/389 
s 1
f 1426/1188/762 1427/1191/762 1428/1190/762 1429/1189/762 
s 2
f 1429/1189/763 1428/1190/763 1430/1193/763 1431/1192/763 
s 1
f 1431/1192/764 1430/1193/764 1432/1195/764 1433/1194/764 
s 2
f 1433/1194/765 1432/1195/765 1434/1197/765 1435/1196/765 
f 1427/1198/766 1426/1201/766 1436/1200/766 1437/1199/766 
s 1
f 1437/1199/767 1436/1200/767 1438/1203/767 1439/1202/767 
s 2
f 1438/1203/768 1440/1205/768 1441/1204/768 1439/1202/768 
s 1
f 1440/1205/769 1435/1196/769 1434/1197/769 1441/1204/769 
f 1442/1188/770 1443/1191/770 1444/1190/770 1445/1189/770 
s 2
f 1445/1189/763 1444/1190/763 1446/1193/763 1447/1192/763 
s 1
f 1447/1192/771 1446/1193/771 1448/1195/771 1449/1194/771 
s 2
f 1449/1194/772 1448/1195/772 1450/1197/772 1451/1196/772 
f 1443/1198/766 1442/1201/766 1452/1200/766 1453/1199/766 
s 1
f 1453/1199/773 1452/1200/773 1454/1203/773 1455/1202/773 
s 2
f 1454/1203/774 1456/1205/774 1457/1204/774 1455/1202/774 
s 1
f 1456/1205/775 1451/1196/775 1450/1197/775 1457/1204/775 
f 1458/1188/762 1459/1191/762 1460/1190/762 1461/1189/762 
s 2
f 1461/1189/776 1460/1190/776 1462/1193/776 1463/1192/776 
s 1
f 1463/1192/777 1462/1193/777 1464/1195/777 1465/1194/777 
s 2
f 1465/1194/778 1464/1195/778 1466/1197/778 1467/1196/778 
f 1459/1198/779 1458/1201/779 1468/1200/779 1469/1199/779 
s 1
f 1469/1199/780 1468/1200/780 1470/1203/780 1471/1202/780 
s 2
f 1470/1203/781 1472/1205/781 1473/1204/781 1471/1202/781 
s 1
f 1472/1205/782 1467/1196/782 1466/1197/782 1473/1204/782 
f 1474/1206/404 1475/1207/60 1476/1208/60 1477/1209/404 
f 1475/1207/60 1478/1210/112 1479/1211/112 1476/1208/60 
f 1478/1210/112 1480/1212/508 1481/1213/508 1479/1211/112 
f 1480/1212/508 1482/1214/783 1483/1215/783 1481/1213/508 
f 1482/1214/783 1484/1216/784 1485/1217/784 1483/1215/783 
f 1484/1216/784 1486/1218/785 1487/1219/785 1485/1217/784 
f 1486/1220/785 1488/1221/409 1489/1222/409 1487/1223/785 
f 1488/1221/409 1490/1224/693 1491/1225/693 1489/1222/409 
f 1490/1224/693 1492/1226/66 1493/1227/66 1491/1225/693 
f 1492/1226/66 1494/1228/65 1495/1229/65 1493/1227/66 
f 1494/1230/65 1496/1231/64 1497/1232/64 1495/1233/65 
f 1496/1231/64 1498/1234/411 1499/1235/411 1497/1232/64 
f 1498/1234/411 1500/1236/412 1501/1237/412 1499/1235/411 
f 1500/1236/412 1502/1238/413 1503/1239/413 1501/1237/412 
f 1502/1238/413 1504/1240/414 1505/1241/414 1503/1239/413 
f 1504/1240/414 1474/1206/404 1477/1209/404 1505/1241/414 
s 2
f 1489/802/23 1491/803/23 1493/804/23 1495/805/23 1497/806/23 1499/807/23 1501/808/23 1503/809/23 1505/810/23 1477/811/23 1476/812/23 1479/813/23 1481/814/23 1483/815/23 1485/816/23 1487/817/23 
f 1506/1242/345 1480/1243/345 1478/1244/345 1475/1245/345 
f 1506/1242/345 1484/1246/345 1482/1247/345 1480/1243/345 
f 1506/1242/345 1488/1248/345 1486/1249/345 1484/1246/345 
f 1506/1242/345 1492/1250/345 1490/1251/345 1488/1248/345 
f 1506/1242/345 1496/1252/345 1494/1253/345 1492/1250/345 
f 1506/1242/345 1500/1254/345 1498/1255/345 1496/1252/345 
f 1506/1242/345 1504/1256/345 1502/1257/345 1500/1254/345 
f 1506/1242/345 1475/1245/345 1474/1258/345 1504/1256/345 
s 1
f 1507/1206/404 1508/1207/60 1509/1208/60 1510/1209/404 
f 1508/1207/60 1511/1210/267 1512/1211/267 1509/1208/60 
f 1511/1210/267 1513/1212/5 1514/1213/5 1512/1211/267 
f 1513/1212/5 1515/1214/405 1516/1215/405 1514/1213/5 
f 1515/1214/405 1517/1216/690 1518/1217/690 1516/1215/405 
f 1517/1216/690 1519/1218/786 1520/1219/787 1518/1217/690 
f 1519/1220/786 1521/1221/409 1522/1222/409 1520/1223/787 
f 1521/1221/409 1523/1224/693 1524/1225/693 1522/1222/409 
f 1523/1224/693 1525/1226/66 1526/1227/66 1524/1225/693 
f 1525/1226/66 1527/1228/65 1528/1229/65 1526/1227/66 
f 1527/1230/65 1529/1231/64 1530/1232/64 1528/1233/65 
f 1529/1231/64 1531/1234/411 1532/1235/411 1530/1232/64 
f 1531/1234/411 1533/1236/412 1534/1237/412 1532/1235/411 
f 1533/1236/412 1535/1238/413 1536/1239/413 1534/1237/412 
f 1535/1238/413 1537/1240/414 1538/1241/414 1536/1239/413 
f 1537/1240/414 1507/1206/404 1510/1209/404 1538/1241/414 
s 2
f 1522/802/23 1524/803/23 1526/804/23 1528/805/23 1530/806/23 1532/807/23 1534/808/23 1536/809/23 1538/810/23 1510/811/23 1509/812/23 1512/813/23 1514/814/23 1516/815/23 1518/816/23 1520/817/23 
f 1539/1259/345 1513/1260/345 1511/1261/345 1508/1262/345 
f 1539/1259/345 1517/1263/345 1515/1264/345 1513/1260/345 
f 1539/1259/345 1521/1265/345 1519/1266/73 1517/1263/345 
f 1539/1259/345 1525/1267/345 1523/1268/345 1521/1265/345 
f 1539/1259/345 1529/1269/345 1527/1270/345 1525/1267/345 
f 1539/1259/345 1533/1271/345 1531/1272/345 1529/1269/345 
f 1539/1259/345 1537/1273/345 1535/1274/345 1533/1271/345 
f 1539/1259/345 1508/1262/345 1507/1275/345 1537/1273/345 
s 1
f 1540/1276/570 1541/1277/60 1542/1278/60 1543/1279/570 
s 2
f 1541/1277/35 1544/1280/788 1545/1281/788 1542/1278/35 
f 1544/1280/788 1546/1282/789 1547/1283/789 1545/1281/788 
s 1
f 1546/1282/63 1548/1284/716 1549/1285/716 1547/1283/63 
f 1548/1284/716 1550/1286/11 1551/1287/11 1549/1285/716 
s 2
f 1550/1286/65 1552/1288/352 1553/1289/352 1551/1287/65 
f 1552/1288/352 1554/1290/67 1555/1291/67 1553/1289/352 
f 1554/1290/67 1556/1292/2 1557/1293/2 1555/1291/67 
s 4
f 1556/1292/790 1558/1294/791 1559/1295/791 1557/1293/790 
f 1558/1294/791 1560/1296/722 1561/1297/722 1559/1295/791 
f 1560/1296/722 1562/1298/20 1563/1299/20 1561/1297/722 
s 1
f 1562/1300/267 1540/1276/570 1543/1279/570 1563/1301/267 
f 1564/1302/570 1565/1303/60 1566/1304/60 1567/1305/570 
s 2
f 1565/1303/35 1568/1306/792 1569/1307/792 1566/1304/35 
f 1568/1306/792 1570/1308/793 1571/1309/793 1569/1307/792 
f 1570/1308/793 1572/1310/63 1573/1311/63 1571/1309/793 
s 1
f 1572/1312/11 1574/1313/11 1575/1314/11 1573/1315/11 
s 2
f 1574/1313/65 1576/1316/352 1577/1317/352 1575/1314/65 
f 1576/1316/352 1578/1318/66 1579/1319/66 1577/1317/352 
s 1
f 1578/1318/2 1580/1320/2 1581/1321/2 1579/1319/2 
s 2
f 1580/1320/794 1582/1322/791 1583/1323/791 1581/1321/794 
f 1582/1322/791 1584/1324/722 1585/1325/722 1583/1323/791 
f 1584/1324/722 1586/1326/20 1587/1327/20 1585/1325/722 
s 1
f 1586/1326/267 1564/1302/570 1567/1305/570 1587/1327/267 
s 4
f 1584/1328/265 1582/1329/265 1580/1330/265 1578/1331/265 1576/1332/265 1574/1333/265 1572/1334/265 1570/1335/265 1568/1336/265 1565/1337/265 1564/1338/265 1586/1339/265 
f 1566/1340/73 1569/1341/73 1571/1342/73 1573/1343/73 1575/1344/73 1577/1345/73 1579/1346/73 1581/1347/73 1583/1348/73 1585/1349/73 1587/1350/73 1567/1351/73 
s 1
f 1588/1352/570 1589/1353/60 1590/1354/60 1591/1355/570 
s 2
f 1589/1353/35 1592/1356/792 1593/1357/792 1590/1354/35 
f 1592/1356/792 1594/1358/793 1595/1359/793 1593/1357/792 
f 1594/1358/793 1596/1360/63 1597/1361/63 1595/1359/793 
s 1
f 1596/1362/11 1598/1363/64 1599/1364/64 1597/1365/11 
f 1598/1363/64 1600/1366/352 1601/1367/352 1599/1364/64 
f 1600/1366/352 1602/1368/66 1603/1369/66 1601/1367/352 
s 2
f 1602/1368/2 1604/1370/2 1605/1371/2 1603/1369/2 
s 1
f 1604/1370/794 1606/1372/794 1607/1373/794 1605/1371/794 
s 2
f 1606/1372/70 1608/1374/722 1609/1375/722 1607/1373/70 
f 1608/1374/722 1610/1376/20 1611/1377/20 1609/1375/722 
s 1
f 1610/1376/267 1588/1352/570 1591/1355/570 1611/1377/267 
s 4
f 1608/1378/265 1606/1379/265 1604/1380/265 1602/1381/265 1600/1382/265 1598/1383/265 1596/1384/265 1594/1385/265 1592/1386/265 1589/1387/265 1588/1388/265 1610/1389/265 
f 1590/1390/73 1593/1391/73 1595/1392/73 1597/1393/73 1599/1394/73 1601/1395/73 1603/1396/73 1605/1397/73 1607/1398/73 1609/1399/73 1611/1400/73 1591/1401/73 
s 1
f 1612/1402/570 1613/1403/60 1614/1404/60 1615/1405/570 
s 2
f 1613/1406/35 1616/1407/795 1617/1408/795 1614/1409/35 
f 1616/1407/795 1618/1410/796 1619/1411/796 1617/1408/795 
s 1
f 1618/1410/63 1620/1412/716 1621/1413/716 1619/1411/63 
f 1620/1412/716 1622/1414/11 1623/1415/11 1621/1413/716 
s 2
f 1622/1414/65 1624/1416/352 1625/1417/352 1623/1415/65 
f 1624/1416/352 1626/1418/67 1627/1419/67 1625/1417/352 
f 1626/1418/67 1628/1420/2 1629/1421/2 1627/1419/67 
s 1
f 1628/1420/797 1630/1422/797 1631/1423/797 1629/1421/797 
s 2
f 1630/1422/70 1632/1424/722 1633/1425/722 1631/1423/70 
f 1632/1424/722 1634/1426/20 1635/1427/20 1633/1425/722 
s 1
f 1634/1426/267 1612/1402/570 1615/1405/570 1635/1427/267 
s 4
f 1614/1428/73 1617/1429/73 1619/1430/73 1621/1431/73 1623/1432/73 1625/1433/73 1627/1434/73 1629/1435/73 1631/1436/73 1633/1437/73 1635/1438/73 1615/1439/73 
s 1
f 1636/1440/570 1637/1441/60 1638/1442/60 1639/1443/570 
s 2
f 1637/1444/35 1640/1445/788 1641/1446/788 1638/1447/35 
f 1640/1445/788 1642/1448/798 1643/1449/798 1641/1446/788 
s 1
f 1642/1448/63 1644/1450/716 1645/1451/716 1643/1449/63 
f 1644/1450/716 1646/1452/11 1647/1453/11 1645/1451/716 
s 2
f 1646/1452/65 1648/1454/65 1649/1455/65 1647/1453/65 
s 1
f 1648/1454/66 1650/1456/67 1651/1457/67 1649/1455/66 
f 1650/1456/67 1652/1458/2 1653/1459/2 1651/1457/67 
s 2
f 1652/1458/799 1654/1460/296 1655/1461/296 1653/1459/799 
f 1654/1460/296 1656/1462/722 1657/1463/722 1655/1461/296 
f 1656/1462/722 1658/1464/20 1659/1465/20 1657/1463/722 
s 1
f 1658/1464/267 1636/1440/570 1639/1443/570 1659/1465/267 
f 1660/1466/570 1661/1467/60 1662/1468/60 1663/1469/570 
s 2
f 1661/1467/35 1664/1470/800 1665/1471/800 1662/1468/35 
f 1664/1470/800 1666/1472/801 1667/1473/801 1665/1471/800 
s 1
f 1666/1472/63 1668/1474/716 1669/1475/716 1667/1473/63 
f 1668/1474/716 1670/1476/11 1671/1477/11 1669/1475/716 
s 2
f 1670/1476/65 1672/1478/352 1673/1479/352 1671/1477/65 
f 1672/1478/352 1674/1480/67 1675/1481/67 1673/1479/352 
f 1674/1480/67 1676/1482/2 1677/1483/2 1675/1481/67 
s 4
f 1676/1482/802 1678/1484/803 1679/1485/803 1677/1483/802 
f 1678/1484/803 1680/1486/722 1681/1487/722 1679/1485/803 
f 1680/1486/722 1682/1488/20 1683/1489/20 1681/1487/722 
s 1
f 1682/1490/267 1660/1466/570 1663/1469/570 1683/1491/267 
f 1684/1492/570 1685/1493/60 1686/1494/60 1687/1495/570 
s 2
f 1685/1496/35 1688/1497/35 1689/1498/35 1686/1499/35 
s 1
f 1688/1497/804 1690/1500/805 1691/1501/805 1689/1498/804 
f 1690/1500/805 1692/1502/716 1693/1503/716 1691/1501/805 
f 1692/1502/716 1694/1504/11 1695/1505/11 1693/1503/716 
s 2
f 1694/1504/65 1696/1506/352 1697/1507/352 1695/1505/65 
f 1696/1506/352 1698/1508/66 1699/1509/66 1697/1507/352 
s 1
f 1698/1508/2 1700/1510/806 1701/1511/806 1699/1509/2 
f 1700/1510/806 1702/1512/807 1703/1513/807 1701/1511/806 
s 2
f 1702/1512/70 1704/1514/722 1705/1515/722 1703/1513/70 
f 1704/1514/722 1706/1516/20 1707/1517/20 1705/1515/722 
s 1
f 1706/1516/267 1684/1492/570 1687/1495/570 1707/1517/267 
s 4
f 1704/1518/265 1702/1519/265 1700/1520/265 1698/1521/265 1696/1522/265 1694/1523/265 1692/1524/265 1690/1525/265 1688/1526/265 1685/1527/265 1684/1528/265 1706/1529/265 
f 1686/1530/73 1689/1531/73 1691/1532/73 1693/1533/73 1695/1534/73 1697/1535/73 1699/1536/73 1701/1537/73 1703/1538/73 1705/1539/73 1707/1540/73 1687/1541/73 
s 1
f 1708/1542/808 1709/1543/809 1710/1544/810 1711/1545/808 
f 1709/1543/809 1712/1546/811 1713/1547/811 1710/1544/810 
s 2
f 1712/1546/812 1714/1548/812 1715/1549/812 1713/1547/812 
s 1
f 1714/1548/813 1716/1550/813 1717/1551/813 1715/1549/813 
s 2
f 1716/1550/814 1718/1552/815 1719/1553/816 1717/1551/814 
f 1718/1552/815 1720/1554/817 1721/1555/818 1719/1553/816 
f 1720/1554/817 1722/1556/819 1723/1557/819 1721/1555/818 
s 1
f 1722/1556/820 1724/1558/820 1725/1559/820 1723/1557/820 
s 2
f 1724/1558/821 1726/1560/822 1727/1561/823 1725/1559/821 
f 1726/1560/822 1728/1562/824 1729/1563/824 1727/1561/823 
s 1
f 1728/1564/825 1730/1565/825 1731/1566/825 1729/1567/825 
s 2
f 1730/1565/826 1708/1542/826 1711/1545/826 1731/1566/826 
s 1
f 1732/1568/827 1733/1569/828 1734/1570/829 1735/1571/830 
f 1733/1569/828 1736/1572/831 1737/1573/831 1734/1570/829 
s 2
f 1736/1574/812 1738/1575/812 1739/1576/812 1737/1577/812 
s 4
f 1738/1575/813 1740/1578/832 1741/1579/833 1739/1576/813 
f 1740/1578/832 1742/1580/834 1743/1581/835 1741/1579/833 
f 1742/1580/834 1744/1582/836 1745/1583/837 1743/1581/835 
f 1744/1582/836 1746/1584/838 1747/1585/839 1745/1583/837 
f 1746/1584/838 1748/1586/840 1749/1587/841 1747/1585/839 
f 1748/1586/840 1750/1588/821 1751/1589/821 1749/1587/841 
s 1
f 1750/1588/824 1752/1590/842 1753/1591/843 1751/1589/824 
f 1752/1590/842 1754/1592/844 1755/1593/845 1753/1591/843 
f 1754/1592/844 1732/1568/827 1735/1571/830 1755/1593/845 
s 8
f 1734/1594/352 1737/1595/352 1739/1596/352 1741/1597/352 1743/1598/352 1745/1599/352 1747/1600/352 1749/1601/352 1751/1602/352 1753/1603/352 1755/1604/352 1735/1605/352 
f 1754/1606/570 1752/1607/570 1750/1608/570 1748/1609/570 1746/1610/570 1744/1611/570 1742/1612/570 1740/1613/570 1738/1614/570 1736/1615/570 1733/1616/570 1732/1617/570 
s 4
f 1634/1618/265 1632/1619/265 1630/1620/265 1628/1621/265 1626/1622/265 1624/1623/265 1622/1624/265 1620/1625/265 1618/1626/265 1616/1627/265 1613/1628/265 1612/1629/265 
f 1641/1630/73 1643/1631/73 1645/1632/73 1647/1633/73 1649/1634/73 1651/1635/73 1653/1636/73 1655/1637/73 1657/1638/73 1659/1639/73 1639/1640/73 1638/1641/73 
s 1
f 1756/1642/846 1757/1643/846 1758/1644/846 1759/1645/846 
s 2
f 1760/1646/847 1757/1647/847 1756/1648/847 1761/1649/847 
f 1758/1644/848 1762/1650/848 1763/1651/848 1759/1645/848 
s 1
f 1763/1652/849 1762/1653/849 1760/1646/849 1761/1649/849 
f 1764/1654/399 1765/1655/399 1766/1656/399 1767/1657/399 
s 2
f 1768/1658/850 1769/1659/850 1766/1660/850 1765/1661/850 1770/1662/850 1771/1663/850 
s 4
f 1772/1664/851 1769/1665/852 1768/1666/853 1773/1667/853 
f 1770/1668/854 1774/1669/855 1775/1670/119 1771/1671/119 
s 2
f 1775/1672/856 1774/1673/856 1764/1674/856 1767/1675/856 1772/1676/856 1773/1677/856 
s 4
f 1766/1656/857 1769/1665/852 1772/1664/851 1767/1657/857 
f 1764/1654/858 1774/1669/855 1770/1668/854 1765/1655/858 
s 1
f 1776/1654/675 1777/1655/675 1778/1656/675 1779/1657/675 
s 2
f 1780/1658/111 1781/1659/111 1778/1660/111 1777/1661/111 1782/1662/111 1783/1663/111 
s 4
f 1784/1664/859 1781/1665/860 1780/1666/861 1785/1667/861 
f 1782/1668/862 1786/1669/863 1787/1670/864 1783/1671/864 
s 2
f 1787/1672/865 1786/1673/865 1776/1674/865 1779/1675/865 1784/1676/865 1785/1677/865 
s 4
f 1778/1656/866 1781/1665/860 1784/1664/859 1779/1657/866 
f 1776/1654/867 1786/1669/863 1782/1668/862 1777/1655/867 
s 1
f 1788/1642/868 1789/1643/868 1790/1644/868 1791/1645/868 
s 2
f 1792/1646/869 1789/1647/869 1788/1648/869 1793/1649/869 
f 1790/1644/870 1794/1650/870 1795/1651/870 1791/1645/870 
s 1
f 1795/1652/871 1794/1653/871 1792/1646/871 1793/1649/871 
f 1796/1642/872 1797/1643/872 1798/1644/872 1799/1645/872 
s 2
f 1800/1646/873 1797/1647/873 1796/1648/873 1801/1649/873 
f 1798/1644/874 1802/1650/874 1803/1651/874 1799/1645/874 
s 1
f 1803/1652/875 1802/1653/875 1800/1646/875 1801/1649/875 
f 1804/1642/876 1805/1643/876 1806/1644/876 1807/1645/876 
s 2
f 1808/1646/877 1805/1647/877 1804/1648/877 1809/1649/877 
f 1806/1644/878 1810/1650/878 1811/1651/878 1807/1645/878 
s 1
f 1811/1652/879 1810/1653/879 1808/1646/879 1809/1649/879 
f 1812/1642/880 1813/1643/880 1814/1644/880 1815/1645/880 
s 2
f 1816/1646/881 1813/1647/881 1812/1648/881 1817/1649/881 
f 1814/1644/882 1818/1650/882 1819/1651/882 1815/1645/882 
s 1
f 1819/1652/883 1818/1653/883 1816/1646/883 1817/1649/883 
f 1820/1642/884 1821/1643/884 1822/1644/884 1823/1645/884 
s 2
f 1824/1646/885 1821/1647/885 1820/1648/885 1825/1649/885 
f 1822/1644/886 1826/1650/886 1827/1651/886 1823/1645/886 
s 1
f 1827/1652/887 1826/1653/887 1824/1646/887 1825/1649/887 
f 1828/1492/60 1829/1493/266 1830/1494/266 1831/1495/60 
f 1829/1496/266 1832/1497/35 1833/1498/35 1830/1499/266 
s 2
f 1832/1497/888 1834/1500/62 1835/1501/62 1833/1498/888 
f 1834/1500/62 1836/1502/716 1837/1503/716 1835/1501/62 
f 1836/1502/716 1838/1504/64 1839/1505/64 1837/1503/716 
f 1838/1504/64 1840/1506/352 1841/1507/352 1839/1505/64 
f 1840/1506/352 1842/1508/66 1843/1509/66 1841/1507/352 
s 1
f 1842/1508/2 1844/1510/889 1845/1511/889 1843/1509/2 
f 1844/1510/889 1846/1512/890 1847/1513/890 1845/1511/889 
s 2
f 1846/1512/70 1848/1514/722 1849/1515/722 1847/1513/70 
f 1848/1514/722 1850/1516/5 1851/1517/5 1849/1515/722 
f 1850/1516/5 1828/1492/267 1831/1495/267 1851/1517/5 
s 4
f 1848/1518/265 1846/1519/265 1844/1520/265 1842/1521/265 1840/1522/265 1838/1523/265 1836/1524/265 1834/1525/265 1832/1526/265 1829/1527/265 1828/1528/265 1850/1529/265 
f 1830/1530/73 1833/1531/73 1835/1532/73 1837/1533/73 1839/1534/73 1841/1535/73 1843/1536/73 1845/1537/73 1847/1538/73 1849/1539/73 1851/1540/73 1831/1541/73 
s 1
f 1852/1678/891 1853/1679/891 1854/1680/891 1855/1681/891 
s 2
f 1854/1682/23 1856/1683/23 1857/1684/23 1855/1685/23 
f 1858/1686/345 1853/1687/345 1852/1688/345 1859/1689/345 
s 4
f 1854/1690/11 1853/1691/11 1858/1692/11 1856/1693/11 
f 1852/1694/20 1855/1695/20 1857/1696/20 1859/1697/20 
s 1
f 1860/1698/892 1861/1699/892 1862/1700/892 1863/1701/892 
s 2
f 1861/1699/44 1864/1702/44 1865/1703/44 1862/1700/44 
s 1
f 1864/1704/893 1866/1705/893 1867/1706/893 1865/1707/893 
s 2
f 1860/1698/6 1863/1701/6 1867/1706/6 1866/1705/6 
s 4
f 1865/1708/894 1867/1706/894 1863/1701/894 1862/1709/894 
f 1866/1705/895 1864/1710/895 1861/1711/895 1860/1698/895 
s 1
f 1868/1712/646 1869/1713/646 1870/1714/646 1871/1715/646 
s 2
f 1869/1713/339 1872/1716/339 1873/1717/339 1870/1714/339 
s 1
f 1872/1718/348 1874/1719/348 1875/1720/348 1873/1721/348 
s 2
f 1868/1712/401 1871/1715/401 1875/1720/401 1874/1719/401 
s 4
f 1873/1722/896 1875/1720/896 1871/1715/896 1870/1723/896 
f 1874/1719/897 1872/1724/897 1869/1725/897 1868/1712/897 
s 1
f 1876/1726/393 1877/1727/393 1878/1728/393 1879/1729/393 
s 2
f 1877/1727/898 1880/1730/898 1881/1731/898 1878/1728/898 
s 1
f 1880/1732/2 1882/1733/2 1883/1734/2 1881/1735/2 
s 2
f 1876/1726/674 1879/1729/674 1883/1734/674 1882/1733/674 
s 4
f 1881/1736/11 1883/1734/11 1879/1729/11 1878/1737/11 
f 1882/1733/423 1880/1738/423 1877/1739/423 1876/1726/423 
s 1
f 1884/1740/899 1885/1741/899 1886/1742/899 1887/1743/899 
s 2
f 1888/1744/900 1889/1745/900 1885/1741/900 1884/1740/900 
s 1
f 1890/1746/901 1891/1747/901 1889/1745/901 1888/1744/901 
s 2
f 1892/1748/902 1893/1749/902 1891/1747/902 1890/1746/902 
f 1887/1743/903 1886/1742/903 1894/1750/903 1895/1751/903 
s 1
f 1895/1752/904 1894/1753/904 1896/1754/904 1897/1755/904 
s 2
f 1897/1755/905 1896/1754/905 1898/1756/905 1899/1757/905 
s 1
f 1899/1757/906 1898/1756/906 1893/1749/906 1892/1748/906 
f 1900/1698/675 1901/1699/675 1902/1700/675 1903/1701/675 
s 2
f 1901/1699/27 1904/1702/27 1905/1703/27 1902/1700/27 
s 1
f 1904/1704/23 1906/1705/23 1907/1706/23 1905/1707/23 
s 2
f 1900/1698/113 1903/1701/113 1907/1706/113 1906/1705/113 
s 4
f 1905/1708/894 1907/1706/894 1903/1701/894 1902/1709/894 
f 1906/1705/895 1904/1710/895 1901/1711/895 1900/1698/895 
s 1
f 1908/1698/892 1909/1699/892 1910/1700/892 1911/1701/892 
s 2
f 1909/1699/339 1912/1702/339 1913/1703/339 1910/1700/339 
s 1
f 1912/1704/676 1914/1705/676 1915/1706/676 1913/1707/676 
s 2
f 1908/1698/113 1911/1701/113 1915/1706/113 1914/1705/113 
s 4
f 1913/1708/896 1915/1706/896 1911/1701/896 1910/1709/896 
f 1914/1705/895 1912/1710/895 1909/1711/895 1908/1698/895 
s 1
f 1916/1698/675 1917/1699/675 1918/1700/675 1919/1701/675 
s 2
f 1917/1699/907 1920/1702/907 1921/1703/907 1918/1700/907 
s 1
f 1920/1704/893 1922/1705/893 1923/1706/893 1921/1707/893 
s 2
f 1916/1698/401 1919/1701/401 1923/1706/401 1922/1705/401 
s 4
f 1921/1708/908 1923/1706/908 1919/1701/908 1918/1709/908 
f 1922/1705/909 1920/1710/909 1917/1711/909 1916/1698/909 
s 1
f 1924/1698/675 1925/1699/675 1926/1700/675 1927/1701/675 
s 2
f 1925/1699/11 1928/1702/11 1929/1703/11 1926/1700/11 
s 1
f 1928/1704/265 1930/1705/265 1931/1706/265 1929/1707/265 
s 2
f 1924/1698/401 1927/1701/401 1931/1706/401 1930/1705/401 
s 4
f 1929/1708/910 1931/1706/910 1927/1701/910 1926/1709/910 
f 1930/1705/909 1928/1710/909 1925/1711/909 1924/1698/909 
s 1
f 1932/1758/891 1933/1759/891 1934/1760/891 1935/1761/891 
s 2
f 1934/1762/23 1936/1763/23 1937/1764/23 1935/1765/23 
f 1938/1766/73 1933/1767/73 1932/1768/73 1939/1769/73 
s 4
f 1934/1690/673 1933/1691/673 1938/1692/673 1936/1693/673 
f 1932/1694/911 1935/1695/911 1937/1696/911 1939/1697/911 
s 1
f 1940/1492/60 1941/1493/266 1942/1494/266 1943/1495/60 
f 1941/1496/266 1944/1497/35 1945/1498/35 1942/1499/266 
s 2
f 1944/1497/912 1946/1500/338 1947/1501/338 1945/1498/912 
f 1946/1500/338 1948/1502/716 1949/1503/716 1947/1501/338 
f 1948/1502/716 1950/1504/64 1951/1505/64 1949/1503/716 
f 1950/1504/64 1952/1506/352 1953/1507/352 1951/1505/64 
f 1952/1506/352 1954/1508/66 1955/1509/66 1953/1507/352 
s 1
f 1954/1508/2 1956/1510/889 1957/1511/889 1955/1509/2 
f 1956/1510/889 1958/1512/890 1959/1513/890 1957/1511/889 
s 2
f 1958/1512/70 1960/1514/722 1961/1515/722 1959/1513/70 
f 1960/1514/722 1962/1516/5 1963/1517/5 1961/1515/722 
f 1962/1516/5 1940/1492/267 1943/1495/267 1963/1517/5 
s 4
f 1960/1518/265 1958/1519/265 1956/1520/265 1954/1521/265 1952/1522/265 1950/1523/265 1948/1524/265 1946/1525/265 1944/1526/265 1941/1527/265 1940/1528/265 1962/1529/265 
f 1942/1530/73 1945/1531/73 1947/1532/73 1949/1533/73 1951/1534/73 1953/1535/73 1955/1536/73 1957/1537/73 1959/1538/73 1961/1539/73 1963/1540/73 1943/1541/73 
s 1
f 1964/1492/60 1965/1493/266 1966/1494/266 1967/1495/60 
f 1965/1496/266 1968/1497/35 1969/1498/35 1966/1499/266 
s 2
f 1968/1497/912 1970/1500/272 1971/1501/272 1969/1498/912 
f 1970/1500/272 1972/1502/716 1973/1503/716 1971/1501/272 
f 1972/1502/716 1974/1504/64 1975/1505/64 1973/1503/716 
f 1974/1504/64 1976/1506/352 1977/1507/352 1975/1505/64 
f 1976/1506/352 1978/1508/66 1979/1509/66 1977/1507/352 
s 1
f 1978/1508/2 1980/1510/889 1981/1511/889 1979/1509/2 
f 1980/1510/889 1982/1512/890 1983/1513/890 1981/1511/889 
s 2
f 1982/1512/70 1984/1514/722 1985/1515/722 1983/1513/70 
f 1984/1514/722 1986/1516/5 1987/1517/5 1985/1515/722 
f 1986/1516/5 1964/1492/267 1967/1495/267 1987/1517/5 
s 4
f 1984/1518/265 1982/1519/265 1980/1520/265 1978/1521/265 1976/1522/265 1974/1523/265 1972/1524/265 1970/1525/265 1968/1526/265 1965/1527/265 1964/1528/265 1986/1529/265 
f 1966/1530/73 1969/1531/73 1971/1532/73 1973/1533/73 1975/1534/73 1977/1535/73 1979/1536/73 1981/1537/73 1983/1538/73 1985/1539/73 1987/1540/73 1967/1541/73 
s 1
f 1988/887/913 1989/888/913 1990/889/913 1991/890/913 
s 2
f 1991/890/914 1990/889/914 1992/891/914 1993/892/914 
s 1
f 1993/892/915 1992/891/915 1994/893/915 1995/894/915 
s 2
f 1995/894/916 1994/893/916 1996/895/916 1997/896/916 
s 1
f 1997/896/917 1996/895/917 1998/897/917 1999/898/917 
s 2
f 1999/898/918 1998/897/918 2000/899/918 2001/900/918 
s 1
f 2001/900/919 2000/899/919 2002/901/919 2003/902/919 
s 2
f 2003/903/920 2002/904/920 1989/888/920 1988/887/920 
s 4
f 1993/905/381 1995/906/381 1997/907/381 1999/908/381 2001/909/381 2003/910/381 1988/911/381 1991/912/381 
s 1
f 2004/887/913 2005/888/913 2006/889/913 2007/890/913 
s 2
f 2007/890/921 2006/889/921 2008/891/921 2009/892/921 
s 1
f 2009/892/915 2008/891/915 2010/893/915 2011/894/915 
s 2
f 2011/894/916 2010/893/916 2012/895/916 2013/896/916 
s 1
f 2013/896/917 2012/895/917 2014/897/917 2015/898/917 
s 2
f 2015/898/922 2014/897/922 2016/899/922 2017/900/922 
s 1
f 2017/900/654 2016/899/654 2018/901/654 2019/902/654 
s 2
f 2019/903/923 2018/904/923 2005/888/923 2004/887/923 
s 4
f 2009/905/394 2011/906/394 2013/907/394 2015/908/394 2017/909/394 2019/910/394 2004/911/394 2007/912/394 
s 1
f 2020/887/924 2021/888/924 2022/889/924 2023/890/924 
s 2
f 2023/890/914 2022/889/914 2024/891/914 2025/892/914 
s 1
f 2025/892/925 2024/891/925 2026/893/925 2027/894/925 
s 2
f 2027/894/651 2026/893/651 2028/895/651 2029/896/651 
s 1
f 2029/896/917 2028/895/917 2030/897/917 2031/898/917 
s 2
f 2031/898/918 2030/897/918 2032/899/918 2033/900/918 
s 1
f 2033/900/654 2032/899/654 2034/901/654 2035/902/654 
s 2
f 2035/903/923 2034/904/923 2021/888/923 2020/887/923 
s 4
f 2025/905/1 2027/906/1 2029/907/1 2031/908/1 2033/909/1 2035/910/1 2020/911/1 2023/912/1 
s 1
f 2036/869/2 2037/870/2 2038/871/2 2039/872/2 
s 2
f 2040/873/926 2041/874/926 2036/869/926 2039/872/926 
s 4
f 2041/875/423 2042/876/423 2037/877/423 2036/878/423 
s 2
f 2042/879/674 2043/880/674 2038/881/674 2037/882/674 
s 4
f 2043/883/907 2040/884/907 2039/885/907 2038/886/907 
s 1
f 2043/880/35 2042/879/35 2041/874/35 2040/873/35 
f 2044/887/927 2045/888/927 2046/889/927 2047/890/927 
s 2
f 2047/890/928 2046/889/928 2048/891/928 2049/892/928 
s 1
f 2049/892/929 2048/891/929 2050/893/929 2051/894/929 
s 2
f 2051/894/930 2050/893/930 2052/895/930 2053/896/930 
s 1
f 2053/896/931 2052/895/931 2054/897/931 2055/898/931 
s 2
f 2055/898/932 2054/897/932 2056/899/932 2057/900/932 
s 1
f 2057/900/933 2056/899/933 2058/901/933 2059/902/933 
s 2
f 2059/903/934 2058/904/934 2045/888/934 2044/887/934 
s 4
f 2049/905/379 2051/906/379 2053/907/379 2055/908/379 2057/909/379 2059/910/379 2044/911/379 2047/912/379 
s 1
f 2060/887/935 2061/888/935 2062/889/935 2063/890/935 
s 2
f 2063/890/928 2062/889/928 2064/891/928 2065/892/928 
s 1
f 2065/892/936 2064/891/936 2066/893/936 2067/894/936 
s 2
f 2067/894/937 2066/893/937 2068/895/937 2069/896/937 
s 1
f 2069/896/938 2068/895/938 2070/897/938 2071/898/938 
s 2
f 2071/898/939 2070/897/939 2072/899/939 2073/900/939 
s 1
f 2073/900/933 2072/899/933 2074/901/933 2075/902/933 
s 2
f 2075/903/940 2074/904/940 2061/888/940 2060/887/940 
s 4
f 2065/905/379 2067/906/379 2069/907/379 2071/908/379 2073/909/379 2075/910/379 2060/911/379 2063/912/379 
s 1
f 2076/887/927 2077/888/927 2078/889/927 2079/890/927 
s 2
f 2079/890/941 2078/889/941 2080/891/941 2081/892/941 
s 1
f 2081/892/942 2080/891/942 2082/893/942 2083/894/942 
s 2
f 2083/894/937 2082/893/937 2084/895/937 2085/896/937 
s 1
f 2085/896/943 2084/895/943 2086/897/943 2087/898/943 
s 2
f 2087/898/944 2086/897/944 2088/899/944 2089/900/944 
s 1
f 2089/900/933 2088/899/933 2090/901/933 2091/902/933 
s 2
f 2091/903/940 2090/904/940 2077/888/940 2076/887/940 
s 4
f 2081/905/35 2083/906/35 2085/907/35 2087/908/35 2089/909/35 2091/910/35 2076/911/35 2079/912/35 
s 1
f 2092/887/927 2093/888/927 2094/889/927 2095/890/927 
s 2
f 2095/890/941 2094/889/941 2096/891/941 2097/892/941 
s 1
f 2097/892/945 2096/891/945 2098/893/945 2099/894/945 
s 2
f 2099/894/946 2098/893/946 2100/895/946 2101/896/946 
s 1
f 2101/896/947 2100/895/947 2102/897/947 2103/898/947 
s 2
f 2103/898/932 2102/897/932 2104/899/932 2105/900/932 
s 1
f 2105/900/933 2104/899/933 2106/901/933 2107/902/933 
s 2
f 2107/903/940 2106/904/940 2093/888/940 2092/887/940 
s 4
f 2097/905/948 2099/906/948 2101/907/948 2103/908/948 2105/909/948 2107/910/948 2092/911/948 2095/912/948 
s 1
f 2108/278/949 2109/279/949 2110/280/949 2111/281/949 
s 2
f 2109/279/950 2112/282/950 2113/283/950 2110/280/950 
s 1
f 2113/283/951 2112/282/951 2114/284/951 2115/285/951 
f 2116/286/952 2117/287/952 2118/288/952 2119/289/952 
s 2
f 2114/290/953 2116/286/953 2119/289/953 2115/291/953 
f 2111/281/954 2118/288/954 2117/287/954 2108/278/954 
s 1
f 2120/1770/388 2121/1771/388 2122/1772/388 2123/1773/388 
s 2
f 2122/620/348 2124/621/348 2125/622/348 2123/623/348 
f 2126/624/399 2121/625/399 2120/626/399 2127/627/399 
s 1
f 2128/1774/955 2129/1775/955 2130/1776/955 2131/1777/955 
s 2
f 2132/1778/956 2133/1779/956 2129/1775/956 2128/1774/956 
s 1
f 2134/1780/957 2135/1781/957 2133/1779/957 2132/1778/957 
s 2
f 2136/1782/958 2137/1783/958 2135/1781/958 2134/1780/958 
s 1
f 2138/1784/959 2139/1785/959 2137/1783/959 2136/1782/959 
s 2
f 2140/1786/960 2141/1787/960 2139/1788/960 2138/1789/960 
s 1
f 2142/1790/961 2143/1791/961 2141/1787/961 2140/1786/961 
s 2
f 2142/1790/962 2131/1777/962 2130/1776/962 2143/1791/962 
s 4
f 2142/1792/379 2140/1793/379 2138/1794/379 2136/1795/379 2134/1796/379 2132/1797/379 2128/1798/379 2131/1799/379 
s 1
f 2144/1774/963 2145/1775/963 2146/1776/963 2147/1777/963 
s 2
f 2148/1778/964 2149/1779/964 2145/1775/964 2144/1774/964 
s 1
f 2150/1780/965 2151/1781/965 2149/1779/965 2148/1778/965 
s 2
f 2152/1782/966 2153/1783/966 2151/1781/966 2150/1780/966 
s 1
f 2154/1784/967 2155/1785/967 2153/1783/967 2152/1782/967 
s 2
f 2156/1786/968 2157/1787/968 2155/1788/968 2154/1789/968 
s 1
f 2158/1790/969 2159/1791/969 2157/1787/969 2156/1786/969 
s 2
f 2158/1790/970 2147/1777/970 2146/1776/970 2159/1791/970 
s 4
f 2158/1800/379 2156/1801/379 2154/1802/379 2152/1803/379 2150/1804/379 2148/1805/379 2144/1806/379 2147/1807/379 
s 1
f 2160/1774/971 2161/1775/971 2162/1776/971 2163/1777/971 
s 2
f 2164/1778/972 2165/1779/972 2161/1775/972 2160/1774/972 
s 1
f 2166/1780/973 2167/1781/973 2165/1779/973 2164/1778/973 
s 2
f 2168/1782/974 2169/1783/974 2167/1781/974 2166/1780/974 
s 1
f 2170/1784/975 2171/1785/975 2169/1783/975 2168/1782/975 
s 2
f 2172/1786/976 2173/1787/976 2171/1788/976 2170/1789/976 
s 1
f 2174/1790/977 2175/1791/977 2173/1787/977 2172/1786/977 
s 2
f 2174/1790/978 2163/1777/978 2162/1776/978 2175/1791/978 
s 4
f 2174/1808/388 2172/1809/388 2170/1810/388 2168/1811/388 2166/1812/388 2164/1813/388 2160/1814/388 2163/1815/388 
s 1
f 2176/1774/979 2177/1775/979 2178/1776/979 2179/1777/979 
s 2
f 2180/1778/980 2181/1779/980 2177/1775/980 2176/1774/980 
s 1
f 2182/1780/981 2183/1781/981 2181/1779/981 2180/1778/981 
s 2
f 2184/1782/982 2185/1783/982 2183/1781/982 2182/1780/982 
s 1
f 2186/1784/983 2187/1785/983 2185/1783/983 2184/1782/983 
s 2
f 2188/1786/591 2189/1787/591 2187/1788/591 2186/1789/591 
s 1
f 2190/1790/984 2191/1791/984 2189/1787/984 2188/1786/984 
s 2
f 2190/1790/985 2179/1777/985 2178/1776/985 2191/1791/985 
s 4
f 2190/1816/35 2188/1817/35 2186/1818/35 2184/1819/35 2182/1820/35 2180/1821/35 2176/1822/35 2179/1823/35 
s 1
f 2192/1774/986 2193/1775/986 2194/1776/986 2195/1777/986 
s 2
f 2196/1778/987 2197/1779/987 2193/1775/987 2192/1774/987 
s 1
f 2198/1780/988 2199/1781/988 2197/1779/988 2196/1778/988 
s 2
f 2200/1782/989 2201/1783/989 2199/1781/989 2198/1780/989 
s 1
f 2202/1784/990 2203/1785/990 2201/1783/990 2200/1782/990 
s 2
f 2204/1786/991 2205/1787/991 2203/1788/991 2202/1789/991 
s 1
f 2206/1790/992 2207/1791/992 2205/1787/992 2204/1786/992 
s 2
f 2206/1790/993 2195/1777/993 2194/1776/993 2207/1791/993 
s 4
f 2206/1824/382 2204/1825/382 2202/1826/382 2200/1827/382 2198/1828/382 2196/1829/382 2192/1830/382 2195/1831/382 
s 1
f 2208/1774/994 2209/1775/994 2210/1776/994 2211/1777/994 
s 2
f 2212/1778/995 2213/1779/995 2209/1775/995 2208/1774/995 
s 1
f 2214/1780/996 2215/1781/996 2213/1779/996 2212/1778/996 
s 2
f 2216/1782/997 2217/1783/997 2215/1781/997 2214/1780/997 
s 1
f 2218/1784/998 2219/1785/998 2217/1783/998 2216/1782/998 
s 2
f 2220/1786/999 2221/1787/999 2219/1788/999 2218/1789/999 
s 1
f 2222/1790/1000 2223/1791/1000 2221/1787/1000 2220/1786/1000 
s 2
f 2222/1790/1001 2211/1777/1001 2210/1776/1001 2223/1791/1001 
s 4
f 2222/1832/380 2220/1833/380 2218/1834/380 2216/1835/380 2214/1836/380 2212/1837/380 2208/1838/380 2211/1839/380 
s 1
f 2224/1774/1002 2225/1775/1002 2226/1776/1002 2227/1777/1002 
s 2
f 2228/1778/1003 2229/1779/1003 2225/1775/1003 2224/1774/1003 
s 1
f 2230/1780/1004 2231/1781/1004 2229/1779/1004 2228/1778/1004 
s 2
f 2232/1782/1005 2233/1783/1005 2231/1781/1005 2230/1780/1005 
s 1
f 2234/1784/1006 2235/1785/1006 2233/1783/1006 2232/1782/1006 
s 2
f 2236/1786/1007 2237/1787/1007 2235/1788/1007 2234/1789/1007 
s 1
f 2238/1790/1008 2239/1791/1008 2237/1787/1008 2236/1786/1008 
s 2
f 2238/1790/1009 2227/1777/1009 2226/1776/1009 2239/1791/1009 
s 4
f 2238/1840/381 2236/1841/381 2234/1842/381 2232/1843/381 2230/1844/381 2228/1845/381 2224/1846/381 2227/1847/381 
s 1
f 2240/1774/1010 2241/1775/1010 2242/1776/1010 2243/1777/1010 
s 2
f 2244/1778/1011 2245/1779/1011 2241/1775/1011 2240/1774/1011 
s 1
f 2246/1780/1012 2247/1781/1012 2245/1779/1012 2244/1778/1012 
s 2
f 2248/1782/1013 2249/1783/1013 2247/1781/1013 2246/1780/1013 
s 1
f 2250/1784/1014 2251/1785/1014 2249/1783/1014 2248/1782/1014 
s 2
f 2252/1786/1015 2253/1787/1015 2251/1788/1015 2250/1789/1015 
s 1
f 2254/1790/1016 2255/1791/1016 2253/1787/1016 2252/1786/1016 
s 2
f 2254/1790/1017 2243/1777/1017 2242/1776/1017 2255/1791/1017 
s 4
f 2254/1848/382 2252/1849/382 2250/1850/382 2248/1851/382 2246/1852/382 2244/1853/382 2240/1854/382 2243/1855/382 
s 1
f 2256/1856/35 2257/1857/35 2258/1858/1018 2259/1859/1018 
s 2
f 2257/1857/73 2260/1860/73 2261/1861/73 2258/1858/73 
f 2262/1862/265 2263/1863/265 2264/1864/265 2265/1865/265 
s 1
f 2260/1860/2 2266/1866/2 2267/1867/1019 2261/1861/1019 
s 4
f 2268/1868/20 2269/1869/20 2265/1865/20 2270/1870/20 
s 2
f 2271/1871/73 2272/1872/73 2269/1869/73 2268/1868/73 
f 2273/1873/265 2267/1874/265 2259/1859/265 2274/1875/265 
s 4
f 2275/1876/11 2264/1877/11 2272/1872/11 2271/1871/11 
s 1
f 2276/1878/60 2268/1868/570 2270/1870/570 2277/1879/60 
f 2278/1880/266 2276/1878/60 2277/1879/60 2274/1875/266 
f 2258/1858/1018 2278/1880/266 2274/1875/266 2259/1859/1018 
s 2
f 2279/1881/73 2271/1871/73 2268/1868/73 2276/1878/73 
f 2280/1882/73 2279/1881/73 2276/1878/73 2278/1880/73 
f 2261/1861/73 2280/1882/73 2278/1880/73 2258/1858/73 
f 2281/1883/265 2273/1873/265 2274/1875/265 2277/1879/265 
f 2275/1884/265 2281/1883/265 2277/1879/265 2270/1870/265 
f 2264/1864/265 2275/1884/265 2270/1870/265 2265/1865/265 
s 1
f 2281/1885/66 2275/1876/352 2271/1871/352 2279/1881/66 
f 2273/1886/67 2281/1885/66 2279/1881/66 2280/1882/67 
f 2267/1867/1019 2273/1886/67 2280/1882/67 2261/1861/1019 
s 2
f 2256/1856/265 2259/1859/265 2267/1874/265 2266/1887/265 
s 4
f 2265/1865/20 2269/1869/20 2282/1888/20 2262/1862/20 
s 2
f 2282/1888/73 2269/1869/73 2272/1872/73 2283/1889/73 
s 4
f 2272/1872/11 2264/1877/11 2263/1890/11 2283/1889/11 
s 1
f 2284/1856/2 2285/1859/1020 2286/1858/1020 2287/1857/2 
s 2
f 2287/1857/73 2286/1858/73 2288/1861/73 2289/1860/73 
f 2262/1862/265 2290/1865/265 2291/1864/265 2263/1863/265 
s 1
f 2289/1860/35 2288/1861/1021 2292/1867/1021 2293/1866/35 
s 4
f 2294/1868/1022 2295/1870/1022 2290/1865/1022 2296/1869/1022 
s 2
f 2297/1871/73 2294/1868/73 2296/1869/73 2298/1872/73 
f 2299/1873/265 2300/1875/265 2285/1859/265 2292/1874/265 
s 4
f 2301/1876/1023 2297/1871/1023 2298/1872/1023 2291/1877/1023 
s 1
f 2302/1878/1024 2303/1879/1024 2295/1870/1025 2294/1868/1025 
f 2304/1880/1026 2300/1875/1026 2303/1879/1024 2302/1878/1024 
f 2286/1858/1020 2285/1859/1020 2300/1875/1026 2304/1880/1026 
s 2
f 2305/1881/73 2302/1878/73 2294/1868/73 2297/1871/73 
f 2306/1882/73 2304/1880/73 2302/1878/73 2305/1881/73 
f 2288/1861/73 2286/1858/73 2304/1880/73 2306/1882/73 
f 2307/1883/265 2303/1879/265 2300/1875/265 2299/1873/265 
f 2301/1884/265 2295/1870/265 2303/1879/265 2307/1883/265 
f 2291/1864/265 2290/1865/265 2295/1870/265 2301/1884/265 
s 1
f 2307/1885/1027 2305/1881/1027 2297/1871/1028 2301/1876/1028 
f 2299/1886/1029 2306/1882/1029 2305/1881/1027 2307/1885/1027 
f 2292/1867/1021 2288/1861/1021 2306/1882/1029 2299/1886/1029 
s 2
f 2284/1856/265 2293/1887/265 2292/1874/265 2285/1859/265 
s 4
f 2290/1865/1022 2262/1862/20 2282/1888/20 2296/1869/1022 
s 2
f 2282/1888/73 2283/1889/73 2298/1872/73 2296/1869/73 
s 4
f 2298/1872/1023 2283/1889/11 2263/1890/11 2291/1877/1023 
s 1
f 2256/1856/35 2308/1859/1021 2309/1858/1021 2257/1857/35 
s 2
f 2257/1857/73 2309/1858/73 2310/1861/73 2260/1860/73 
f 2311/1862/265 2312/1865/265 2313/1864/265 2314/1863/265 
s 1
f 2260/1860/2 2310/1861/1020 2315/1867/1020 2266/1866/2 
s 4
f 2316/1868/1023 2317/1870/1023 2312/1865/1023 2318/1869/1023 
s 2
f 2319/1871/73 2316/1868/73 2318/1869/73 2320/1872/73 
f 2321/1873/265 2322/1875/265 2308/1859/265 2315/1874/265 
s 4
f 2323/1876/1022 2319/1871/1022 2320/1872/1022 2313/1877/1022 
s 1
f 2324/1878/1030 2325/1879/1030 2317/1870/1028 2316/1868/1028 
f 2326/1880/1029 2322/1875/1029 2325/1879/1030 2324/1878/1030 
f 2309/1858/1021 2308/1859/1021 2322/1875/1029 2326/1880/1029 
s 2
f 2327/1881/73 2324/1878/73 2316/1868/73 2319/1871/73 
f 2328/1882/73 2326/1880/73 2324/1878/73 2327/1881/73 
f 2310/1861/73 2309/1858/73 2326/1880/73 2328/1882/73 
f 2329/1883/265 2325/1879/265 2322/1875/265 2321/1873/265 
f 2323/1884/265 2317/1870/265 2325/1879/265 2329/1883/265 
f 2313/1864/265 2312/1865/265 2317/1870/265 2323/1884/265 
s 1
f 2329/1885/1031 2327/1881/1031 2319/1871/1025 2323/1876/1025 
f 2321/1886/1026 2328/1882/1026 2327/1881/1031 2329/1885/1031 
f 2315/1867/1020 2310/1861/1020 2328/1882/1026 2321/1886/1026 
s 2
f 2256/1856/265 2266/1887/265 2315/1874/265 2308/1859/265 
s 4
f 2312/1865/1023 2311/1862/11 2330/1888/11 2318/1869/1023 
s 2
f 2330/1888/73 2331/1889/73 2320/1872/73 2318/1869/73 
s 4
f 2320/1872/1022 2331/1889/20 2314/1890/20 2313/1877/1022 
s 1
f 2284/1856/2 2287/1857/2 2332/1858/1019 2333/1859/1019 
s 2
f 2287/1857/73 2289/1860/73 2334/1861/73 2332/1858/73 
f 2311/1862/265 2314/1863/265 2335/1864/265 2336/1865/265 
s 1
f 2289/1860/35 2293/1866/35 2337/1867/1018 2334/1861/1018 
s 4
f 2338/1868/11 2339/1869/11 2336/1865/11 2340/1870/11 
s 2
f 2341/1871/73 2342/1872/73 2339/1869/73 2338/1868/73 
f 2343/1873/265 2337/1874/265 2333/1859/265 2344/1875/265 
s 4
f 2345/1876/20 2335/1877/20 2342/1872/20 2341/1871/20 
s 1
f 2346/1878/66 2338/1868/352 2340/1870/352 2347/1879/66 
f 2348/1880/67 2346/1878/66 2347/1879/66 2344/1875/67 
f 2332/1858/1019 2348/1880/67 2344/1875/67 2333/1859/1019 
s 2
f 2349/1881/73 2341/1871/73 2338/1868/73 2346/1878/73 
f 2350/1882/73 2349/1881/73 2346/1878/73 2348/1880/73 
f 2334/1861/73 2350/1882/73 2348/1880/73 2332/1858/73 
f 2351/1883/265 2343/1873/265 2344/1875/265 2347/1879/265 
f 2345/1884/265 2351/1883/265 2347/1879/265 2340/1870/265 
f 2335/1864/265 2345/1884/265 2340/1870/265 2336/1865/265 
s 1
f 2351/1885/60 2345/1876/570 2341/1871/570 2349/1881/60 
f 2343/1886/266 2351/1885/60 2349/1881/60 2350/1882/266 
f 2337/1867/1018 2343/1886/266 2350/1882/266 2334/1861/1018 
s 2
f 2284/1856/265 2333/1859/265 2337/1874/265 2293/1887/265 
s 4
f 2336/1865/11 2339/1869/11 2330/1888/11 2311/1862/11 
s 2
f 2330/1888/73 2339/1869/73 2342/1872/73 2331/1889/73 
s 4
f 2342/1872/20 2335/1877/20 2314/1890/20 2331/1889/20 
s 1
f 2352/223/2 2353/224/2 2354/225/2 2355/226/2 
f 2356/227/2 2357/228/2 2354/225/2 2353/224/2 
s 2
f 2358/229/11 2359/230/11 2352/231/11 2355/232/11 
s 4
f 2359/233/1032 2360/234/1033 2353/235/1034 2352/236/1032 
f 2360/234/1033 2361/237/1035 2356/238/1035 2353/235/1034 
s 2
f 2361/239/20 2362/240/20 2357/232/20 2356/231/20 
s 4
f 2362/241/1036 2363/242/1037 2354/243/1038 2357/244/1036 
f 2363/242/1037 2358/245/1039 2355/246/1039 2354/243/1038 
s 1
f 2363/225/35 2360/224/35 2359/223/36 2358/226/36 
f 2362/228/35 2361/227/35 2360/224/35 2363/225/35 
f 2364/223/1 2365/224/1 2366/225/1 2367/226/1 
f 2368/227/1 2369/228/1 2366/225/1 2365/224/1 
s 2
f 2370/229/11 2371/230/11 2364/231/11 2367/232/11 
s 4
f 2371/233/1032 2372/234/1033 2365/235/1034 2364/236/1032 
f 2372/234/1033 2373/237/1040 2368/238/1040 2365/235/1034 
s 2
f 2373/239/6 2374/240/6 2369/232/6 2368/231/6 
s 4
f 2374/241/1041 2375/242/1042 2366/243/1043 2369/244/1041 
f 2375/242/1042 2370/245/1044 2367/246/1044 2366/243/1043 
s 1
f 2375/225/36 2372/224/36 2371/223/36 2370/226/36 
f 2374/228/36 2373/227/36 2372/224/36 2375/225/36 
f 2376/223/2 2377/224/2 2378/225/2 2379/226/2 
f 2380/227/2 2381/228/2 2378/225/2 2377/224/2 
s 2
f 2382/229/11 2383/230/11 2376/231/11 2379/232/11 
s 4
f 2383/233/1045 2384/234/1046 2377/235/1047 2376/236/1045 
f 2384/234/1046 2385/237/1048 2380/238/1048 2377/235/1047 
s 2
f 2385/239/20 2386/240/20 2381/232/20 2380/231/20 
s 4
f 2386/241/1049 2387/242/1050 2378/243/1051 2381/244/1049 
f 2387/242/1050 2382/245/1052 2379/246/1052 2378/243/1051 
s 1
f 2387/225/35 2384/224/35 2383/223/35 2382/226/35 
f 2386/228/35 2385/227/35 2384/224/35 2387/225/35 
f 2388/223/1 2389/224/1 2390/225/1 2391/226/1 
f 2392/227/2 2393/228/2 2390/225/1 2389/224/1 
s 2
f 2394/229/27 2395/230/27 2388/231/27 2391/232/27 
s 4
f 2395/233/1045 2396/234/1046 2389/235/1047 2388/236/1045 
f 2396/234/1046 2397/237/1048 2392/238/1048 2389/235/1047 
s 2
f 2397/239/20 2398/240/20 2393/232/20 2392/231/20 
s 4
f 2398/241/1049 2399/242/1053 2390/243/1051 2393/244/1049 
f 2399/242/1053 2394/245/1039 2391/246/1039 2390/243/1051 
s 1
f 2399/225/35 2396/224/35 2395/223/35 2394/226/35 
f 2398/228/35 2397/227/35 2396/224/35 2399/225/35 
f 2400/1891/1054 2401/1892/1055 2402/1893/1056 2403/1894/1054 
f 2404/1895/1057 2400/1891/1054 2403/1894/1054 2405/1896/1058 
f 2406/1897/1059 2404/1895/1057 2405/1896/1058 2407/1898/1059 
f 2408/1899/1060 2406/1897/1059 2407/1898/1059 2409/1900/1060 
f 2410/1901/1061 2408/1899/1060 2409/1900/1060 2411/1902/1061 
f 2412/1903/1062 2410/1901/1061 2411/1902/1061 2413/1904/1062 
f 2414/1905/1063 2412/1903/1062 2413/1904/1062 2415/1906/1063 
f 2416/1907/1064 2414/1905/1063 2415/1906/1063 2417/1908/1064 
f 2418/1909/1065 2416/1907/1064 2417/1908/1064 2419/1910/1066 
f 2420/1911/1067 2418/1909/1065 2419/1910/1066 2421/1912/1067 
f 2422/1913/1068 2420/1914/1067 2421/1915/1067 2423/1916/1068 
f 2424/1917/1069 2422/1913/1068 2423/1916/1068 2425/1918/1069 
f 2426/1919/1070 2424/1917/1069 2425/1918/1069 2427/1920/1070 
f 2428/1921/1071 2426/1919/1070 2427/1920/1070 2429/1922/1071 
f 2430/1923/1072 2428/1921/1071 2429/1922/1071 2431/1924/1072 
f 2401/1892/1055 2430/1923/1072 2431/1924/1072 2402/1893/1056 
f 2432/1925/1073 2433/1926/1074 2434/1927/1074 2435/1928/1073 
f 2436/1929/1075 2432/1925/1073 2435/1928/1073 2437/1930/1075 
f 2438/1931/1076 2436/1929/1075 2437/1930/1075 2439/1932/1076 
f 2440/1933/1077 2438/1931/1076 2439/1932/1076 2441/1934/1077 
f 2442/1935/1078 2440/1933/1077 2441/1934/1077 2443/1936/1078 
f 2444/1937/1079 2442/1935/1078 2443/1936/1078 2445/1938/1079 
f 2446/1939/1080 2447/1940/1079 2448/1941/1079 2449/1942/1080 
f 2450/1943/1081 2446/1939/1080 2449/1942/1080 2451/1944/1082 
f 2452/1945/1083 2450/1943/1081 2451/1944/1082 2453/1946/1083 
f 2454/1947/1084 2452/1945/1083 2453/1946/1083 2455/1948/1084 
f 2456/1949/1085 2457/1950/1084 2458/1951/1084 2459/1952/1085 
f 2460/1953/1086 2456/1949/1085 2459/1952/1085 2461/1954/1086 
f 2462/1955/1087 2460/1953/1086 2461/1954/1086 2463/1956/1087 
f 2464/1957/1088 2462/1955/1087 2463/1956/1087 2465/1958/1088 
f 2466/1959/1089 2464/1957/1088 2465/1958/1088 2467/1960/1089 
f 2433/1926/1074 2466/1959/1089 2467/1960/1089 2434/1927/1074 
f 2446/1961/23 2450/1962/265 2452/1963/23 
f 2468/1963/265 2457/1964/265 2456/1965/265 
f 2456/1965/265 2460/1966/265 2462/1967/265 
f 2468/1963/265 2456/1965/265 2462/1967/265 
f 2462/1967/265 2464/1968/265 2466/1969/265 
f 2466/1969/348 2433/1970/348 2432/1971/265 
f 2462/1967/265 2466/1969/265 2432/1971/265 
f 2468/1963/265 2462/1967/265 2432/1971/265 
f 2432/1971/265 2436/1972/348 2438/1973/348 
f 2438/1973/265 2440/1974/265 2442/1975/265 
f 2432/1971/265 2438/1973/265 2442/1975/265 
f 2468/1963/265 2432/1971/265 2442/1975/265 
f 2446/1961/265 2452/1963/265 2469/1975/265 
f 2446/1961/265 2469/1975/265 2447/1976/265 
f 2470/1977/73 2439/1978/73 2437/1979/73 
f 2437/1979/73 2435/1980/73 2470/1977/73 
f 2470/1977/73 2443/1981/73 2441/1982/73 
f 2441/1982/73 2439/1978/73 2470/1977/73 
f 2470/1977/73 2471/1983/73 2445/1984/73 
f 2445/1984/73 2443/1981/73 2470/1977/73 
f 2470/1977/73 2472/1985/73 2473/1986/73 
f 2473/1986/73 2471/1983/73 2470/1977/73 
f 2470/1977/73 2459/1987/73 2458/1988/73 
f 2458/1988/73 2472/1985/73 2470/1977/73 
f 2470/1977/73 2463/1989/73 2461/1990/73 
f 2461/1990/73 2459/1987/73 2470/1977/73 
f 2470/1977/73 2467/1991/73 2465/1992/73 
f 2465/1992/73 2463/1989/73 2470/1977/73 
f 2470/1977/73 2435/1980/73 2434/1993/73 
f 2434/1993/73 2467/1991/73 2470/1977/73 
f 2474/1891/1054 2475/1892/1055 2476/1893/1056 2477/1894/1054 
f 2478/1895/1090 2474/1891/1054 2477/1894/1054 2479/1896/1091 
f 2480/1897/1059 2478/1895/1090 2479/1896/1091 2481/1898/1092 
f 2482/1899/1060 2480/1897/1059 2481/1898/1092 2483/1900/1060 
f 2484/1901/1061 2482/1899/1060 2483/1900/1060 2485/1902/1061 
f 2486/1903/1062 2484/1901/1061 2485/1902/1061 2487/1904/1062 
f 2488/1905/1063 2486/1903/1062 2487/1904/1062 2489/1906/1063 
f 2490/1907/1064 2488/1905/1063 2489/1906/1063 2491/1908/1064 
f 2492/1909/1066 2490/1907/1064 2491/1908/1064 2493/1910/1066 
f 2494/1911/1067 2492/1909/1066 2493/1910/1066 2495/1912/1067 
f 2496/1913/1068 2494/1914/1067 2495/1915/1067 2497/1916/1068 
f 2498/1917/1069 2496/1913/1068 2497/1916/1068 2499/1918/1069 
f 2500/1919/1070 2498/1917/1069 2499/1918/1069 2501/1920/1070 
f 2502/1921/1071 2500/1919/1070 2501/1920/1070 2503/1922/1071 
f 2504/1923/1072 2502/1921/1071 2503/1922/1071 2505/1924/1072 
f 2475/1892/1055 2504/1923/1072 2505/1924/1072 2476/1893/1056 
f 2506/1925/1073 2507/1926/1074 2508/1927/1074 2509/1928/1073 
f 2510/1929/1075 2506/1925/1073 2509/1928/1073 2511/1930/1075 
f 2512/1931/1076 2510/1929/1075 2511/1930/1075 2513/1932/1076 
f 2514/1933/1093 2512/1931/1076 2513/1932/1076 2515/1934/1077 
f 2516/1935/1078 2514/1933/1093 2515/1934/1077 2517/1936/1078 
f 2518/1937/1079 2516/1935/1078 2517/1936/1078 2519/1938/1079 
f 2520/1939/1080 2518/1940/1079 2519/1941/1079 2521/1942/1080 
f 2522/1943/1081 2520/1939/1080 2521/1942/1080 2523/1944/1082 
f 2524/1945/1083 2522/1943/1081 2523/1944/1082 2525/1946/1083 
f 2526/1947/1084 2524/1945/1083 2525/1946/1083 2527/1948/1084 
f 2528/1949/1085 2526/1950/1084 2527/1951/1084 2529/1952/1085 
f 2530/1953/1086 2528/1949/1085 2529/1952/1085 2531/1954/1086 
f 2532/1955/1087 2530/1953/1086 2531/1954/1086 2533/1956/1087 
f 2534/1957/1088 2532/1955/1087 2533/1956/1087 2535/1958/1088 
f 2536/1959/1089 2534/1957/1088 2535/1958/1088 2537/1960/1089 
f 2507/1926/1074 2536/1959/1089 2537/1960/1089 2508/1927/1074 
f 2520/1961/23 2522/1962/265 2524/1963/23 
f 2524/1963/265 2526/1964/265 2528/1965/265 
f 2528/1965/265 2530/1966/265 2532/1967/265 
f 2524/1963/265 2528/1965/265 2532/1967/265 
f 2532/1967/265 2534/1968/265 2536/1969/265 
f 2536/1969/348 2507/1970/348 2506/1971/265 
f 2532/1967/265 2536/1969/265 2506/1971/265 
f 2524/1963/265 2532/1967/265 2506/1971/265 
f 2506/1971/23 2510/1972/348 2512/1973/348 
f 2512/1973/348 2514/1974/348 2516/1975/348 
f 2506/1971/265 2512/1973/265 2516/1975/265 
f 2524/1963/265 2506/1971/265 2516/1975/265 
f 2520/1961/265 2524/1963/265 2516/1975/265 
f 2520/1961/265 2516/1975/265 2518/1976/265 
f 2538/1977/73 2513/1978/73 2511/1979/73 
f 2511/1979/73 2509/1980/73 2538/1977/73 
f 2538/1977/73 2517/1981/73 2515/1982/73 
f 2515/1982/73 2513/1978/73 2538/1977/73 
f 2538/1977/73 2521/1983/73 2519/1984/73 
f 2519/1984/73 2517/1981/73 2538/1977/73 
f 2538/1977/73 2525/1985/73 2523/1986/73 
f 2523/1986/399 2521/1983/399 2538/1977/399 
f 2538/1977/73 2529/1987/73 2527/1988/73 
f 2527/1988/73 2525/1985/73 2538/1977/73 
f 2538/1977/73 2533/1989/73 2531/1990/73 
f 2531/1990/73 2529/1987/73 2538/1977/73 
f 2538/1977/73 2537/1991/73 2535/1992/73 
f 2535/1992/73 2533/1989/73 2538/1977/73 
f 2538/1977/73 2509/1980/73 2508/1993/73 
f 2508/1993/399 2537/1991/399 2538/1977/399 
f 2539/1891/1054 2540/1892/1055 2541/1893/1056 2542/1894/1054 
f 2543/1895/1090 2539/1891/1054 2542/1894/1054 2544/1896/1091 
f 2545/1897/1059 2543/1895/1090 2544/1896/1091 2546/1898/1092 
f 2547/1899/1060 2545/1897/1059 2546/1898/1092 2548/1900/1060 
f 2549/1901/1061 2547/1899/1060 2548/1900/1060 2550/1902/1061 
f 2551/1903/1062 2549/1901/1061 2550/1902/1061 2552/1904/1062 
f 2553/1905/1063 2551/1903/1062 2552/1904/1062 2554/1906/1063 
f 2555/1907/1064 2553/1905/1063 2554/1906/1063 2556/1908/1064 
f 2557/1909/1066 2555/1907/1064 2556/1908/1064 2558/1910/1066 
f 2559/1911/1067 2557/1909/1066 2558/1910/1066 2560/1912/1067 
f 2561/1913/1068 2559/1914/1067 2560/1915/1067 2562/1916/1068 
f 2563/1917/1069 2561/1913/1068 2562/1916/1068 2564/1918/1069 
f 2565/1919/1070 2563/1917/1069 2564/1918/1069 2566/1920/1070 
f 2567/1921/1071 2565/1919/1070 2566/1920/1070 2568/1922/1071 
f 2569/1923/1072 2567/1921/1071 2568/1922/1071 2570/1924/1072 
f 2540/1892/1055 2569/1923/1072 2570/1924/1072 2541/1893/1056 
f 2571/1925/1073 2572/1926/1074 2573/1927/1074 2574/1928/1073 
f 2575/1929/1075 2571/1925/1073 2574/1928/1073 2576/1930/1075 
f 2577/1931/1076 2575/1929/1075 2576/1930/1075 2578/1932/1076 
f 2579/1933/1093 2577/1931/1076 2578/1932/1076 2580/1934/1077 
f 2581/1935/1078 2579/1933/1093 2580/1934/1077 2582/1936/1078 
f 2583/1937/1079 2581/1935/1078 2582/1936/1078 2584/1938/1079 
f 2585/1939/1080 2583/1940/1079 2584/1941/1079 2586/1942/1080 
f 2587/1943/1081 2585/1939/1080 2586/1942/1080 2588/1944/1082 
f 2589/1945/1083 2587/1943/1081 2588/1944/1082 2590/1946/1083 
f 2591/1947/1084 2589/1945/1083 2590/1946/1083 2592/1948/1084 
f 2593/1949/1085 2591/1950/1084 2592/1951/1084 2594/1952/1085 
f 2595/1953/1086 2593/1949/1085 2594/1952/1085 2596/1954/1086 
f 2597/1955/1087 2595/1953/1086 2596/1954/1086 2598/1956/1087 
f 2599/1957/1088 2597/1955/1087 2598/1956/1087 2600/1958/1088 
f 2601/1959/1089 2599/1957/1088 2600/1958/1088 2602/1960/1089 
f 2572/1926/1074 2601/1959/1089 2602/1960/1089 2573/1927/1074 
f 2585/1961/23 2587/1962/348 2589/1963/23 
f 2589/1963/348 2591/1964/348 2593/1965/348 
f 2593/1965/265 2595/1966/265 2597/1967/265 
f 2589/1963/23 2593/1965/23 2597/1967/23 
f 2597/1967/348 2599/1968/348 2601/1969/348 
f 2601/1969/348 2572/1970/348 2571/1971/265 
f 2597/1967/265 2601/1969/265 2571/1971/265 
f 2589/1963/348 2597/1967/348 2571/1971/265 
f 2571/1971/23 2575/1972/348 2577/1973/348 
f 2577/1973/348 2579/1974/348 2581/1975/348 
f 2571/1971/265 2577/1973/265 2581/1975/265 
f 2589/1963/348 2571/1971/265 2581/1975/265 
f 2585/1961/265 2589/1963/348 2581/1975/265 
f 2585/1961/265 2581/1975/265 2583/1976/265 
f 2603/1977/73 2578/1978/73 2576/1979/73 
f 2576/1979/73 2574/1980/73 2603/1977/73 
f 2603/1977/73 2582/1981/73 2580/1982/73 
f 2580/1982/73 2578/1978/73 2603/1977/73 
f 2603/1977/73 2586/1983/73 2584/1984/73 
f 2584/1984/73 2582/1981/73 2603/1977/73 
f 2603/1977/399 2590/1985/399 2588/1986/399 
f 2588/1986/399 2586/1983/399 2603/1977/399 
f 2603/1977/73 2594/1987/73 2592/1988/73 
f 2592/1988/73 2590/1985/73 2603/1977/73 
f 2603/1977/73 2598/1989/73 2596/1990/399 
f 2596/1990/399 2594/1987/73 2603/1977/73 
f 2603/1977/399 2602/1991/399 2600/1992/399 
f 2600/1992/73 2598/1989/73 2603/1977/73 
f 2603/1977/73 2574/1980/73 2573/1993/73 
f 2573/1993/399 2602/1991/399 2603/1977/399 
f 2604/1276/1094 2605/1277/1095 2606/1278/1095 2607/1279/1094 
s 2
f 2605/1277/1096 2608/1280/1097 2609/1281/1097 2606/1278/1096 
f 2608/1280/1097 2610/1282/411 2611/1283/411 2609/1281/1097 
s 1
f 2610/1282/64 2612/1284/65 2613/1285/65 2611/1283/64 
f 2612/1284/65 2614/1286/352 2615/1287/352 2613/1285/65 
s 2
f 2614/1286/1098 2616/1288/1099 2617/1289/1099 2615/1287/1098 
f 2616/1288/1099 2618/1290/1100 2619/1291/1100 2617/1289/1099 
f 2618/1290/1100 2620/1292/864 2621/1293/864 2619/1291/1100 
s 4
f 2620/1292/405 2622/1294/1022 2623/1295/1022 2621/1293/405 
f 2622/1294/1022 2624/1296/72 2625/1297/72 2623/1295/1022 
f 2624/1296/72 2626/1298/1101 2627/1299/1101 2625/1297/72 
s 1
f 2626/1300/1102 2604/1276/1094 2607/1279/1094 2627/1301/1102 
f 2628/1302/1103 2629/1303/1095 2630/1304/1095 2631/1305/1103 
s 2
f 2629/1303/1096 2632/1306/1097 2633/1307/1097 2630/1304/1096 
f 2632/1306/1097 2634/1308/1023 2635/1309/1023 2633/1307/1097 
f 2634/1308/1023 2636/1310/64 2637/1311/64 2635/1309/1023 
s 1
f 2636/1312/352 2638/1313/352 2639/1314/352 2637/1315/352 
s 2
f 2638/1313/1098 2640/1316/1099 2641/1317/1099 2639/1314/1098 
f 2640/1316/1099 2642/1318/1104 2643/1319/1104 2641/1317/1099 
s 1
f 2642/1318/864 2644/1320/864 2645/1321/864 2643/1319/864 
s 2
f 2644/1320/405 2646/1322/1022 2647/1323/1022 2645/1321/405 
f 2646/1322/1022 2648/1324/5 2649/1325/5 2647/1323/1022 
s 4
f 2648/1324/570 2650/1326/570 2651/1327/570 2649/1325/570 
s 1
f 2650/1326/1105 2628/1302/1103 2631/1305/1103 2651/1327/1105 
s 8
f 2648/1328/265 2646/1329/265 2644/1330/265 2642/1331/265 2640/1332/265 2638/1333/265 2636/1334/265 2634/1335/265 2632/1336/265 2629/1337/265 2628/1338/265 2650/1339/265 
f 2630/1340/73 2633/1341/73 2635/1342/73 2637/1343/73 2639/1344/73 2641/1345/73 2643/1346/73 2645/1347/73 2647/1348/73 2649/1349/73 2651/1350/73 2631/1351/73 
s 1
f 2652/1352/1103 2653/1353/1095 2654/1354/1095 2655/1355/1103 
s 2
f 2653/1353/1096 2656/1356/1097 2657/1357/1097 2654/1354/1096 
f 2656/1356/1097 2658/1358/1023 2659/1359/1023 2657/1357/1097 
f 2658/1358/1023 2660/1360/64 2661/1361/64 2659/1359/1023 
s 1
f 2660/1362/352 2662/1363/66 2663/1364/66 2661/1365/352 
f 2662/1363/66 2664/1366/1099 2665/1367/1099 2663/1364/66 
f 2664/1366/1099 2666/1368/1104 2667/1369/1104 2665/1367/1099 
s 2
f 2666/1368/864 2668/1370/864 2669/1371/864 2667/1369/864 
s 4
f 2668/1370/405 2670/1372/1022 2671/1373/1022 2669/1371/405 
f 2670/1372/1022 2672/1374/267 2673/1375/267 2671/1373/1022 
f 2672/1374/267 2674/1376/570 2675/1377/570 2673/1375/267 
s 1
f 2674/1376/1105 2652/1352/1103 2655/1355/1103 2675/1377/1105 
s 8
f 2672/1378/265 2670/1379/265 2668/1380/265 2666/1381/265 2664/1382/265 2662/1383/265 2660/1384/265 2658/1385/265 2656/1386/265 2653/1387/265 2652/1388/265 2674/1389/265 
f 2654/1390/73 2657/1391/73 2659/1392/73 2661/1393/73 2663/1394/73 2665/1395/73 2667/1396/73 2669/1397/73 2671/1398/73 2673/1399/73 2675/1400/73 2655/1401/73 
s 1
f 2676/1542/1106 2677/1543/1107 2678/1544/1108 2679/1545/1106 
f 2677/1543/1107 2680/1546/1109 2681/1547/1109 2678/1544/1108 
s 2
f 2680/1546/1110 2682/1548/1110 2683/1549/1110 2681/1547/1110 
s 1
f 2682/1548/1111 2684/1550/1111 2685/1551/1111 2683/1549/1111 
s 2
f 2684/1550/1112 2686/1552/1113 2687/1553/1114 2685/1551/1112 
f 2686/1552/1113 2688/1554/1115 2689/1555/1116 2687/1553/1114 
f 2688/1554/1115 2690/1556/1117 2691/1557/1118 2689/1555/1116 
f 2690/1556/1117 2692/1558/761 2693/1559/761 2691/1557/1118 
s 1
f 2692/1558/1119 2694/1560/20 2695/1561/6 2693/1559/1119 
f 2694/1560/20 2696/1562/1120 2697/1563/1120 2695/1561/6 
s 2
f 2696/1564/1121 2698/1565/1122 2699/1566/1123 2697/1567/1121 
f 2698/1565/1122 2676/1542/1124 2679/1545/1124 2699/1566/1123 
s 1
f 2700/1568/1125 2701/1569/1126 2702/1570/1127 2703/1571/1128 
f 2701/1569/1126 2704/1572/1129 2705/1573/1129 2702/1570/1127 
s 2
f 2704/1574/1110 2706/1575/1110 2707/1576/1110 2705/1577/1110 
s 1
f 2706/1575/1111 2708/1578/1111 2709/1579/1111 2707/1576/1111 
s 2
f 2708/1578/1130 2710/1580/1131 2711/1581/1132 2709/1579/1130 
f 2710/1580/1131 2712/1582/1133 2713/1583/1134 2711/1581/1132 
f 2712/1582/1133 2714/1584/1135 2715/1585/1136 2713/1583/1134 
f 2714/1584/1135 2716/1586/1137 2717/1587/1138 2715/1585/1136 
f 2716/1586/1137 2718/1588/1119 2719/1589/1119 2717/1587/1138 
s 1
f 2718/1588/1120 2720/1590/1139 2721/1591/1140 2719/1589/1120 
f 2720/1590/1139 2722/1592/1141 2723/1593/1142 2721/1591/1140 
f 2722/1592/1141 2700/1568/1125 2703/1571/1128 2723/1593/1142 
s 4
f 2702/1594/2 2705/1595/2 2707/1596/2 2709/1597/2 2711/1598/2 2713/1599/2 2715/1600/2 2717/1601/2 2719/1602/2 2721/1603/2 2723/1604/2 2703/1605/2 
f 2722/1606/35 2720/1607/35 2718/1608/35 2716/1609/35 2714/1610/35 2712/1611/35 2710/1612/35 2708/1613/35 2706/1614/35 2704/1615/35 2701/1616/35 2700/1617/35 
s 1
f 2724/1276/1143 2725/1277/1144 2726/1278/1144 2727/1279/1143 
s 2
f 2725/1277/716 2728/1280/1023 2729/1281/1023 2726/1278/716 
f 2728/1280/1023 2730/1282/64 2731/1283/64 2729/1281/1023 
s 1
f 2730/1282/352 2732/1284/66 2733/1285/66 2731/1283/352 
f 2732/1284/66 2734/1286/507 2735/1287/507 2733/1285/66 
s 2
f 2734/1286/1145 2736/1288/1146 2737/1289/1146 2735/1287/1145 
f 2736/1288/1146 2738/1290/1147 2739/1291/1147 2737/1289/1146 
f 2738/1290/1147 2740/1292/722 2741/1293/722 2739/1291/1147 
s 4
f 2740/1292/5 2742/1294/267 2743/1295/267 2741/1293/5 
f 2742/1294/267 2744/1296/60 2745/1297/60 2743/1295/267 
f 2744/1296/60 2746/1298/502 2747/1299/502 2745/1297/60 
s 1
f 2746/1300/1148 2724/1276/1143 2727/1279/1143 2747/1301/1148 
f 2748/1302/1149 2749/1303/1144 2750/1304/1144 2751/1305/1149 
s 2
f 2749/1303/716 2752/1306/1023 2753/1307/1023 2750/1304/716 
f 2752/1306/1023 2754/1308/65 2755/1309/65 2753/1307/1023 
f 2754/1308/65 2756/1310/352 2757/1311/352 2755/1309/65 
s 1
f 2756/1312/507 2758/1313/507 2759/1314/507 2757/1315/507 
s 2
f 2758/1313/1145 2760/1316/1146 2761/1317/1146 2759/1314/1145 
f 2760/1316/1146 2762/1318/1150 2763/1319/1150 2761/1317/1146 
s 4
f 2762/1318/722 2764/1320/1022 2765/1321/1022 2763/1319/722 
f 2764/1320/1022 2766/1322/267 2767/1323/267 2765/1321/1022 
f 2766/1322/267 2768/1324/60 2769/1325/60 2767/1323/267 
f 2768/1324/60 2770/1326/502 2771/1327/502 2769/1325/60 
s 1
f 2770/1326/1148 2748/1302/1149 2751/1305/1149 2771/1327/1148 
s 8
f 2768/1328/265 2766/1329/265 2764/1330/265 2762/1331/265 2760/1332/265 2758/1333/265 2756/1334/265 2754/1335/265 2752/1336/265 2749/1337/265 2748/1338/265 2770/1339/265 
f 2750/1340/73 2753/1341/73 2755/1342/73 2757/1343/73 2759/1344/73 2761/1345/73 2763/1346/73 2765/1347/73 2767/1348/73 2769/1349/73 2771/1350/73 2751/1351/73 
s 1
f 2772/1352/1149 2773/1353/1144 2774/1354/1144 2775/1355/1149 
s 2
f 2773/1353/716 2776/1356/1023 2777/1357/1023 2774/1354/716 
f 2776/1356/1023 2778/1358/65 2779/1359/65 2777/1357/1023 
f 2778/1358/65 2780/1360/352 2781/1361/352 2779/1359/65 
s 1
f 2780/1362/507 2782/1363/1151 2783/1364/1151 2781/1365/507 
f 2782/1363/1151 2784/1366/1146 2785/1367/1146 2783/1364/1151 
f 2784/1366/1146 2786/1368/1150 2787/1369/1150 2785/1367/1146 
s 2
f 2786/1368/722 2788/1370/722 2789/1371/722 2787/1369/722 
s 4
f 2788/1370/5 2790/1372/267 2791/1373/267 2789/1371/5 
f 2790/1372/267 2792/1374/60 2793/1375/60 2791/1373/267 
f 2792/1374/60 2794/1376/502 2795/1377/502 2793/1375/60 
s 1
f 2794/1376/1148 2772/1352/1149 2775/1355/1149 2795/1377/1148 
s 8
f 2792/1378/265 2790/1379/265 2788/1380/265 2786/1381/265 2784/1382/265 2782/1383/265 2780/1384/265 2778/1385/265 2776/1386/265 2773/1387/265 2772/1388/265 2794/1389/265 
f 2774/1390/73 2777/1391/73 2779/1392/73 2781/1393/73 2783/1394/73 2785/1395/73 2787/1396/73 2789/1397/73 2791/1398/73 2793/1399/73 2795/1400/73 2775/1401/73 
s 1
f 2796/1542/1152 2797/1543/1153 2798/1544/1154 2799/1545/1152 
f 2797/1543/1153 2800/1546/1155 2801/1547/1155 2798/1544/1154 
s 2
f 2800/1546/1156 2802/1548/1156 2803/1549/1156 2801/1547/1156 
s 1
f 2802/1548/1157 2804/1550/1157 2805/1551/1157 2803/1549/1157 
s 2
f 2804/1550/1158 2806/1552/1159 2807/1553/1160 2805/1551/1158 
f 2806/1552/1159 2808/1554/1161 2809/1555/1162 2807/1553/1160 
f 2808/1554/1161 2810/1556/1163 2811/1557/1163 2809/1555/1162 
s 1
f 2810/1556/1164 2812/1558/1164 2813/1559/1164 2811/1557/1164 
s 2
f 2812/1558/1165 2814/1560/267 2815/1561/267 2813/1559/1165 
f 2814/1560/267 2816/1562/1166 2817/1563/1166 2815/1561/267 
s 4
f 2816/1564/1167 2818/1565/1168 2819/1566/1169 2817/1567/1167 
f 2818/1565/1168 2796/1542/1170 2799/1545/1170 2819/1566/1169 
s 1
f 2820/1568/1171 2821/1569/1172 2822/1570/1173 2823/1571/1171 
f 2821/1569/1172 2824/1572/1174 2825/1573/1174 2822/1570/1173 
s 2
f 2824/1574/1156 2826/1575/1156 2827/1576/1156 2825/1577/1156 
s 1
f 2826/1575/1157 2828/1578/1157 2829/1579/1157 2827/1576/1157 
s 2
f 2828/1578/1175 2830/1580/1176 2831/1581/1177 2829/1579/1175 
f 2830/1580/1176 2832/1582/1178 2833/1583/1178 2831/1581/1177 
s 1
f 2832/1582/1179 2834/1584/1180 2835/1585/1181 2833/1583/1179 
f 2834/1584/1180 2836/1586/1182 2837/1587/1183 2835/1585/1181 
f 2836/1586/1182 2838/1588/1165 2839/1589/1165 2837/1587/1183 
s 2
f 2838/1588/1166 2840/1590/1184 2841/1591/1185 2839/1589/1166 
f 2840/1590/1184 2842/1592/1186 2843/1593/1169 2841/1591/1185 
f 2842/1592/1186 2820/1568/1187 2823/1571/1187 2843/1593/1169 
s 4
f 2822/1594/1188 2825/1595/1188 2827/1596/1188 2829/1597/1188 2831/1598/1188 2833/1599/1188 2835/1600/1188 2837/1601/1188 2839/1602/1188 2841/1603/1188 2843/1604/1188 2823/1605/1188 
f 2842/1606/1189 2840/1607/1189 2838/1608/1189 2836/1609/1189 2834/1610/1189 2832/1611/1189 2830/1612/1189 2828/1613/1189 2826/1614/1189 2824/1615/1189 2821/1616/1189 2820/1617/1189 
s 1
f 2844/398/676 2845/401/676 2846/400/676 2847/399/676 
s 2
f 2844/398/393 2847/399/393 2848/403/393 2849/402/393 
f 2846/400/2 2845/401/2 2850/405/2 2851/404/2 
s 4
f 2844/406/1190 2849/409/1190 2852/408/429 2845/407/401 
s 1
f 2853/410/345 2854/411/345 2851/404/345 2850/405/345 
s 2
f 2853/410/1191 2855/413/1191 2856/412/1191 2854/411/1191 
s 4
f 2854/414/400 2856/417/400 2857/416/397 2851/415/44 
s 1
f 2858/418/664 2852/421/664 2859/420/664 2857/419/664 
s 8
f 2852/421/697 2849/402/697 2848/403/697 2859/420/697 
f 2857/419/23 2856/423/23 2855/422/23 2858/418/23 
s 4
f 2851/415/44 2857/416/397 2859/425/339 2846/424/11 
f 2846/424/11 2859/425/339 2848/427/339 2847/426/339 
f 2850/428/401 2858/431/20 2855/430/6 2853/429/6 
f 2850/428/401 2845/407/401 2852/408/429 2858/431/20 
s 1
f 2860/1994/1192 2861/1995/1192 2862/1996/1192 2863/1997/1192 
s 2
f 2861/1995/1193 2864/1998/1193 2865/1999/1193 2862/1996/1193 
s 1
f 2864/1998/1194 2866/2000/1194 2867/2001/1194 2865/1999/1194 
s 2
f 2868/600/1195 2860/1994/1195 2863/1997/1195 2869/2002/1195 
s 1
f 2870/2003/1196 2868/2004/1196 2869/2005/1196 2871/2006/1196 
s 2
f 2866/2000/1197 2870/2003/1197 2871/2006/1197 2867/2001/1197 
s 1
f 2872/1994/1192 2873/1995/1192 2874/1996/1192 2875/1997/1192 
s 2
f 2873/1995/1198 2876/1998/1198 2877/1999/1198 2874/1996/1198 
s 1
f 2876/1998/1199 2878/2000/1199 2879/2001/1199 2877/1999/1199 
s 2
f 2880/600/1200 2872/1994/1200 2875/1997/1200 2881/2002/1200 
s 1
f 2882/2003/1201 2880/2004/1201 2881/2005/1201 2883/2006/1201 
s 2
f 2878/2000/1197 2882/2003/1197 2883/2006/1197 2879/2001/1197 
s 1
f 2884/1994/1202 2885/1995/1202 2886/1996/1202 2887/1997/1202 
s 2
f 2885/1995/1203 2888/1998/1203 2889/1999/1203 2886/1996/1203 
s 1
f 2888/1998/1194 2890/2000/1194 2891/2001/1194 2889/1999/1194 
s 2
f 2892/600/1195 2884/1994/1195 2887/1997/1195 2893/2002/1195 
s 1
f 2894/2003/1204 2892/2004/1204 2893/2005/1204 2895/2006/1204 
s 2
f 2890/2000/1205 2894/2003/1205 2895/2006/1205 2891/2001/1205 
s 1
f 2896/1994/1192 2897/1995/1192 2898/1996/1192 2899/1997/1192 
s 2
f 2897/1995/1206 2900/1998/1206 2901/1999/1206 2898/1996/1206 
s 1
f 2900/1998/1199 2902/2000/1199 2903/2001/1199 2901/1999/1199 
s 2
f 2904/600/1195 2896/1994/1195 2899/1997/1195 2905/2002/1195 
s 1
f 2906/2003/1207 2904/2004/1207 2905/2005/1207 2907/2006/1207 
s 2
f 2902/2000/1205 2906/2003/1205 2907/2006/1205 2903/2001/1205 
s 1
f 2908/1994/1192 2909/1995/1192 2910/1996/1192 2911/1997/1192 
s 2
f 2909/1995/1208 2912/1998/1208 2913/1999/1208 2910/1996/1208 
s 1
f 2912/1998/1199 2914/2000/1199 2915/2001/1199 2913/1999/1199 
s 2
f 2916/600/1195 2908/1994/1195 2911/1997/1195 2917/2002/1195 
s 1
f 2918/2003/1209 2916/2004/1209 2917/2005/1209 2919/2006/1209 
s 2
f 2914/2000/1210 2918/2003/1210 2919/2006/1210 2915/2001/1210 
s 1
f 2920/2007/1211 2921/2008/1211 2922/2009/1212 2923/2010/1213 
s 2
f 2924/2011/382 2925/2012/382 2920/2007/382 2923/2010/1 
s 1
f 2926/2013/1214 2927/2014/1215 2925/2012/1215 2924/2011/1216 
f 2928/2015/1217 2929/2016/1218 2930/2017/1219 2931/2018/1220 
f 2922/2009/1212 2928/2015/1217 2931/2018/1220 2923/2010/1213 
s 2
f 2932/2019/1221 2931/2018/1222 2930/2017/1223 2933/2020/1224 
f 2923/2010/1 2931/2018/1222 2932/2019/1221 2924/2011/382 
s 1
f 2934/2021/1225 2932/2019/1226 2933/2020/1227 2935/2022/1228 
f 2924/2011/1216 2932/2019/1226 2934/2021/1225 2926/2013/1214 
f 2936/2023/1229 2930/2017/1219 2929/2016/1218 2937/2024/1230 
s 2
f 2938/2025/381 2933/2020/1224 2930/2017/1223 2936/2023/381 
s 1
f 2939/2026/1231 2935/2022/1228 2933/2020/1227 2938/2025/1232 
f 2937/2024/1230 2940/603/1233 2941/2027/1233 2936/2023/1229 
s 2
f 2936/2023/381 2941/2027/394 2942/2028/394 2938/2025/381 
s 1
f 2938/2025/1232 2942/2028/1234 2943/2029/1234 2939/2026/1231 
s 2
f 2944/2030/1235 2922/2031/1236 2921/2032/1237 2945/2033/1237 
s 1
f 2944/2030/35 2945/2033/664 2946/2034/664 2947/2035/388 
s 2
f 2926/2013/1238 2947/2035/1239 2946/2034/1240 2927/2014/1240 
f 2948/2036/1241 2929/2037/1242 2928/2038/1243 2949/2039/1244 
f 2922/2031/1236 2944/2030/1235 2949/2039/1244 2928/2038/1243 
s 1
f 2948/2036/1245 2949/2039/1246 2950/2040/1247 2951/2041/1248 
f 2944/2030/35 2947/2035/388 2950/2040/1247 2949/2039/1246 
s 2
f 2951/2041/1249 2950/2040/1250 2934/2021/1251 2935/2022/1252 
f 2947/2035/1239 2926/2013/1238 2934/2021/1251 2950/2040/1250 
f 2952/2042/1253 2937/2043/1254 2929/2037/1242 2948/2036/1241 
s 1
f 2953/2044/379 2952/2042/379 2948/2036/1245 2951/2041/1248 
s 2
f 2939/2026/1255 2953/2044/1256 2951/2041/1249 2935/2022/1252 
f 2937/2043/1254 2952/2042/1253 2954/2045/1257 2940/2046/1257 
s 1
f 2953/2044/379 2955/2047/379 2954/2045/379 2952/2042/379 
s 2
f 2953/2044/1256 2939/2026/1255 2943/2029/1258 2955/2047/1258 
s 1
f 2956/2007/1259 2957/2008/1259 2958/2009/1260 2959/2010/1261 
s 2
f 2960/2011/1 2961/2012/1 2956/2007/1 2959/2010/381 
s 1
f 2962/2013/1262 2963/2014/1263 2961/2012/1263 2960/2011/1264 
f 2964/2015/1217 2965/2016/1218 2966/2017/1265 2967/2018/1220 
f 2958/2009/1260 2964/2015/1217 2967/2018/1220 2959/2010/1261 
s 2
f 2968/2019/891 2967/2018/1266 2966/2017/891 2969/2020/1222 
f 2959/2010/381 2967/2018/1266 2968/2019/891 2960/2011/1 
s 1
f 2970/2021/1267 2968/2019/1226 2969/2020/1227 2971/2022/1228 
f 2960/2011/1264 2968/2019/1226 2970/2021/1267 2962/2013/1262 
f 2972/2023/1268 2966/2017/1265 2965/2016/1218 2973/2024/1269 
s 2
f 2974/2025/1270 2969/2020/1222 2966/2017/891 2972/2023/1270 
s 1
f 2975/2026/1231 2971/2022/1228 2969/2020/1227 2974/2025/1271 
f 2973/2024/1269 2976/603/1272 2977/2027/1272 2972/2023/1268 
s 2
f 2972/2023/1270 2977/2027/1273 2978/2028/1273 2974/2025/1270 
s 1
f 2974/2025/1271 2978/2028/1274 2979/2029/1274 2975/2026/1231 
s 2
f 2980/2030/1275 2958/2031/1276 2957/2032/1277 2981/2033/1277 
s 1
f 2980/2030/664 2981/2033/36 2982/2034/36 2983/2035/35 
s 2
f 2962/2013/1278 2983/2035/1279 2982/2034/1280 2963/2014/1280 
f 2984/2036/1281 2965/2037/1282 2964/2038/1243 2985/2039/1244 
f 2958/2031/1276 2980/2030/1275 2985/2039/1244 2964/2038/1243 
s 1
f 2984/2036/1283 2985/2039/1284 2986/2040/1283 2987/2041/1284 
f 2980/2030/664 2983/2035/35 2986/2040/1283 2985/2039/1284 
s 2
f 2987/2041/1285 2986/2040/1286 2970/2021/1287 2971/2022/1288 
f 2983/2035/1279 2962/2013/1278 2970/2021/1287 2986/2040/1286 
f 2988/2042/1289 2973/2043/1290 2965/2037/1282 2984/2036/1281 
s 1
f 2989/2044/1291 2988/2042/1291 2984/2036/1283 2987/2041/1284 
s 2
f 2975/2026/1292 2989/2044/1293 2987/2041/1285 2971/2022/1288 
f 2973/2043/1290 2988/2042/1289 2990/2045/1294 2976/2046/1294 
s 1
f 2989/2044/1291 2991/2047/1291 2990/2045/1291 2988/2042/1291 
s 2
f 2989/2044/1293 2975/2026/1292 2979/2029/1295 2991/2047/1295 
s 1
f 2992/2048/20 2993/2049/20 2994/2050/20 2995/2051/20 
s 2
f 2996/2052/2 2997/2053/2 2993/2054/2 2992/2055/2 
s 1
f 2996/1156/27 2998/1157/27 2999/1158/27 2997/1159/27 
f 3000/1159/113 3001/1156/113 3002/1157/113 3003/1158/113 
s 2
f 3004/2052/381 3005/2053/381 3001/2054/381 3000/2055/381 
s 1
f 3004/2049/339 3006/2050/339 3007/2051/339 3005/2048/339 
f 3008/1148/20 3009/1149/20 3010/1150/20 3011/1151/20 
s 2
f 3012/1152/2 3013/1153/2 3009/1154/2 3008/1155/2 
s 1
f 3012/1156/11 3014/1157/11 3015/1158/11 3013/1159/11 
f 3016/1160/1 3017/1161/1 3018/1162/1 3019/1163/1 
s 2
f 3018/1162/11 3020/1164/11 3021/1165/11 3019/1163/11 
f 3022/1166/6 3017/1161/6 3016/1160/6 3023/1167/6 
s 4
f 3018/1162/73 3017/1161/73 3022/1168/73 3020/1169/73 
f 3021/1170/265 3023/1171/265 3016/1160/265 3019/1163/265 
s 1
f 3024/1159/20 3025/1156/20 3026/1157/20 3027/1158/20 
s 2
f 3028/1152/2 3029/1153/2 3025/1154/2 3024/1155/2 
s 1
f 3028/1149/11 3030/1150/11 3031/1151/11 3029/1148/11 
f 3032/2048/20 3033/2049/20 3034/2050/20 3035/2051/20 
s 2
f 3036/2052/2 3037/2053/2 3033/2054/2 3032/2055/2 
s 1
f 3036/1156/11 3038/1157/11 3039/1158/11 3037/1159/11 
f 3040/1159/20 3041/1156/20 3042/1157/20 3043/1158/20 
s 2
f 3044/2052/2 3045/2053/2 3041/2054/2 3040/2055/2 
s 1
f 3044/2049/11 3046/2050/11 3047/2051/11 3045/2048/11 
f 3048/1148/113 3049/1149/113 3050/1150/113 3051/1151/113 
s 2
f 3052/1152/2 3053/1153/2 3049/1154/2 3048/1155/2 
s 1
f 3052/1156/11 3054/1157/11 3055/1158/11 3053/1159/11 
f 3056/1160/1 3057/1161/1 3058/1162/1 3059/1163/1 
s 2
f 3058/1162/11 3060/1164/11 3061/1165/11 3059/1163/11 
f 3062/1166/6 3057/1161/6 3056/1160/6 3063/1167/6 
s 4
f 3058/1162/73 3057/1161/73 3062/1168/73 3060/1169/73 
f 3061/1170/265 3063/1171/265 3056/1160/265 3059/1163/265 
s 1
f 3064/1159/20 3065/1156/20 3066/1157/20 3067/1158/20 
s 2
f 3068/1152/2 3069/1153/2 3065/1154/2 3064/1155/2 
s 1
f 3068/1149/11 3070/1150/11 3071/1151/11 3069/1148/11 
f 3072/2048/113 3073/2049/113 3074/2050/113 3075/2051/113 
s 2
f 3076/2052/2 3077/2053/2 3073/2054/2 3072/2055/2 
s 1
f 3076/1156/11 3078/1157/11 3079/1158/11 3077/1159/11 
f 3080/1159/20 3081/1156/20 3082/1157/20 3083/1158/20 
s 2
f 3084/2052/2 3085/2053/2 3081/2054/2 3080/2055/2 
s 1
f 3084/2049/11 3086/2050/11 3087/2051/11 3085/2048/11 
f 3088/1148/401 3089/1149/401 3090/1150/401 3091/1151/401 
s 2
f 3092/1152/2 3093/1153/2 3089/1154/2 3088/1155/2 
s 1
f 3092/1156/11 3094/1157/11 3095/1158/11 3093/1159/11 
f 3096/1160/2 3097/1161/2 3098/1162/2 3099/1163/2 
s 2
f 3098/1162/11 3100/1164/11 3101/1165/11 3099/1163/11 
f 3102/1166/20 3097/1161/20 3096/1160/20 3103/1167/20 
s 4
f 3098/1162/73 3097/1161/73 3102/1168/73 3100/1169/73 
f 3101/1170/265 3103/1171/265 3096/1160/265 3099/1163/265 
s 1
f 3104/1159/401 3105/1156/401 3106/1157/401 3107/1158/401 
s 2
f 3108/1152/382 3109/1153/382 3105/1154/382 3104/1155/382 
s 1
f 3108/1149/44 3110/1150/44 3111/1151/44 3109/1148/44 
f 3112/2048/401 3113/2049/401 3114/2050/401 3115/2051/401 
s 2
f 3116/2052/2 3117/2053/2 3113/2054/2 3112/2055/2 
s 1
f 3116/1156/11 3118/1157/11 3119/1158/11 3117/1159/11 
f 3120/1159/401 3121/1156/401 3122/1157/401 3123/1158/401 
s 2
f 3124/2052/382 3125/2053/382 3121/2054/382 3120/2055/382 
s 1
f 3124/2049/44 3126/2050/44 3127/2051/44 3125/2048/44 
f 3128/1148/20 3129/1149/20 3130/1150/20 3131/1151/20 
s 2
f 3132/1152/2 3133/1153/2 3129/1154/2 3128/1155/2 
s 1
f 3132/1156/11 3134/1157/11 3135/1158/11 3133/1159/11 
f 3136/1160/1 3137/1161/1 3138/1162/1 3139/1163/1 
s 2
f 3138/1162/11 3140/1164/11 3141/1165/11 3139/1163/11 
f 3142/1166/6 3137/1161/6 3136/1160/6 3143/1167/6 
s 4
f 3138/1162/73 3137/1161/73 3142/1168/73 3140/1169/73 
f 3141/1170/265 3143/1171/265 3136/1160/265 3139/1163/265 
s 1
f 3144/1159/20 3145/1156/20 3146/1157/20 3147/1158/20 
s 2
f 3148/1152/2 3149/1153/2 3145/1154/2 3144/1155/2 
s 1
f 3148/1149/11 3150/1150/11 3151/1151/11 3149/1148/11 
f 3152/2048/20 3153/2049/20 3154/2050/20 3155/2051/20 
s 2
f 3156/2052/2 3157/2053/2 3153/2054/2 3152/2055/2 
s 1
f 3156/1156/11 3158/1157/11 3159/1158/11 3157/1159/11 
f 3160/1159/20 3161/1156/20 3162/1157/20 3163/1158/20 
s 2
f 3164/2052/2 3165/2053/2 3161/2054/2 3160/2055/2 
s 1
f 3164/2049/11 3166/2050/11 3167/2051/11 3165/2048/11 
f 3168/1148/11 3169/1149/11 3170/1150/11 3171/1151/11 
s 2
f 3172/1152/36 3173/1153/36 3169/1154/36 3168/1155/36 
s 1
f 3172/1156/20 3174/1157/20 3175/1158/20 3173/1159/20 
f 3176/1160/35 3177/1161/35 3178/1162/35 3179/1163/35 
s 2
f 3178/1162/20 3180/1164/20 3181/1165/20 3179/1163/20 
f 3182/1166/11 3177/1161/11 3176/1160/11 3183/1167/11 
s 4
f 3178/1162/73 3177/1161/73 3182/1168/73 3180/1169/73 
f 3181/1170/265 3183/1171/265 3176/1160/265 3179/1163/265 
s 1
f 3184/1159/339 3185/1156/339 3186/1157/339 3187/1158/339 
s 2
f 3188/1152/379 3189/1153/379 3185/1154/379 3184/1155/379 
s 1
f 3188/1149/113 3190/1150/113 3191/1151/113 3189/1148/113 
f 3192/2048/11 3193/2049/11 3194/2050/11 3195/2051/11 
s 2
f 3196/2052/36 3197/2053/36 3193/2054/36 3192/2055/36 
s 1
f 3196/1156/20 3198/1157/20 3199/1158/20 3197/1159/20 
f 3200/1159/339 3201/1156/339 3202/1157/339 3203/1158/339 
s 2
f 3204/2052/379 3205/2053/379 3201/2054/379 3200/2055/379 
s 1
f 3204/2049/113 3206/2050/113 3207/2051/113 3205/2048/113 
f 3208/1148/339 3209/1149/339 3210/1150/339 3211/1151/339 
s 2
f 3212/1152/35 3213/1153/35 3209/1154/35 3208/1155/35 
s 1
f 3212/1156/20 3214/1157/20 3215/1158/20 3213/1159/20 
f 3216/1160/35 3217/1161/35 3218/1162/35 3219/1163/35 
s 2
f 3218/1162/6 3220/1164/6 3221/1165/6 3219/1163/6 
f 3222/1166/11 3217/1161/11 3216/1160/11 3223/1167/11 
s 4
f 3218/1162/73 3217/1161/73 3222/1168/73 3220/1169/73 
f 3221/1170/265 3223/1171/265 3216/1160/265 3219/1163/265 
s 1
f 3224/1159/11 3225/1156/11 3226/1157/11 3227/1158/11 
s 2
f 3228/1152/35 3229/1153/35 3225/1154/35 3224/1155/35 
s 1
f 3228/1149/20 3230/1150/20 3231/1151/20 3229/1148/20 
f 3232/2048/339 3233/2049/339 3234/2050/339 3235/2051/339 
s 2
f 3236/2052/35 3237/2053/35 3233/2054/35 3232/2055/35 
s 1
f 3236/1156/20 3238/1157/20 3239/1158/20 3237/1159/20 
f 3240/1159/11 3241/1156/11 3242/1157/11 3243/1158/11 
s 2
f 3244/2052/35 3245/2053/35 3241/2054/35 3240/2055/35 
s 1
f 3244/2049/20 3246/2050/20 3247/2051/20 3245/2048/20 
f 3248/1148/11 3249/1149/11 3250/1150/11 3251/1151/11 
s 2
f 3252/1152/35 3253/1153/35 3249/1154/35 3248/1155/35 
s 1
f 3252/1156/20 3254/1157/20 3255/1158/20 3253/1159/20 
f 3256/1160/35 3257/1161/35 3258/1162/35 3259/1163/35 
s 2
f 3258/1162/6 3260/1164/6 3261/1165/6 3259/1163/6 
f 3262/1166/11 3257/1161/11 3256/1160/11 3263/1167/11 
s 4
f 3258/1162/73 3257/1161/73 3262/1168/73 3260/1169/73 
f 3261/1170/265 3263/1171/265 3256/1160/265 3259/1163/265 
s 1
f 3264/1159/339 3265/1156/339 3266/1157/339 3267/1158/339 
s 2
f 3268/1152/388 3269/1153/388 3265/1154/388 3264/1155/388 
s 1
f 3268/1149/20 3270/1150/20 3271/1151/20 3269/1148/20 
f 3272/2048/11 3273/2049/11 3274/2050/11 3275/2051/11 
s 2
f 3276/2052/35 3277/2053/35 3273/2054/35 3272/2055/35 
s 1
f 3276/1156/20 3278/1157/20 3279/1158/20 3277/1159/20 
f 3280/1159/339 3281/1156/339 3282/1157/339 3283/1158/339 
s 2
f 3284/2052/388 3285/2053/388 3281/2054/388 3280/2055/388 
s 1
f 3284/2049/20 3286/2050/20 3287/2051/20 3285/2048/20 
f 3288/1148/11 3289/1149/11 3290/1150/11 3291/1151/11 
s 2
f 3292/1152/35 3293/1153/35 3289/1154/35 3288/1155/35 
s 1
f 3292/1156/20 3294/1157/20 3295/1158/20 3293/1159/20 
f 3296/1160/36 3297/1161/36 3298/1162/36 3299/1163/36 
s 2
f 3298/1162/6 3300/1164/6 3301/1165/6 3299/1163/6 
f 3302/1166/11 3297/1161/11 3296/1160/11 3303/1167/11 
s 4
f 3298/1162/73 3297/1161/73 3302/1168/73 3300/1169/73 
f 3301/1170/265 3303/1171/265 3296/1160/265 3299/1163/265 
s 1
f 3304/1159/11 3305/1156/11 3306/1157/11 3307/1158/11 
s 2
f 3308/1152/35 3309/1153/35 3305/1154/35 3304/1155/35 
s 1
f 3308/1149/20 3310/1150/20 3311/1151/20 3309/1148/20 
f 3312/2048/11 3313/2049/11 3314/2050/11 3315/2051/11 
s 2
f 3316/2052/35 3317/2053/35 3313/2054/35 3312/2055/35 
s 1
f 3316/1156/20 3318/1157/20 3319/1158/20 3317/1159/20 
f 3320/1159/11 3321/1156/11 3322/1157/11 3323/1158/11 
s 2
f 3324/2052/35 3325/2053/35 3321/2054/35 3320/2055/35 
s 1
f 3324/2049/20 3326/2050/20 3327/2051/20 3325/2048/20 
f 3328/1148/11 3329/1149/11 3330/1150/11 3331/1151/11 
s 2
f 3332/1152/35 3333/1153/35 3329/1154/35 3328/1155/35 
s 1
f 3332/1156/20 3334/1157/20 3335/1158/20 3333/1159/20 
f 3336/1160/36 3337/1161/36 3338/1162/36 3339/1163/36 
s 2
f 3338/1162/6 3340/1164/6 3341/1165/6 3339/1163/6 
f 3342/1166/11 3337/1161/11 3336/1160/11 3343/1167/11 
s 4
f 3338/1162/73 3337/1161/73 3342/1168/73 3340/1169/73 
f 3341/1170/265 3343/1171/265 3336/1160/265 3339/1163/265 
s 1
f 3344/1159/11 3345/1156/11 3346/1157/11 3347/1158/11 
s 2
f 3348/1152/35 3349/1153/35 3345/1154/35 3344/1155/35 
s 1
f 3348/1149/20 3350/1150/20 3351/1151/20 3349/1148/20 
f 3352/2048/11 3353/2049/11 3354/2050/11 3355/2051/11 
s 2
f 3356/2052/35 3357/2053/35 3353/2054/35 3352/2055/35 
s 1
f 3356/1156/20 3358/1157/20 3359/1158/20 3357/1159/20 
f 3360/1159/11 3361/1156/11 3362/1157/11 3363/1158/11 
s 2
f 3364/2052/35 3365/2053/35 3361/2054/35 3360/2055/35 
s 1
f 3364/2049/20 3366/2050/20 3367/2051/20 3365/2048/20 
f 3368/1160/27 3369/1161/27 3370/1162/27 3371/1163/27 
s 2
f 3370/1162/36 3372/1164/36 3373/1165/36 3371/1163/36 
f 3374/1166/1 3369/1161/1 3368/1160/1 3375/1167/1 
s 4
f 3370/1162/73 3369/1161/73 3374/1168/73 3372/1169/73 
f 3373/1170/265 3375/1171/265 3368/1160/265 3371/1163/265 
s 1
f 3376/2056/2 3377/2057/2 3378/2058/2 3379/2059/2 3380/2060/2 3381/2061/2 3382/2062/2 3383/2063/2 
f 3384/2064/394 3385/2065/394 3386/2066/394 3387/2067/394 3388/2068/394 3389/2069/394 3390/2070/394 3391/2071/394 
f 3392/2072/647 3393/2073/647 3394/2074/647 3395/2075/647 3396/2076/647 3397/2077/647 3398/2078/647 3399/2079/647 
f 3400/2080/382 3401/2081/382 3402/2082/382 3403/2083/382 3404/2084/382 3405/2085/382 3406/2086/382 3407/2087/382 
f 3408/2088/381 3409/2089/381 3410/2090/381 
s 2
f 3410/1694/1296 3409/1695/1296 3411/1696/1296 3412/1697/1296 
s 1
f 3413/2088/381 3414/2090/381 3415/2089/381 
s 2
f 3414/1694/1297 3416/1697/1297 3417/1696/1297 3415/1695/1297 
s 1
f 3418/2088/35 3419/2090/35 3420/2089/35 
s 2
f 3419/1694/1298 3421/1697/1298 3422/1696/1298 3420/1695/1298 
s 1
f 3423/2088/35 3424/2089/35 3425/2090/35 
s 2
f 3425/1694/1299 3424/1695/1299 3426/1696/1299 3427/1697/1299 
s 1
f 3428/1148/35 3429/1149/35 3430/1150/35 3431/1151/35 
s 2
f 3432/1152/20 3433/1153/20 3429/1154/20 3428/1155/20 
s 1
f 3432/1156/2 3434/1157/2 3435/1158/2 3433/1159/2 
f 3436/1160/20 3437/1161/20 3438/1162/20 3439/1163/20 
s 2
f 3438/1162/2 3440/1164/2 3441/1165/2 3439/1163/2 
f 3442/1166/36 3437/1161/36 3436/1160/36 3443/1167/36 
s 4
f 3438/1162/73 3437/1161/73 3442/1168/73 3440/1169/73 
f 3441/1170/265 3443/1171/265 3436/1160/265 3439/1163/265 
s 1
f 3444/1159/35 3445/1156/35 3446/1157/35 3447/1158/35 
s 2
f 3448/1152/20 3449/1153/20 3445/1154/20 3444/1155/20 
s 1
f 3448/1149/1 3450/1150/1 3451/1151/1 3449/1148/1 
f 3452/2048/35 3453/2049/35 3454/2050/35 3455/2051/35 
s 2
f 3456/2052/20 3457/2053/20 3453/2054/20 3452/2055/20 
s 1
f 3456/1156/2 3458/1157/2 3459/1158/2 3457/1159/2 
f 3460/1159/35 3461/1156/35 3462/1157/35 3463/1158/35 
s 2
f 3464/2052/20 3465/2053/20 3461/2054/20 3460/2055/20 
s 1
f 3464/2049/1 3466/2050/1 3467/2051/1 3465/2048/1 
s 2
f 684/2091/44 687/2092/44 3468/2093/27 3469/2094/27 
f 687/2092/44 696/2095/44 3470/2096/44 3468/2093/27 
f 696/2095/44 691/2097/27 3471/2098/27 3470/2096/44 
f 691/2097/27 690/2099/339 3472/2100/1300 3471/2098/27 
f 690/2099/339 700/2101/1301 3473/2102/1301 3472/2100/1300 
f 700/2101/1301 699/2103/1300 3474/2104/1300 3473/2102/1301 
f 699/2103/1300 711/2105/1301 3475/2106/1301 3474/2104/1300 
f 711/2105/1301 726/2107/1300 3476/2108/370 3475/2106/1301 
f 726/2107/1300 717/2109/11 3477/2110/907 3476/2108/370 
f 717/2109/11 716/2111/27 3478/2112/11 3477/2110/907 
f 716/2111/27 724/2113/11 3479/2114/44 3478/2112/11 
f 724/2113/11 684/2091/44 3469/2094/27 3479/2114/44 
s 1
f 3469/2115/1302 3468/2116/1303 3480/2117/1304 3481/2118/1305 
f 3468/2116/1303 3470/2119/1306 3482/2120/1306 3480/2117/1304 
s 4
f 3470/2119/1307 3471/2121/1307 3483/2122/1307 3482/2120/1307 
s 1
f 3471/2121/2 3472/2123/2 3484/2124/2 3483/2122/2 
s 4
f 3472/2123/1308 3473/2125/1308 3485/2126/1308 3484/2124/1308 
s 1
f 3473/2125/1309 3474/2127/1310 3486/2128/427 3485/2126/1309 
f 3474/2127/1310 3475/2129/440 3487/2130/1311 3486/2128/427 
f 3475/2129/440 3476/2131/1312 3488/2132/1312 3487/2130/1311 
s 4
f 3476/2133/1313 3477/2134/1313 3489/2135/1313 3488/2136/1313 
s 1
f 3477/2134/36 3478/2137/36 3490/2138/36 3489/2135/36 
s 4
f 3478/2137/1314 3479/2139/1314 3491/2140/1314 3490/2138/1314 
s 1
f 3479/2139/1315 3469/2115/1302 3481/2118/1305 3491/2140/1315 
s 2
f 739/2141/1316 3481/2118/1317 3480/2117/1318 740/2142/1319 
f 740/2142/1319 3480/2117/1318 3482/2120/1320 741/2143/1320 
s 8
f 741/2143/1321 3482/2120/1321 3483/2122/1322 742/2144/1323 
f 742/2144/1323 3483/2122/1322 3484/2124/1324 743/2145/1325 
f 743/2145/1325 3484/2124/1324 3485/2126/1326 732/2146/1326 
s 2
f 732/2146/1327 3485/2126/1327 3486/2128/1328 733/2147/1329 
f 733/2147/1329 3486/2128/1328 3487/2130/1330 734/2148/1331 
f 734/2148/1331 3487/2130/1330 3488/2132/1332 735/2149/1332 
s 8
f 735/2150/1333 3488/2136/1333 3489/2135/1334 736/2151/1335 
f 736/2151/1335 3489/2135/1334 3490/2138/1336 737/2152/1337 
f 737/2152/1337 3490/2138/1336 3491/2140/1338 738/2153/1338 
s 2
f 738/2153/1339 3491/2140/1339 3481/2118/1317 739/2141/1316 
s 1
f 3492/2154/1340 3493/2155/1340 3494/2156/1340 3495/2157/1340 
s 2
f 3496/2158/1341 3497/2159/1341 3493/2155/1341 3492/2154/1341 
s 1
f 3498/2160/1342 3499/2161/1342 3497/2159/1342 3496/2158/1342 
s 2
f 3500/2162/1343 3501/2163/1343 3499/2161/1343 3498/2160/1343 
s 1
f 3502/2164/1344 3503/2165/1344 3501/2166/1344 3500/2167/1344 
s 2
f 3504/2168/1345 3505/2169/1345 3503/2165/1345 3502/2164/1345 
s 1
f 3506/2170/1346 3507/2171/1346 3505/2169/1346 3504/2168/1346 
s 2
f 3495/2172/1347 3494/2173/1347 3507/2171/1347 3506/2170/1347 
s 4
f 3505/2174/11 3507/2174/11 3494/2174/11 3493/2174/11 3497/2174/11 3499/2174/11 3501/2174/11 3503/2174/11 
f 3496/2174/6 3492/2174/20 3495/2174/6 
f 3498/2174/6 3496/2174/6 3495/2174/6 3504/2174/401 3502/2174/6 3500/2174/6 
f 3506/2174/1348 3504/2174/401 3495/2174/6 
s 1
f 3508/982/2 3509/983/2 3510/984/2 3511/985/2 
f 3512/989/35 3513/988/35 3514/990/35 3515/991/35 
f 3516/992/674 3517/993/674 3518/994/674 3519/995/674 
f 3520/998/1 3521/987/1 3522/986/1 3523/999/1 
f 3524/997/35 3525/996/35 3526/1000/35 3527/1001/35 
s 2
f 3520/998/676 3523/999/676 3527/1001/676 3526/1000/676 
s 4
f 3523/1002/1349 3515/1003/1350 3516/1004/1351 
f 3510/1005/1352 3518/1006/1352 3526/1007/1352 
s 2
f 3516/992/1353 3515/1008/1353 3514/1009/1353 3517/993/1353 
f 3509/983/1354 3519/995/1354 3518/994/1354 3510/984/1354 
s 8
f 3518/1006/1355 3517/1010/1356 3520/1011/1357 3526/1007/1355 
s 16
f 3525/1012/1358 3511/1013/1358 3510/1005/1358 3526/1007/1358 
s 8
f 3520/1011/1357 3517/1010/1356 3514/1014/1359 
s 4
f 3513/1015/1360 3521/1016/1360 3520/1011/1360 3514/1014/1360 
s 8
f 3509/1017/1361 3527/1018/1361 3519/1019/1361 
s 16
f 3508/1020/1362 3524/1021/1362 3527/1018/1362 3509/1017/1362 
s 4
f 3519/1019/1363 3527/1018/1363 3523/1002/1349 3516/1004/1351 
s 8
f 3522/1022/1364 3512/1023/1364 3515/1003/1364 3523/1002/1364 
s 1
f 3528/646/112 3529/647/112 3530/648/112 3531/649/112 
s 2
f 3529/647/511 3532/650/511 3533/651/511 3530/648/511 
s 1
f 3532/650/1365 3534/652/1365 3535/653/1365 3533/651/1365 
s 2
f 3534/652/1366 3536/654/1366 3537/655/1366 3535/653/1366 
f 3531/666/1367 3538/667/1367 3539/668/1367 3528/669/1367 
s 1
f 3538/667/1368 3540/670/1368 3541/671/1368 3539/668/1368 
s 2
f 3541/671/507 3540/670/507 3542/672/507 3543/673/507 
s 1
f 3543/673/547 3542/672/547 3537/655/547 3536/654/547 
f 3544/646/112 3545/647/112 3546/648/112 3547/649/112 
s 2
f 3545/647/511 3548/650/511 3549/651/511 3546/648/511 
s 1
f 3548/650/1369 3550/652/1369 3551/653/1369 3549/651/1369 
s 2
f 3550/652/1366 3552/654/1366 3553/655/1366 3551/653/1366 
f 3547/666/1367 3554/667/1367 3555/668/1367 3544/669/1367 
s 1
f 3554/667/1370 3556/670/1370 3557/671/1370 3555/668/1370 
s 2
f 3557/671/507 3556/670/507 3558/672/507 3559/673/507 
s 1
f 3559/673/546 3558/672/546 3553/655/546 3552/654/546 
f 3560/1276/570 3561/1277/60 3562/1278/60 3563/1279/570 
s 2
f 3561/1277/36 3564/1280/1371 3565/1281/1372 3562/1278/36 
f 3564/1280/1371 3566/1282/1373 3567/1283/1373 3565/1281/1372 
s 1
f 3566/1282/63 3568/1284/716 3569/1285/716 3567/1283/63 
f 3568/1284/716 3570/1286/11 3571/1287/11 3569/1285/716 
s 2
f 3570/1286/65 3572/1288/352 3573/1289/352 3571/1287/65 
f 3572/1288/352 3574/1290/67 3575/1291/67 3573/1289/352 
f 3574/1290/67 3576/1292/2 3577/1293/2 3575/1291/67 
s 4
f 3576/1292/1374 3578/1294/1375 3579/1295/1375 3577/1293/1374 
f 3578/1294/1375 3580/1296/722 3581/1297/722 3579/1295/1375 
f 3580/1296/722 3582/1298/20 3583/1299/20 3581/1297/722 
s 1
f 3582/1300/267 3560/1276/570 3563/1279/570 3583/1301/267 
f 3584/1302/570 3585/1303/60 3586/1304/60 3587/1305/570 
s 2
f 3585/1303/35 3588/1306/1376 3589/1307/1376 3586/1304/35 
f 3588/1306/1376 3590/1308/1377 3591/1309/1377 3589/1307/1376 
f 3590/1308/1377 3592/1310/63 3593/1311/63 3591/1309/1377 
s 1
f 3592/1312/11 3594/1313/11 3595/1314/11 3593/1315/11 
s 2
f 3594/1313/65 3596/1316/352 3597/1317/352 3595/1314/65 
f 3596/1316/352 3598/1318/66 3599/1319/66 3597/1317/352 
s 1
f 3598/1318/2 3600/1320/2 3601/1321/2 3599/1319/2 
s 2
f 3600/1320/1378 3602/1322/1379 3603/1323/1379 3601/1321/1378 
f 3602/1322/1379 3604/1324/722 3605/1325/722 3603/1323/1379 
f 3604/1324/722 3606/1326/20 3607/1327/20 3605/1325/722 
s 1
f 3606/1326/267 3584/1302/570 3587/1305/570 3607/1327/267 
s 4
f 3604/1328/265 3602/1329/265 3600/1330/265 3598/1331/265 3596/1332/265 3594/1333/265 3592/1334/265 3590/1335/265 3588/1336/265 3585/1337/265 3584/1338/265 3606/1339/265 
f 3586/1340/73 3589/1341/73 3591/1342/73 3593/1343/73 3595/1344/73 3597/1345/73 3599/1346/73 3601/1347/73 3603/1348/73 3605/1349/73 3607/1350/73 3587/1351/73 
s 1
f 3608/1352/570 3609/1353/60 3610/1354/60 3611/1355/570 
s 2
f 3609/1353/35 3612/1356/1376 3613/1357/1376 3610/1354/35 
f 3612/1356/1376 3614/1358/1377 3615/1359/1377 3613/1357/1376 
f 3614/1358/1377 3616/1360/63 3617/1361/63 3615/1359/1377 
s 1
f 3616/1362/11 3618/1363/64 3619/1364/64 3617/1365/11 
f 3618/1363/64 3620/1366/352 3621/1367/352 3619/1364/64 
f 3620/1366/352 3622/1368/66 3623/1369/66 3621/1367/352 
s 2
f 3622/1368/2 3624/1370/2 3625/1371/2 3623/1369/2 
s 1
f 3624/1370/1380 3626/1372/1380 3627/1373/1380 3625/1371/1380 
s 2
f 3626/1372/70 3628/1374/722 3629/1375/722 3627/1373/70 
f 3628/1374/722 3630/1376/20 3631/1377/20 3629/1375/722 
s 1
f 3630/1376/267 3608/1352/570 3611/1355/570 3631/1377/267 
s 4
f 3628/1378/265 3626/1379/265 3624/1380/265 3622/1381/265 3620/1382/265 3618/1383/265 3616/1384/265 3614/1385/265 3612/1386/265 3609/1387/265 3608/1388/265 3630/1389/265 
f 3610/1390/73 3613/1391/73 3615/1392/73 3617/1393/73 3619/1394/73 3621/1395/73 3623/1396/73 3625/1397/73 3627/1398/73 3629/1399/73 3631/1400/73 3611/1401/73 
s 1
f 3632/1402/570 3633/1403/60 3634/1404/60 3635/1405/570 
s 2
f 3633/1406/35 3636/1407/795 3637/1408/795 3634/1409/35 
f 3636/1407/795 3638/1410/796 3639/1411/796 3637/1408/795 
s 1
f 3638/1410/63 3640/1412/716 3641/1413/716 3639/1411/63 
f 3640/1412/716 3642/1414/11 3643/1415/11 3641/1413/716 
s 2
f 3642/1414/65 3644/1416/352 3645/1417/352 3643/1415/65 
f 3644/1416/352 3646/1418/67 3647/1419/67 3645/1417/352 
f 3646/1418/67 3648/1420/2 3649/1421/2 3647/1419/67 
s 1
f 3648/1420/1381 3650/1422/1381 3651/1423/1381 3649/1421/1381 
s 2
f 3650/1422/70 3652/1424/722 3653/1425/722 3651/1423/70 
f 3652/1424/722 3654/1426/20 3655/1427/20 3653/1425/722 
s 1
f 3654/1426/267 3632/1402/570 3635/1405/570 3655/1427/267 
s 4
f 3634/1428/73 3637/1429/73 3639/1430/73 3641/1431/73 3643/1432/73 3645/1433/73 3647/1434/73 3649/1435/73 3651/1436/73 3653/1437/73 3655/1438/73 3635/1439/73 
s 1
f 3656/1440/570 3657/1441/60 3658/1442/60 3659/1443/570 
s 2
f 3657/1444/35 3660/1445/1382 3661/1446/1382 3658/1447/35 
f 3660/1445/1382 3662/1448/1383 3663/1449/1383 3661/1446/1382 
s 1
f 3662/1448/63 3664/1450/1384 3665/1451/1384 3663/1449/63 
f 3664/1450/1384 3666/1452/27 3667/1453/27 3665/1451/1384 
s 2
f 3666/1452/1385 3668/1454/1385 3669/1455/1385 3667/1453/1385 
s 1
f 3668/1454/66 3670/1456/67 3671/1457/67 3669/1455/66 
f 3670/1456/67 3672/1458/2 3673/1459/2 3671/1457/67 
s 2
f 3672/1458/1378 3674/1460/1386 3675/1461/1386 3673/1459/1378 
f 3674/1460/1386 3676/1462/722 3677/1463/722 3675/1461/1386 
f 3676/1462/722 3678/1464/20 3679/1465/20 3677/1463/722 
s 1
f 3678/1464/267 3656/1440/570 3659/1443/570 3679/1465/267 
f 3680/1466/570 3681/1467/60 3682/1468/60 3683/1469/570 
s 2
f 3681/1467/35 3684/1470/1387 3685/1471/1387 3682/1468/35 
f 3684/1470/1387 3686/1472/1388 3687/1473/1388 3685/1471/1387 
s 1
f 3686/1472/63 3688/1474/716 3689/1475/716 3687/1473/63 
f 3688/1474/716 3690/1476/11 3691/1477/11 3689/1475/716 
s 2
f 3690/1476/65 3692/1478/352 3693/1479/352 3691/1477/65 
f 3692/1478/352 3694/1480/67 3695/1481/67 3693/1479/352 
f 3694/1480/67 3696/1482/2 3697/1483/2 3695/1481/67 
s 4
f 3696/1482/1389 3698/1484/1390 3699/1485/1390 3697/1483/1389 
f 3698/1484/1390 3700/1486/722 3701/1487/722 3699/1485/1390 
f 3700/1486/722 3702/1488/20 3703/1489/20 3701/1487/722 
s 1
f 3702/1490/267 3680/1466/570 3683/1469/570 3703/1491/267 
f 3704/1492/570 3705/1493/60 3706/1494/60 3707/1495/570 
s 2
f 3705/1496/35 3708/1497/35 3709/1498/35 3706/1499/35 
s 1
f 3708/1497/804 3710/1500/805 3711/1501/805 3709/1498/804 
f 3710/1500/805 3712/1502/716 3713/1503/716 3711/1501/805 
f 3712/1502/716 3714/1504/11 3715/1505/11 3713/1503/716 
s 2
f 3714/1504/65 3716/1506/352 3717/1507/352 3715/1505/65 
f 3716/1506/352 3718/1508/66 3719/1509/66 3717/1507/352 
s 1
f 3718/1508/2 3720/1510/806 3721/1511/806 3719/1509/2 
f 3720/1510/806 3722/1512/807 3723/1513/807 3721/1511/806 
s 2
f 3722/1512/70 3724/1514/722 3725/1515/722 3723/1513/70 
f 3724/1514/722 3726/1516/20 3727/1517/20 3725/1515/722 
s 1
f 3726/1516/267 3704/1492/570 3707/1495/570 3727/1517/267 
s 4
f 3724/1518/265 3722/1519/265 3720/1520/265 3718/1521/265 3716/1522/265 3714/1523/265 3712/1524/265 3710/1525/265 3708/1526/265 3705/1527/265 3704/1528/265 3726/1529/265 
f 3706/1530/73 3709/1531/73 3711/1532/73 3713/1533/73 3715/1534/73 3717/1535/73 3719/1536/73 3721/1537/73 3723/1538/73 3725/1539/73 3727/1540/73 3707/1541/73 
f 3654/1618/265 3652/1619/265 3650/1620/265 3648/1621/265 3646/1622/265 3644/1623/265 3642/1624/265 3640/1625/265 3638/1626/265 3636/1627/265 3633/1628/265 3632/1629/265 
f 3661/1630/73 3663/1631/73 3665/1632/73 3667/1633/73 3669/1634/73 3671/1635/73 3673/1636/73 3675/1637/73 3677/1638/73 3679/1639/73 3659/1640/73 3658/1641/73 
s 1
f 3728/1642/1391 3729/1643/1391 3730/1644/1391 3731/1645/1391 
s 2
f 3732/1646/847 3729/1647/847 3728/1648/847 3733/1649/847 
f 3730/1644/1392 3734/1650/1392 3735/1651/1392 3731/1645/1392 
s 1
f 3735/1652/1393 3734/1653/1393 3732/1646/1393 3733/1649/1393 
f 3736/1654/399 3737/1655/399 3738/1656/399 3739/1657/399 
s 2
f 3740/1658/1394 3741/1659/1394 3738/1660/1394 3737/1661/1394 3742/1662/1394 3743/1663/1394 
s 4
f 3744/1664/1395 3741/1665/1396 3740/1666/570 3745/1667/570 
f 3742/1668/1397 3746/1669/1398 3747/1670/352 3743/1671/352 
s 2
f 3747/1672/856 3746/1673/856 3736/1674/856 3739/1675/856 3744/1676/856 3745/1677/856 
s 4
f 3738/1656/1399 3741/1665/1396 3744/1664/1395 3739/1657/1399 
f 3736/1654/1400 3746/1669/1398 3742/1668/1397 3737/1655/1400 
s 1
f 3748/1654/646 3749/1655/646 3750/1656/646 3751/1657/646 
s 2
f 3752/1658/1101 3753/1659/1101 3750/1660/1101 3749/1661/1101 3754/1662/1101 3755/1663/1101 
s 4
f 3756/1664/1401 3753/1665/1402 3752/1666/1096 3757/1667/1096 
f 3754/1668/1403 3758/1669/1404 3759/1670/822 3755/1671/822 
s 2
f 3759/1672/119 3758/1673/119 3748/1674/119 3751/1675/119 3756/1676/119 3757/1677/119 
s 4
f 3750/1656/1405 3753/1665/1402 3756/1664/1401 3751/1657/1405 
f 3748/1654/1406 3758/1669/1404 3754/1668/1403 3749/1655/1406 
s 1
f 3760/1642/1407 3761/1643/1407 3762/1644/1407 3763/1645/1407 
s 2
f 3764/1646/1408 3761/1647/1408 3760/1648/1408 3765/1649/1408 
f 3762/1644/1409 3766/1650/1409 3767/1651/1409 3763/1645/1409 
s 1
f 3767/1652/1410 3766/1653/1410 3764/1646/1410 3765/1649/1410 
f 3768/1642/872 3769/1643/872 3770/1644/872 3771/1645/872 
s 2
f 3772/1646/1411 3769/1647/1411 3768/1648/1411 3773/1649/1411 
f 3770/1644/1412 3774/1650/1412 3775/1651/1412 3771/1645/1412 
s 1
f 3775/1652/1413 3774/1653/1413 3772/1646/1413 3773/1649/1413 
f 3776/1642/1414 3777/1643/1414 3778/1644/1414 3779/1645/1414 
s 2
f 3780/1646/1415 3777/1647/1415 3776/1648/1415 3781/1649/1415 
f 3778/1644/1416 3782/1650/1416 3783/1651/1416 3779/1645/1416 
s 1
f 3783/1652/1417 3782/1653/1417 3780/1646/1417 3781/1649/1417 
f 3784/1642/880 3785/1643/880 3786/1644/880 3787/1645/880 
s 2
f 3788/1646/881 3785/1647/881 3784/1648/881 3789/1649/881 
f 3786/1644/1418 3790/1650/1418 3791/1651/1418 3787/1645/1418 
s 1
f 3791/1652/1419 3790/1653/1419 3788/1646/1419 3789/1649/1419 
f 3792/1642/1420 3793/1643/1420 3794/1644/1420 3795/1645/1420 
s 2
f 3796/1646/1421 3793/1647/1421 3792/1648/1421 3797/1649/1421 
f 3794/1644/1422 3798/1650/1422 3799/1651/1422 3795/1645/1422 
s 1
f 3799/1652/1423 3798/1653/1423 3796/1646/1423 3797/1649/1423 
f 3800/1402/570 3801/1403/60 3802/1404/60 3803/1405/570 
s 2
f 3801/1406/35 3804/1407/795 3805/1408/795 3802/1409/35 
f 3804/1407/795 3806/1410/796 3807/1411/796 3805/1408/795 
s 1
f 3806/1410/63 3808/1412/716 3809/1413/716 3807/1411/63 
f 3808/1412/716 3810/1414/11 3811/1415/11 3809/1413/716 
s 2
f 3810/1414/65 3812/1416/352 3813/1417/352 3811/1415/65 
f 3812/1416/352 3814/1418/67 3815/1419/67 3813/1417/352 
f 3814/1418/67 3816/1420/2 3817/1421/2 3815/1419/67 
s 1
f 3816/1420/1424 3818/1422/1424 3819/1423/1424 3817/1421/1424 
s 2
f 3818/1422/70 3820/1424/722 3821/1425/722 3819/1423/70 
f 3820/1424/722 3822/1426/20 3823/1427/20 3821/1425/722 
s 1
f 3822/1426/267 3800/1402/570 3803/1405/570 3823/1427/267 
s 4
f 3802/1428/73 3805/1429/73 3807/1430/73 3809/1431/73 3811/1432/73 3813/1433/73 3815/1434/73 3817/1435/73 3819/1436/73 3821/1437/73 3823/1438/73 3803/1439/73 
s 1
f 3824/1440/570 3825/1441/60 3826/1442/60 3827/1443/570 
s 2
f 3825/1444/35 3828/1445/1425 3829/1446/1425 3826/1447/35 
f 3828/1445/1425 3830/1448/888 3831/1449/888 3829/1446/1425 
s 1
f 3830/1448/63 3832/1450/716 3833/1451/716 3831/1449/63 
f 3832/1450/716 3834/1452/11 3835/1453/11 3833/1451/716 
s 2
f 3834/1452/65 3836/1454/65 3837/1455/65 3835/1453/65 
s 1
f 3836/1454/66 3838/1456/67 3839/1457/67 3837/1455/66 
f 3838/1456/67 3840/1458/2 3841/1459/2 3839/1457/67 
s 2
f 3840/1458/799 3842/1460/296 3843/1461/296 3841/1459/799 
f 3842/1460/296 3844/1462/722 3845/1463/722 3843/1461/296 
f 3844/1462/722 3846/1464/20 3847/1465/20 3845/1463/722 
s 1
f 3846/1464/267 3824/1440/570 3827/1443/570 3847/1465/267 
f 3848/1466/570 3849/1467/60 3850/1468/60 3851/1469/570 
s 2
f 3849/1467/35 3852/1470/800 3853/1471/800 3850/1468/35 
f 3852/1470/800 3854/1472/801 3855/1473/801 3853/1471/800 
s 1
f 3854/1472/63 3856/1474/716 3857/1475/716 3855/1473/63 
f 3856/1474/716 3858/1476/11 3859/1477/11 3857/1475/716 
s 2
f 3858/1476/65 3860/1478/352 3861/1479/352 3859/1477/65 
f 3860/1478/352 3862/1480/67 3863/1481/67 3861/1479/352 
f 3862/1480/67 3864/1482/2 3865/1483/2 3863/1481/67 
s 4
f 3864/1482/797 3866/1484/69 3867/1485/69 3865/1483/797 
f 3866/1484/69 3868/1486/722 3869/1487/722 3867/1485/69 
f 3868/1486/722 3870/1488/20 3871/1489/20 3869/1487/722 
s 1
f 3870/1490/267 3848/1466/570 3851/1469/570 3871/1491/267 
f 3872/1492/570 3873/1493/60 3874/1494/60 3875/1495/570 
s 2
f 3873/1496/35 3876/1497/35 3877/1498/35 3874/1499/35 
s 1
f 3876/1497/888 3878/1500/62 3879/1501/62 3877/1498/888 
f 3878/1500/62 3880/1502/716 3881/1503/716 3879/1501/62 
f 3880/1502/716 3882/1504/11 3883/1505/11 3881/1503/716 
s 2
f 3882/1504/65 3884/1506/352 3885/1507/352 3883/1505/65 
f 3884/1506/352 3886/1508/66 3887/1509/66 3885/1507/352 
s 1
f 3886/1508/2 3888/1510/1426 3889/1511/1426 3887/1509/2 
f 3888/1510/1426 3890/1512/1427 3891/1513/1427 3889/1511/1426 
s 2
f 3890/1512/70 3892/1514/722 3893/1515/722 3891/1513/70 
f 3892/1514/722 3894/1516/20 3895/1517/20 3893/1515/722 
s 1
f 3894/1516/267 3872/1492/570 3875/1495/570 3895/1517/267 
s 4
f 3892/1518/265 3890/1519/265 3888/1520/265 3886/1521/265 3884/1522/265 3882/1523/265 3880/1524/265 3878/1525/265 3876/1526/265 3873/1527/265 3872/1528/265 3894/1529/265 
f 3874/1530/73 3877/1531/73 3879/1532/73 3881/1533/73 3883/1534/73 3885/1535/73 3887/1536/73 3889/1537/73 3891/1538/73 3893/1539/73 3895/1540/73 3875/1541/73 
f 3822/1618/265 3820/1619/265 3818/1620/265 3816/1621/265 3814/1622/265 3812/1623/265 3810/1624/265 3808/1625/265 3806/1626/265 3804/1627/265 3801/1628/265 3800/1629/265 
f 3829/1630/73 3831/1631/73 3833/1632/73 3835/1633/73 3837/1634/73 3839/1635/73 3841/1636/73 3843/1637/73 3845/1638/73 3847/1639/73 3827/1640/73 3826/1641/73 
s 1
f 3896/1642/1428 3897/1643/1428 3898/1644/1428 3899/1645/1428 
s 2
f 3900/1646/1429 3897/1647/1429 3896/1648/1429 3901/1649/1429 
f 3898/1644/1430 3902/1650/1430 3903/1651/1430 3899/1645/1430 
s 1
f 3903/1652/1393 3902/1653/1393 3900/1646/1393 3901/1649/1393 
f 3904/1654/399 3905/1655/399 3906/1656/399 3907/1657/399 
s 2
f 3908/1658/823 3909/1659/823 3906/1660/823 3905/1661/823 3910/1662/823 3911/1663/823 
s 4
f 3912/1664/851 3909/1665/852 3908/1666/570 3913/1667/570 
f 3910/1668/1431 3914/1669/1432 3915/1670/352 3911/1671/352 
s 2
f 3915/1672/856 3914/1673/856 3904/1674/856 3907/1675/856 3912/1676/856 3913/1677/856 
s 4
f 3906/1656/1433 3909/1665/852 3912/1664/851 3907/1657/1433 
f 3904/1654/1434 3914/1669/1432 3910/1668/1431 3905/1655/1434 
s 1
f 3916/1654/675 3917/1655/675 3918/1656/675 3919/1657/675 
s 2
f 3920/1658/111 3921/1659/111 3918/1660/111 3917/1661/111 3922/1662/111 3923/1663/111 
s 4
f 3924/1664/1435 3921/1665/1436 3920/1666/1096 3925/1667/1096 
f 3922/1668/1437 3926/1669/1438 3927/1670/1439 3923/1671/1439 
s 2
f 3927/1672/865 3926/1673/865 3916/1674/865 3919/1675/865 3924/1676/865 3925/1677/865 
s 4
f 3918/1656/1440 3921/1665/1436 3924/1664/1435 3919/1657/1440 
f 3916/1654/867 3926/1669/1438 3922/1668/1437 3917/1655/867 
s 1
f 3928/1642/868 3929/1643/868 3930/1644/868 3931/1645/868 
s 2
f 3932/1646/869 3929/1647/869 3928/1648/869 3933/1649/869 
f 3930/1644/870 3934/1650/870 3935/1651/870 3931/1645/870 
s 1
f 3935/1652/871 3934/1653/871 3932/1646/871 3933/1649/871 
f 3936/1642/1441 3937/1643/1441 3938/1644/1441 3939/1645/1441 
s 2
f 3940/1646/873 3937/1647/873 3936/1648/873 3941/1649/873 
f 3938/1644/1442 3942/1650/1442 3943/1651/1442 3939/1645/1442 
s 1
f 3943/1652/875 3942/1653/875 3940/1646/875 3941/1649/875 
f 3944/1642/876 3945/1643/876 3946/1644/876 3947/1645/876 
s 2
f 3948/1646/1443 3945/1647/1443 3944/1648/1443 3949/1649/1443 
f 3946/1644/1444 3950/1650/1444 3951/1651/1444 3947/1645/1444 
s 1
f 3951/1652/1445 3950/1653/1445 3948/1646/1445 3949/1649/1445 
f 3952/1642/1446 3953/1643/1446 3954/1644/1446 3955/1645/1446 
s 2
f 3956/1646/1447 3953/1647/1447 3952/1648/1447 3957/1649/1447 
f 3954/1644/882 3958/1650/882 3959/1651/882 3955/1645/882 
s 1
f 3959/1652/1448 3958/1653/1448 3956/1646/1448 3957/1649/1448 
f 3960/1642/884 3961/1643/884 3962/1644/884 3963/1645/884 
s 2
f 3964/1646/885 3961/1647/885 3960/1648/885 3965/1649/885 
f 3962/1644/1449 3966/1650/1449 3967/1651/1449 3963/1645/1449 
s 1
f 3967/1652/1450 3966/1653/1450 3964/1646/1450 3965/1649/1450 
f 3968/1402/570 3969/1403/60 3970/1404/60 3971/1405/570 
s 2
f 3969/1406/35 3972/1407/1376 3973/1408/1376 3970/1409/35 
f 3972/1407/1376 3974/1410/1451 3975/1411/1451 3973/1408/1376 
s 1
f 3974/1410/63 3976/1412/716 3977/1413/716 3975/1411/63 
f 3976/1412/716 3978/1414/11 3979/1415/11 3977/1413/716 
s 2
f 3978/1414/65 3980/1416/352 3981/1417/352 3979/1415/65 
f 3980/1416/352 3982/1418/67 3983/1419/67 3981/1417/352 
f 3982/1418/67 3984/1420/2 3985/1421/2 3983/1419/67 
s 1
f 3984/1420/1424 3986/1422/1424 3987/1423/1424 3985/1421/1424 
s 2
f 3986/1422/70 3988/1424/722 3989/1425/722 3987/1423/70 
f 3988/1424/722 3990/1426/20 3991/1427/20 3989/1425/722 
s 1
f 3990/1426/267 3968/1402/570 3971/1405/570 3991/1427/267 
s 4
f 3970/1428/73 3973/1429/73 3975/1430/73 3977/1431/73 3979/1432/73 3981/1433/73 3983/1434/73 3985/1435/73 3987/1436/73 3989/1437/73 3991/1438/73 3971/1439/73 
s 1
f 3992/1440/570 3993/1441/60 3994/1442/60 3995/1443/570 
s 2
f 3993/1444/35 3996/1445/1425 3997/1446/1425 3994/1447/35 
f 3996/1445/1425 3998/1448/888 3999/1449/888 3997/1446/1425 
s 1
f 3998/1448/63 4000/1450/716 4001/1451/716 3999/1449/63 
f 4000/1450/716 4002/1452/11 4003/1453/11 4001/1451/716 
s 2
f 4002/1452/65 4004/1454/65 4005/1455/65 4003/1453/65 
s 1
f 4004/1454/66 4006/1456/67 4007/1457/67 4005/1455/66 
f 4006/1456/67 4008/1458/2 4009/1459/2 4007/1457/67 
s 2
f 4008/1458/1452 4010/1460/1453 4011/1461/1453 4009/1459/1452 
f 4010/1460/1453 4012/1462/722 4013/1463/722 4011/1461/1453 
f 4012/1462/722 4014/1464/20 4015/1465/20 4013/1463/722 
s 1
f 4014/1464/267 3992/1440/570 3995/1443/570 4015/1465/267 
f 4016/1466/570 4017/1467/60 4018/1468/60 4019/1469/570 
s 2
f 4017/1467/35 4020/1470/1454 4021/1471/1454 4018/1468/35 
f 4020/1470/1454 4022/1472/801 4023/1473/801 4021/1471/1454 
s 1
f 4022/1472/63 4024/1474/716 4025/1475/716 4023/1473/63 
f 4024/1474/716 4026/1476/11 4027/1477/11 4025/1475/716 
s 2
f 4026/1476/65 4028/1478/352 4029/1479/352 4027/1477/65 
f 4028/1478/352 4030/1480/67 4031/1481/67 4029/1479/352 
f 4030/1480/67 4032/1482/2 4033/1483/2 4031/1481/67 
s 4
f 4032/1482/802 4034/1484/803 4035/1485/803 4033/1483/802 
f 4034/1484/803 4036/1486/722 4037/1487/722 4035/1485/803 
f 4036/1486/722 4038/1488/20 4039/1489/20 4037/1487/722 
s 1
f 4038/1490/267 4016/1466/570 4019/1469/570 4039/1491/267 
f 4040/1492/570 4041/1493/60 4042/1494/60 4043/1495/570 
s 2
f 4041/1496/35 4044/1497/35 4045/1498/35 4042/1499/35 
s 1
f 4044/1497/1455 4046/1500/1456 4047/1501/1456 4045/1498/1455 
f 4046/1500/1456 4048/1502/716 4049/1503/716 4047/1501/1456 
f 4048/1502/716 4050/1504/11 4051/1505/11 4049/1503/716 
s 2
f 4050/1504/65 4052/1506/352 4053/1507/352 4051/1505/65 
f 4052/1506/352 4054/1508/66 4055/1509/66 4053/1507/352 
s 1
f 4054/1508/2 4056/1510/806 4057/1511/806 4055/1509/2 
f 4056/1510/806 4058/1512/807 4059/1513/807 4057/1511/806 
s 2
f 4058/1512/70 4060/1514/722 4061/1515/722 4059/1513/70 
f 4060/1514/722 4062/1516/20 4063/1517/20 4061/1515/722 
s 1
f 4062/1516/267 4040/1492/570 4043/1495/570 4063/1517/267 
s 4
f 4060/1518/265 4058/1519/265 4056/1520/265 4054/1521/265 4052/1522/265 4050/1523/265 4048/1524/265 4046/1525/265 4044/1526/265 4041/1527/265 4040/1528/265 4062/1529/265 
f 4042/1530/73 4045/1531/73 4047/1532/73 4049/1533/73 4051/1534/73 4053/1535/73 4055/1536/73 4057/1537/73 4059/1538/73 4061/1539/73 4063/1540/73 4043/1541/73 
f 3990/1618/265 3988/1619/265 3986/1620/265 3984/1621/265 3982/1622/265 3980/1623/265 3978/1624/265 3976/1625/265 3974/1626/265 3972/1627/265 3969/1628/265 3968/1629/265 
f 3997/1630/73 3999/1631/73 4001/1632/73 4003/1633/73 4005/1634/73 4007/1635/73 4009/1636/73 4011/1637/73 4013/1638/73 4015/1639/73 3995/1640/73 3994/1641/73 
s 1
f 4064/1642/846 4065/1643/846 4066/1644/846 4067/1645/846 
s 2
f 4068/1646/1429 4065/1647/1429 4064/1648/1429 4069/1649/1429 
f 4066/1644/1392 4070/1650/1392 4071/1651/1392 4067/1645/1392 
s 1
f 4071/1652/1393 4070/1653/1393 4068/1646/1393 4069/1649/1393 
f 4072/1654/399 4073/1655/399 4074/1656/399 4075/1657/399 
s 2
f 4076/1658/823 4077/1659/823 4074/1660/823 4073/1661/823 4078/1662/823 4079/1663/823 
s 4
f 4080/1664/851 4077/1665/852 4076/1666/570 4081/1667/570 
f 4078/1668/1431 4082/1669/1457 4083/1670/352 4079/1671/352 
s 2
f 4083/1672/861 4082/1673/861 4072/1674/861 4075/1675/861 4080/1676/861 4081/1677/861 
s 4
f 4074/1656/1433 4077/1665/852 4080/1664/851 4075/1657/1433 
f 4072/1654/1458 4082/1669/1457 4078/1668/1431 4073/1655/1458 
s 1
f 4084/1654/675 4085/1655/675 4086/1656/675 4087/1657/675 
s 2
f 4088/1658/111 4089/1659/111 4086/1660/111 4085/1661/111 4090/1662/111 4091/1663/111 
s 4
f 4092/1664/1435 4089/1665/1436 4088/1666/1096 4093/1667/1096 
f 4090/1668/1459 4094/1669/1460 4095/1670/864 4091/1671/864 
s 2
f 4095/1672/573 4094/1673/573 4084/1674/573 4087/1675/573 4092/1676/573 4093/1677/573 
s 4
f 4086/1656/1440 4089/1665/1436 4092/1664/1435 4087/1657/1440 
f 4084/1654/1461 4094/1669/1460 4090/1668/1459 4085/1655/1461 
s 1
f 4096/1642/1462 4097/1643/1462 4098/1644/1462 4099/1645/1462 
s 2
f 4100/1646/1463 4097/1647/1463 4096/1648/1463 4101/1649/1463 
f 4098/1644/1464 4102/1650/1464 4103/1651/1464 4099/1645/1464 
s 1
f 4103/1652/1465 4102/1653/1465 4100/1646/1465 4101/1649/1465 
f 4104/1642/1466 4105/1643/1466 4106/1644/1466 4107/1645/1466 
s 2
f 4108/1646/1467 4105/1647/1467 4104/1648/1467 4109/1649/1467 
f 4106/1644/1468 4110/1650/1468 4111/1651/1468 4107/1645/1468 
s 1
f 4111/1652/875 4110/1653/875 4108/1646/875 4109/1649/875 
f 4112/1642/1414 4113/1643/1414 4114/1644/1414 4115/1645/1414 
s 2
f 4116/1646/1469 4113/1647/1469 4112/1648/1469 4117/1649/1469 
f 4114/1644/1470 4118/1650/1470 4119/1651/1470 4115/1645/1470 
s 1
f 4119/1652/1417 4118/1653/1417 4116/1646/1417 4117/1649/1417 
f 4120/1642/880 4121/1643/880 4122/1644/880 4123/1645/880 
s 2
f 4124/1646/881 4121/1647/881 4120/1648/881 4125/1649/881 
f 4122/1644/1471 4126/1650/1471 4127/1651/1471 4123/1645/1471 
s 1
f 4127/1652/1472 4126/1653/1472 4124/1646/1472 4125/1649/1472 
f 4128/1642/1473 4129/1643/1473 4130/1644/1473 4131/1645/1473 
s 2
f 4132/1646/885 4129/1647/885 4128/1648/885 4133/1649/885 
f 4130/1644/1449 4134/1650/1449 4135/1651/1449 4131/1645/1449 
s 1
f 4135/1652/1450 4134/1653/1450 4132/1646/1450 4133/1649/1450 
# 2557 polygons - 142 triangles

